frame_id,track_id,x1,y1,x2,y2,confidence,timestamp
539,1,542.16,228.13,718.15,401.21,0.8487,8.992
540,1,541.05,227.63,717.56,401.2,0.8563,9.009
541,1,539.49,227.19,716.29,401.04,0.7169,9.026
542,1,538.01,226.68,715.35,400.98,0.771,9.042
543,1,536.55,225.01,715.74,401.08,0.5906,9.059
544,1,533.54,221.37,716.97,401.63,0.3718,9.076
547,1,530.11,218.77,716.31,401.3,0.6298,9.126
552,1,519.96,210.3,714.65,400.38,0.413,9.209
553,1,518.11,210.81,713.81,400.62,0.8995,9.226
554,1,517.06,211.6,713.3,400.65,0.8801,9.243
555,1,515.06,211.04,713.01,400.64,0.7603,9.259
556,1,511.46,208.68,712.77,400.73,0.9181,9.276
557,1,507.64,207.68,710.39,400.68,0.9035,9.293
558,1,503.16,205.0,708.64,400.53,0.8828,9.309
559,1,499.29,203.63,706.07,400.32,0.8233,9.326
560,1,495.19,201.51,703.95,400.33,0.8381,9.343
561,1,491.57,199.57,702.07,400.32,0.8907,9.359
562,1,488.71,198.53,700.04,400.37,0.8928,9.376
563,1,485.95,197.0,698.5,400.5,0.8833,9.393
564,1,483.63,195.58,696.89,400.43,0.877,9.409
565,1,481.05,193.59,695.19,400.32,0.8339,9.426
566,1,479.49,191.82,694.23,400.33,0.8719,9.443
567,1,478.3,190.93,692.92,400.53,0.901,9.459
568,1,477.19,190.91,690.29,400.26,0.8675,9.476
569,1,475.96,189.47,689.05,400.21,0.8147,9.493
570,1,474.78,188.43,687.78,400.45,0.8835,9.51
571,1,473.96,187.56,686.62,400.61,0.9084,9.526
572,1,473.05,186.81,685.2,400.75,0.9081,9.543
573,1,472.27,185.8,683.86,400.71,0.8865,9.56
574,1,471.73,184.97,682.78,400.8,0.8891,9.576
575,1,471.27,184.87,680.97,400.83,0.9085,9.593
576,1,470.85,184.45,679.47,400.82,0.9021,9.61
577,1,470.31,183.03,678.59,400.75,0.8836,9.626
578,1,469.69,181.97,677.1,400.48,0.8729,9.643
579,1,468.87,181.08,675.28,400.38,0.8765,9.66
580,1,468.47,180.58,673.6,400.33,0.8838,9.676
581,1,467.59,179.17,672.32,400.38,0.8816,9.693
582,1,467.01,178.18,670.83,400.33,0.8722,9.71
583,1,466.78,177.88,669.27,400.4,0.8597,9.726
584,1,466.61,177.5,667.78,400.38,0.8818,9.743
585,1,466.44,177.05,666.34,400.44,0.8904,9.76
586,1,466.5,176.55,665.29,400.5,0.8895,9.776
587,1,466.54,176.07,664.25,400.49,0.8819,9.793
588,1,466.49,175.31,663.36,400.47,0.8595,9.81
589,1,466.58,175.42,661.93,400.42,0.8729,9.826
590,1,466.71,175.14,660.85,400.31,0.8598,9.843
591,1,466.74,174.9,659.74,400.28,0.8795,9.86
592,1,467.05,175.12,658.57,400.18,0.8784,9.877
593,1,467.17,175.03,657.42,399.96,0.8511,9.893
594,1,466.8,174.6,656.13,399.89,0.862,9.91
595,1,466.65,173.94,655.29,399.84,0.8487,9.927
596,1,466.84,173.32,654.86,399.88,0.8624,9.943
597,1,466.26,172.5,653.64,399.94,0.8655,9.96
598,1,466.07,171.7,652.78,399.99,0.8559,9.977
599,1,465.73,170.06,652.44,400.18,0.8582,9.993
600,1,465.73,168.63,652.14,400.24,0.8841,10.01
601,1,465.62,167.46,651.38,400.26,0.8901,10.027
602,1,465.82,167.25,650.21,400.27,0.8912,10.043
603,1,466.2,166.78,649.44,400.28,0.885,10.06
604,1,466.22,165.33,648.91,400.22,0.8895,10.077
605,1,466.36,164.44,648.03,400.0,0.8885,10.093
606,1,465.78,161.82,647.66,399.92,0.895,10.11
607,1,466.07,161.42,646.65,399.94,0.8954,10.127
608,1,466.21,160.64,645.64,399.86,0.8995,10.143
609,1,466.77,160.47,644.72,399.91,0.8917,10.16
610,1,467.05,159.83,643.81,399.91,0.8702,10.177
611,1,467.78,159.85,642.85,399.89,0.8574,10.194
612,1,467.83,158.03,642.44,399.93,0.883,10.21
613,1,468.13,156.26,642.16,400.08,0.8845,10.227
614,1,469.06,155.55,641.72,400.16,0.8806,10.244
615,1,469.66,155.1,640.56,399.8,0.8566,10.26
616,1,470.13,153.96,639.84,399.71,0.8678,10.277
617,1,470.51,151.41,639.79,399.67,0.8451,10.294
618,1,471.3,150.51,639.23,399.91,0.8699,10.31
619,1,471.95,149.67,638.6,400.32,0.875,10.327
620,1,472.57,148.76,637.83,400.56,0.8644,10.344
621,1,477.32,164.56,631.87,401.04,0.7358,10.36
622,1,474.29,152.21,634.54,400.95,0.8274,10.377
623,1,473.83,146.92,635.15,401.01,0.8338,10.394
624,1,474.3,144.67,634.69,400.9,0.886,10.41
625,1,474.89,143.62,633.69,400.93,0.8893,10.427
626,1,475.54,142.97,632.58,401.11,0.8918,10.444
627,1,476.01,142.29,631.34,401.17,0.8946,10.46
628,1,476.08,141.71,629.64,401.07,0.891,10.477
629,1,476.49,141.23,628.2,400.66,0.8745,10.494
630,1,476.51,140.73,626.71,400.55,0.875,10.511
631,1,476.57,139.97,625.5,400.34,0.8771,10.527
632,1,476.48,139.7,624.17,400.49,0.8816,10.544
633,1,476.86,139.63,623.24,400.6,0.875,10.561
634,1,477.25,138.37,622.74,400.39,0.8731,10.577
635,1,477.83,137.7,622.32,400.53,0.8773,10.594
636,1,478.16,137.49,621.51,400.67,0.8795,10.611
637,1,478.39,137.55,620.56,400.87,0.8816,10.627
638,1,478.37,136.96,619.7,401.03,0.888,10.644
639,1,478.1,136.75,618.54,401.23,0.8865,10.661
640,1,477.42,136.59,617.17,401.55,0.8858,10.677
641,1,476.79,136.39,615.79,401.58,0.8855,10.694
642,1,476.2,135.75,614.75,401.63,0.892,10.711
643,1,475.39,135.18,613.55,401.67,0.8969,10.727
644,1,474.94,134.98,612.57,401.66,0.9007,10.744
645,1,474.1,134.14,611.51,401.5,0.903,10.761
646,1,473.35,133.71,610.49,401.44,0.9033,10.777
647,1,472.34,133.96,609.07,401.36,0.9048,10.794
648,1,471.61,134.72,607.78,401.21,0.8979,10.811
649,1,470.45,133.67,606.92,401.11,0.8918,10.827
650,1,469.24,133.01,605.92,401.13,0.8938,10.844
651,1,468.21,132.52,605.06,401.05,0.8924,10.861
652,1,467.39,132.8,604.19,401.18,0.8963,10.878
653,1,465.93,131.94,603.22,401.27,0.8982,10.894
654,1,464.56,131.11,602.35,401.31,0.8974,10.911
655,1,463.12,130.79,601.17,401.37,0.8942,10.928
656,1,461.64,130.22,600.31,401.62,0.8977,10.944
657,1,460.1,130.49,598.9,401.74,0.8959,10.961
658,1,458.23,131.22,596.96,401.6,0.8919,10.978
659,1,456.53,131.64,595.41,401.6,0.8931,10.994
660,1,455.31,131.56,594.55,401.58,0.8988,11.011
661,1,453.67,131.19,593.39,401.6,0.8904,11.028
662,1,452.29,130.85,592.31,401.51,0.892,11.044
663,1,450.34,130.57,590.56,401.25,0.897,11.061
664,1,448.55,130.72,588.8,401.09,0.8961,11.078
665,1,447.08,129.54,588.1,401.03,0.915,11.094
666,1,445.49,128.37,587.23,400.83,0.9129,11.111
667,1,444.05,128.27,586.07,400.72,0.9033,11.128
668,1,442.41,128.26,584.67,400.79,0.8971,11.144
669,1,440.81,128.11,583.31,400.85,0.9011,11.161
670,1,439.18,127.73,581.88,400.74,0.898,11.178
671,1,437.69,127.5,580.46,400.58,0.893,11.195
672,1,436.45,127.81,579.1,400.53,0.8939,11.211
673,1,434.35,125.93,577.88,400.65,0.8987,11.228
674,1,432.33,123.14,577.21,401.07,0.9069,11.245
675,1,431.18,122.86,576.08,401.33,0.9071,11.261
676,1,430.1,122.62,574.84,401.31,0.9079,11.278
677,1,428.74,121.84,573.69,401.53,0.9102,11.295
678,1,427.49,122.03,572.08,401.53,0.9137,11.311
679,1,426.43,122.2,570.47,401.15,0.9177,11.328
680,1,425.35,121.81,569.04,400.78,0.9217,11.345
681,1,423.75,121.47,567.38,400.83,0.9076,11.361
682,1,422.2,120.5,565.87,400.93,0.9134,11.378
683,1,421.13,121.08,564.04,400.92,0.9121,11.395
684,1,419.48,120.77,562.05,400.79,0.8963,11.411
685,1,417.87,120.14,560.15,400.56,0.8764,11.428
686,1,416.18,119.43,558.2,400.63,0.8841,11.445
687,1,415.2,119.28,556.5,400.45,0.8916,11.461
688,1,414.09,118.47,554.98,400.47,0.8825,11.478
688,5,628.5,292.34,706.06,402.45,0.3911,11.478
689,1,413.29,117.88,553.66,400.54,0.881,11.495
689,5,621.3,290.97,700.24,402.74,0.4893,11.495
690,1,412.93,117.84,552.57,400.62,0.8686,11.511
690,5,617.48,289.22,696.2,400.45,0.5565,11.511
691,1,412.6,117.76,551.53,400.75,0.8569,11.528
691,5,616.27,287.44,695.44,399.4,0.3877,11.528
692,1,412.1,116.77,550.68,400.72,0.8622,11.545
692,5,613.92,285.59,695.48,401.25,0.4211,11.545
693,1,411.54,116.79,549.44,400.89,0.8469,11.562
694,1,410.88,115.62,548.58,400.75,0.8637,11.578
695,1,410.25,113.08,548.2,400.59,0.8406,11.595
695,5,614.96,276.72,703.95,401.14,0.3958,11.595
696,1,409.9,112.9,547.12,400.4,0.8619,11.612
697,1,409.63,113.27,546.04,400.26,0.8749,11.628
697,5,590.79,273.23,687.86,400.23,0.4289,11.628
698,1,409.54,113.46,545.38,400.32,0.8846,11.645
698,5,569.58,272.4,670.52,400.85,0.4498,11.645
699,1,409.16,112.91,544.76,400.51,0.8787,11.662
699,5,571.02,270.74,678.84,400.57,0.3877,11.662
700,1,408.95,112.28,544.28,400.5,0.8514,11.678
701,1,408.74,111.93,543.72,400.54,0.8531,11.695
702,1,408.83,110.98,543.57,400.38,0.8509,11.712
703,1,409.06,111.12,542.81,399.28,0.8852,11.728
704,1,409.06,111.17,542.27,399.08,0.9065,11.745
704,5,571.15,260.45,656.31,361.92,0.3583,11.745
705,1,409.07,111.56,541.9,399.52,0.9021,11.762
706,1,409.24,111.58,541.66,399.57,0.9138,11.778
706,5,570.16,256.49,652.98,355.07,0.3622,11.778
707,1,409.33,111.46,541.4,399.53,0.9164,11.795
708,1,409.5,111.42,541.15,399.38,0.9213,11.812
709,1,409.9,110.65,541.43,399.29,0.9321,11.828
709,7,516.14,251.75,689.75,401.38,0.497,11.828
710,1,410.21,110.37,541.4,399.24,0.932,11.845
710,7,513.08,250.19,688.44,401.43,0.6405,11.845
711,1,410.56,110.42,541.18,398.94,0.932,11.862
711,7,510.61,248.69,687.42,401.35,0.6533,11.862
712,1,411.02,110.39,541.11,398.66,0.9298,11.879
712,7,508.83,247.53,686.76,401.4,0.7678,11.879
713,1,411.26,110.34,540.98,398.71,0.9308,11.895
713,7,506.59,246.34,685.73,401.55,0.7507,11.895
714,1,411.53,110.02,540.82,398.32,0.9258,11.912
714,7,504.43,245.45,684.36,401.73,0.7245,11.912
715,1,411.66,109.86,540.68,398.42,0.9303,11.929
715,7,502.79,243.67,684.23,401.75,0.7974,11.929
716,1,411.74,109.85,540.44,398.49,0.9296,11.945
716,7,501.58,241.61,684.3,401.59,0.8177,11.945
717,1,411.78,109.88,540.16,398.51,0.9284,11.962
717,7,500.7,240.12,683.78,401.34,0.854,11.962
718,1,412.01,110.09,539.99,398.53,0.9263,11.979
718,7,499.73,238.91,683.06,401.3,0.8557,11.979
719,1,412.06,109.81,539.84,398.43,0.9218,11.995
719,7,497.53,238.56,680.82,402.03,0.8243,11.995
720,1,412.11,110.55,539.63,399.23,0.9214,12.012
720,7,495.74,237.51,679.18,402.32,0.7753,12.012
721,1,412.17,110.42,539.61,399.61,0.9221,12.029
721,7,495.04,236.39,678.32,402.36,0.7993,12.029
722,1,412.41,110.12,539.72,399.77,0.9186,12.045
722,7,494.63,235.18,677.53,402.19,0.812,12.045
723,1,412.51,109.59,539.75,399.77,0.9192,12.062
723,7,495.13,233.81,677.58,402.1,0.7993,12.062
724,1,412.7,109.07,539.84,399.73,0.9147,12.079
724,7,495.55,232.82,676.24,401.15,0.8425,12.079
725,1,412.86,108.56,539.92,399.74,0.9132,12.095
725,7,495.63,231.65,675.38,400.74,0.8338,12.095
726,1,413.19,108.28,540.01,399.49,0.9128,12.112
726,7,495.75,230.26,675.06,400.59,0.8539,12.112
727,1,413.38,108.01,540.08,399.45,0.9113,12.129
727,7,495.63,229.18,674.34,400.63,0.8477,12.129
728,1,413.53,107.26,540.3,399.33,0.9063,12.145
728,7,496.28,227.9,674.35,400.54,0.8202,12.145
729,1,413.68,106.62,540.45,399.18,0.9083,12.162
729,7,496.45,227.27,673.59,400.64,0.8484,12.162
730,1,413.89,105.88,540.72,398.94,0.9101,12.179
730,7,496.63,226.45,673.02,400.67,0.8634,12.179
731,1,414.04,105.74,540.76,398.84,0.9098,12.196
731,7,496.64,225.18,672.76,400.71,0.8791,12.196
732,1,414.21,105.35,541.01,398.97,0.9139,12.212
732,7,495.76,224.15,672.53,401.93,0.8873,12.212
733,1,414.36,104.95,541.29,399.15,0.909,12.229
733,7,495.92,223.37,672.3,402.37,0.8929,12.229
734,1,414.62,104.96,541.53,399.4,0.9078,12.246
734,7,495.95,222.34,671.75,402.42,0.8806,12.246
735,1,414.7,105.02,541.49,399.49,0.9084,12.262
735,7,496.54,221.58,671.46,402.38,0.8831,12.262
736,1,414.87,105.0,541.56,399.6,0.9081,12.279
736,7,497.02,220.73,671.17,402.33,0.874,12.279
737,1,414.97,105.02,541.5,399.66,0.9098,12.296
737,7,497.57,219.56,671.36,402.39,0.856,12.296
738,1,415.07,104.83,541.38,399.52,0.9094,12.312
738,7,498.1,218.6,671.15,402.37,0.8622,12.312
739,1,415.21,104.8,541.27,399.47,0.9079,12.329
739,7,498.82,217.95,670.97,402.42,0.8667,12.329
740,1,415.31,104.93,541.03,399.56,0.9059,12.346
740,7,499.59,217.45,670.94,402.59,0.8879,12.346
741,1,415.28,104.8,540.78,399.74,0.9037,12.362
741,7,500.2,216.83,670.92,402.79,0.872,12.362
742,1,415.48,104.5,540.75,399.86,0.9033,12.379
742,7,500.8,215.88,671.05,402.86,0.8952,12.379
743,1,415.63,104.36,540.57,399.96,0.9032,12.396
743,7,501.57,215.31,670.92,402.76,0.9068,12.396
744,1,415.88,104.21,540.51,400.04,0.9024,12.412
744,7,502.48,214.5,671.2,402.63,0.9032,12.412
745,1,415.9,104.0,540.21,400.14,0.9023,12.429
745,7,503.19,214.17,671.17,402.76,0.9077,12.429
746,1,416.15,103.85,540.06,400.14,0.9032,12.446
746,7,504.03,213.78,671.37,402.89,0.8973,12.446
747,1,416.22,103.67,539.69,400.17,0.9046,12.462
747,7,504.88,213.2,671.75,402.91,0.904,12.462
748,1,415.97,103.38,539.03,400.29,0.9046,12.479
748,7,505.68,212.11,672.44,402.82,0.9012,12.479
749,1,415.87,103.24,538.32,400.22,0.9034,12.496
749,7,506.98,211.31,673.49,402.75,0.9012,12.496
750,1,415.6,102.88,537.51,400.16,0.9063,12.513
750,7,508.14,210.34,674.78,402.84,0.9039,12.513
751,1,415.52,102.66,536.78,400.07,0.9059,12.529
751,7,509.11,209.02,676.05,402.79,0.9067,12.529
752,1,415.35,102.23,535.99,399.97,0.9026,12.546
752,7,510.08,207.44,677.46,402.76,0.9081,12.546
753,1,415.29,102.05,535.31,399.98,0.9033,12.563
753,7,510.3,205.67,678.44,402.98,0.8941,12.563
754,1,415.14,101.81,534.61,400.12,0.903,12.579
754,7,510.24,204.39,678.43,402.66,0.8871,12.579
755,1,415.05,101.51,533.97,400.1,0.9049,12.596
755,7,511.07,202.28,680.08,402.44,0.8873,12.596
756,1,414.78,100.97,533.21,400.19,0.9038,12.613
756,7,511.2,199.69,681.42,402.36,0.8975,12.613
757,1,414.52,100.69,532.39,400.21,0.9053,12.629
757,7,512.23,199.37,681.65,401.81,0.8886,12.629
758,1,413.87,99.57,531.56,400.42,0.9048,12.646
758,7,513.02,198.63,682.31,401.54,0.8977,12.646
759,1,413.39,98.69,530.81,400.54,0.9081,12.663
759,7,513.88,197.78,683.46,401.7,0.9004,12.663
760,1,412.95,98.13,529.92,400.52,0.911,12.679
760,7,515.08,197.53,684.17,401.49,0.9039,12.679
761,1,412.62,98.13,528.99,400.63,0.9126,12.696
761,7,515.98,197.06,684.85,401.47,0.8935,12.696
762,1,412.25,98.46,527.82,400.55,0.9116,12.713
762,7,517.86,197.31,686.01,401.49,0.9105,12.713
763,1,411.89,99.3,526.54,400.57,0.9125,12.729
763,7,518.81,197.41,686.73,401.78,0.9058,12.729
764,1,411.1,99.63,525.05,400.59,0.9123,12.746
764,7,520.36,196.89,687.82,401.51,0.9083,12.746
765,1,409.87,99.58,523.23,400.57,0.9154,12.763
765,7,521.82,196.36,688.97,401.6,0.9084,12.763
766,1,408.68,99.57,521.56,400.55,0.9171,12.779
766,7,523.1,195.66,690.03,401.64,0.9153,12.779
767,1,407.93,99.51,520.39,400.59,0.9182,12.796
767,7,524.32,194.51,691.32,401.78,0.917,12.796
768,1,407.38,99.75,519.26,400.21,0.9107,12.813
768,7,525.73,193.45,692.43,401.77,0.9083,12.813
769,1,406.61,99.51,518.26,400.25,0.9116,12.829
769,7,527.3,193.04,693.24,401.87,0.894,12.829
770,1,405.83,99.31,517.2,400.2,0.9071,12.846
770,7,528.9,192.12,694.21,401.77,0.9009,12.846
771,1,404.97,99.25,516.19,400.62,0.9052,12.863
771,7,530.15,191.37,694.68,401.66,0.9046,12.863
772,1,404.22,99.01,515.3,400.8,0.9031,12.88
772,7,531.25,190.89,694.94,401.72,0.906,12.88
773,1,403.49,98.4,514.49,400.9,0.9017,12.896
773,7,532.19,190.36,695.02,401.73,0.9064,12.896
774,1,402.44,96.67,513.63,400.86,0.9014,12.913
774,7,532.92,189.77,694.97,401.74,0.9119,12.913
775,1,401.58,96.53,512.41,400.79,0.9023,12.93
775,7,533.53,189.08,694.88,401.74,0.91,12.93
776,1,400.73,96.44,511.17,400.75,0.9002,12.946
776,7,534.1,188.15,694.94,401.79,0.9072,12.946
777,1,400.33,96.33,510.28,400.47,0.8933,12.963
777,7,534.42,186.81,695.02,401.82,0.9095,12.963
778,1,400.0,95.62,509.67,400.37,0.8923,12.98
778,7,534.89,185.72,695.01,401.78,0.9106,12.98
779,1,399.85,95.61,508.92,399.93,0.8893,12.996
779,7,535.19,184.57,694.85,401.67,0.9133,12.996
780,1,399.65,95.32,508.26,399.78,0.889,13.013
780,7,535.48,183.86,694.51,401.68,0.9137,13.013
781,1,399.63,96.23,507.38,399.52,0.8902,13.03
781,7,535.71,183.14,694.2,401.72,0.9144,13.03
782,1,399.6,96.52,506.34,398.01,0.8805,13.046
782,7,535.82,182.54,693.72,401.71,0.909,13.046
783,1,400.03,97.07,505.49,395.78,0.8731,13.063
783,7,535.98,182.02,693.27,401.64,0.9098,13.063
784,1,400.28,97.23,504.65,393.6,0.8673,13.08
784,7,536.0,181.67,692.68,401.67,0.9096,13.08
785,1,399.92,96.92,503.92,393.3,0.8656,13.096
785,7,535.98,181.26,692.18,401.68,0.9095,13.096
786,1,399.99,97.36,503.14,391.98,0.865,13.113
786,7,535.92,181.12,691.51,401.65,0.913,13.113
787,1,401.08,98.33,501.76,385.97,0.8645,13.13
787,7,535.6,180.78,690.71,401.55,0.9149,13.13
788,1,401.49,97.99,500.71,381.33,0.8648,13.146
788,7,535.07,180.47,689.73,401.52,0.9154,13.146
789,1,402.51,97.93,499.63,374.52,0.8632,13.163
789,7,534.61,180.33,688.76,401.46,0.9162,13.163
790,1,402.64,97.78,498.72,370.74,0.8572,13.18
790,7,533.9,179.98,687.63,401.31,0.9212,13.18
791,1,402.99,97.81,497.86,366.46,0.8572,13.197
791,7,533.06,179.28,686.73,401.24,0.9211,13.197
792,1,403.7,97.52,496.44,358.88,0.8517,13.213
792,7,532.06,178.71,685.68,401.24,0.923,13.213
793,1,404.35,97.46,495.3,352.37,0.8581,13.23
793,7,530.98,178.23,684.48,401.28,0.9229,13.23
794,1,404.16,97.43,494.56,349.71,0.8614,13.247
794,7,529.57,177.74,683.04,401.42,0.9235,13.247
795,1,404.25,97.46,494.01,346.9,0.865,13.263
795,7,528.19,177.17,681.73,401.49,0.917,13.263
796,1,404.37,97.19,493.88,345.11,0.8637,13.28
796,7,527.06,176.39,680.65,401.46,0.9118,13.28
797,1,404.19,96.99,493.74,344.47,0.8716,13.297
797,7,525.98,175.55,679.58,401.45,0.9141,13.297
798,1,403.63,96.67,494.0,346.28,0.8664,13.313
798,7,525.07,174.64,678.62,401.43,0.9082,13.313
799,1,403.05,96.65,493.43,346.42,0.8726,13.33
799,7,524.45,173.95,677.79,401.51,0.9036,13.33
800,1,402.53,96.34,492.96,346.83,0.8714,13.347
800,7,524.06,173.42,677.05,401.58,0.9041,13.347
801,1,402.12,96.22,492.44,347.15,0.8688,13.363
801,7,524.14,173.78,676.34,401.79,0.9005,13.363
802,1,401.99,96.05,491.99,347.22,0.8675,13.38
802,7,523.89,173.83,675.36,401.87,0.9005,13.38
803,1,401.79,96.04,491.58,347.92,0.8676,13.397
803,7,523.04,172.8,674.22,401.83,0.9022,13.397
804,1,401.91,95.9,491.14,347.61,0.8669,13.413
804,7,522.33,171.42,673.26,401.86,0.8998,13.413
805,1,401.8,95.54,490.71,347.92,0.8669,13.43
805,7,521.27,168.9,672.42,401.7,0.9051,13.43
806,1,401.67,95.39,490.24,348.55,0.8651,13.447
806,7,520.71,167.23,671.49,401.6,0.9025,13.447
807,1,401.26,95.37,489.33,348.95,0.8577,13.463
807,7,520.57,166.54,670.23,401.21,0.9027,13.463
808,1,401.09,95.09,488.91,350.13,0.8537,13.48
808,7,520.41,166.14,669.17,401.35,0.8998,13.48
809,1,400.62,95.21,487.92,350.43,0.8489,13.497
809,7,519.68,165.29,667.81,401.58,0.9021,13.497
810,1,401.46,95.32,488.0,350.6,0.8592,13.514
810,7,519.05,164.48,666.54,401.7,0.9041,13.514
811,1,400.28,94.91,486.92,352.34,0.8428,13.53
811,7,518.64,163.97,665.27,401.79,0.9027,13.53
812,1,399.4,94.84,485.98,353.38,0.8387,13.547
812,7,518.33,163.57,664.06,401.8,0.9036,13.547
813,1,393.86,95.03,481.47,353.83,0.8519,13.564
813,7,517.58,163.5,662.35,401.78,0.9045,13.564
814,1,391.81,95.05,480.28,354.24,0.8435,13.58
814,7,516.81,163.87,660.63,402.01,0.9043,13.58
815,1,387.43,95.19,477.43,354.45,0.8565,13.597
815,7,515.91,163.83,659.03,402.02,0.9038,13.597
816,1,387.06,95.08,478.02,354.44,0.8292,13.614
816,7,515.13,163.42,657.67,401.99,0.9023,13.614
817,1,387.95,95.04,479.26,353.89,0.818,13.63
817,7,514.81,162.42,656.94,401.76,0.9074,13.63
818,1,381.97,95.46,475.18,353.82,0.8327,13.647
818,7,514.73,162.08,656.14,401.61,0.9125,13.647
819,1,378.05,95.57,473.28,353.5,0.8285,13.664
819,7,514.3,161.3,655.19,401.47,0.9109,13.664
820,1,375.37,95.11,472.72,352.66,0.837,13.68
820,7,513.84,160.79,654.14,401.46,0.9136,13.68
821,1,373.02,94.81,472.63,352.49,0.8534,13.697
821,7,513.72,160.19,653.44,401.45,0.914,13.697
822,1,371.43,94.69,473.09,352.46,0.8432,13.714
822,7,513.5,159.57,652.77,401.48,0.9108,13.714
823,1,369.23,94.53,473.08,352.57,0.869,13.73
823,7,513.34,158.46,652.33,401.44,0.9092,13.73
824,1,367.67,94.45,473.43,352.43,0.8698,13.747
824,7,513.26,158.04,651.69,401.43,0.906,13.747
825,1,365.7,95.12,472.84,351.68,0.8624,13.764
825,7,513.01,157.27,651.05,401.5,0.9049,13.764
826,1,363.74,95.28,472.66,351.55,0.871,13.78
826,7,512.83,156.53,650.48,401.65,0.9091,13.78
827,1,360.77,95.25,472.64,354.24,0.8649,13.797
827,7,512.68,155.39,649.96,401.69,0.9119,13.797
828,1,358.91,94.73,473.54,356.26,0.8614,13.814
828,7,512.76,154.87,649.37,401.82,0.9168,13.814
829,1,357.66,94.51,474.33,357.19,0.8615,13.83
829,7,512.79,154.2,648.82,402.01,0.9175,13.83
830,1,356.36,94.5,474.76,357.71,0.8655,13.847
830,7,512.64,153.53,647.96,402.16,0.9202,13.847
831,1,355.36,94.51,475.33,358.18,0.8729,13.864
831,7,512.58,152.92,647.11,402.28,0.9194,13.864
832,1,354.16,94.39,475.24,357.7,0.8748,13.881
832,7,512.65,152.36,646.38,402.37,0.9201,13.881
833,1,353.39,94.34,475.52,357.38,0.8713,13.897
833,7,512.96,152.32,645.59,402.41,0.9174,13.897
834,1,352.99,94.36,476.35,357.73,0.8717,13.914
834,7,513.02,151.86,644.85,402.51,0.9174,13.914
835,1,352.58,94.34,476.86,357.53,0.8747,13.931
835,7,513.63,152.32,644.11,402.29,0.9169,13.931
836,1,352.04,94.31,477.05,357.05,0.8653,13.947
836,7,513.9,151.64,643.69,402.28,0.9173,13.947
837,1,351.59,94.28,477.38,356.86,0.8638,13.964
837,7,513.93,151.26,642.9,402.38,0.9169,13.964
838,1,351.26,94.25,477.77,356.75,0.8699,13.981
838,7,514.1,150.32,642.41,402.25,0.9214,13.981
839,1,350.84,94.24,477.93,356.4,0.866,13.997
839,7,514.38,149.55,641.82,401.91,0.9256,13.997
840,1,350.3,94.31,477.69,355.68,0.8724,14.014
840,7,514.76,148.65,641.36,401.42,0.9271,14.014
841,1,349.95,94.36,477.76,355.31,0.8713,14.031
841,7,515.03,148.01,640.82,401.16,0.9237,14.031
842,1,349.62,94.4,477.92,355.15,0.8764,14.047
842,7,515.38,147.48,640.45,401.14,0.9236,14.047
843,1,349.48,94.48,478.14,354.91,0.8784,14.064
843,7,515.61,147.09,639.92,401.17,0.9267,14.064
844,1,349.29,95.1,477.88,354.32,0.879,14.081
844,7,516.06,146.85,639.64,401.3,0.9268,14.081
845,1,349.09,95.38,477.92,354.1,0.8801,14.097
845,7,516.46,146.83,639.18,401.28,0.9254,14.097
846,1,348.79,94.91,478.44,354.44,0.8792,14.114
846,7,516.96,146.82,638.9,401.29,0.9257,14.114
847,1,348.62,94.67,478.77,354.5,0.8816,14.131
847,7,517.24,146.47,638.56,401.36,0.9233,14.131
848,1,348.54,95.2,478.43,353.71,0.8832,14.147
848,7,517.62,146.24,638.26,401.43,0.9188,14.147
849,1,348.31,94.76,478.83,353.91,0.8834,14.164
849,7,517.88,146.09,637.83,401.43,0.9166,14.164
850,1,348.18,95.19,478.62,353.49,0.884,14.181
850,7,518.13,145.79,637.42,401.37,0.915,14.181
851,1,347.99,95.29,478.48,353.02,0.8839,14.198
851,7,518.43,145.72,637.01,401.18,0.9158,14.198
852,1,347.81,95.25,478.47,352.67,0.8866,14.214
852,7,518.56,145.76,636.44,401.06,0.9173,14.214
853,1,347.67,95.23,478.55,352.51,0.8864,14.231
853,7,518.85,145.7,636.25,401.06,0.9156,14.231
854,1,347.53,95.24,478.64,352.47,0.8871,14.248
854,7,518.76,145.7,635.65,401.11,0.9182,14.248
855,1,347.44,95.22,478.7,352.25,0.8864,14.264
855,7,518.61,145.23,635.22,401.07,0.9169,14.264
856,1,347.33,95.19,478.8,352.21,0.8875,14.281
856,7,518.35,144.74,634.69,401.16,0.9208,14.281
857,1,347.2,95.16,478.95,352.36,0.8871,14.298
857,7,518.28,144.52,634.26,401.11,0.9197,14.298
858,1,347.11,95.18,479.05,352.41,0.8859,14.314
858,7,518.06,144.11,633.78,401.07,0.9216,14.314
859,1,346.99,95.14,479.22,352.66,0.8851,14.331
859,7,517.67,143.56,633.26,401.18,0.9181,14.331
860,1,346.88,95.05,479.39,352.96,0.883,14.348
860,7,517.35,142.89,632.85,401.31,0.9188,14.348
861,1,346.82,95.01,479.53,353.16,0.8832,14.364
861,7,517.11,141.95,632.67,401.4,0.9164,14.364
862,1,346.76,95.01,479.64,353.35,0.8836,14.381
862,7,516.78,141.02,632.42,401.56,0.915,14.381
863,1,346.77,94.95,479.77,353.43,0.884,14.398
863,7,516.63,140.36,632.21,401.57,0.9143,14.398
864,1,346.66,94.96,479.8,353.66,0.8834,14.414
864,7,516.61,139.68,632.1,401.47,0.9126,14.414
865,1,346.69,94.96,479.88,353.76,0.881,14.431
865,7,516.71,139.22,631.98,401.27,0.9124,14.431
866,1,346.66,95.0,479.88,353.82,0.8819,14.448
866,7,516.74,138.66,631.98,401.29,0.9116,14.448
867,1,346.78,95.05,479.99,353.93,0.8805,14.464
867,7,516.76,138.3,631.88,401.26,0.9107,14.464
868,1,347.14,95.06,480.17,353.77,0.8804,14.481
868,7,516.72,137.86,631.79,401.21,0.9092,14.481
869,1,347.1,95.01,480.01,353.51,0.8843,14.498
869,7,516.69,137.43,631.72,401.18,0.9105,14.498
870,1,347.21,95.03,479.92,353.13,0.8811,14.514
870,7,516.79,137.23,631.65,401.01,0.9102,14.514
871,1,347.29,95.1,479.8,352.77,0.8839,14.531
871,7,516.77,137.19,631.47,400.92,0.9078,14.531
872,1,347.01,95.1,479.61,352.78,0.8886,14.548
872,7,516.95,136.73,631.52,400.7,0.9038,14.548
873,1,346.83,95.03,479.47,352.59,0.8884,14.565
873,7,517.31,136.47,631.64,400.57,0.9053,14.565
874,1,347.07,95.08,479.54,352.21,0.8922,14.581
874,7,517.53,136.06,631.73,400.52,0.9066,14.581
875,1,347.27,95.07,479.76,352.28,0.8926,14.598
875,7,517.61,135.81,631.7,400.69,0.9053,14.598
876,1,347.03,94.97,479.61,352.3,0.8893,14.615
876,7,517.81,135.57,631.76,400.89,0.9054,14.615
877,1,347.01,94.99,479.81,352.85,0.8895,14.631
877,7,517.96,135.28,631.88,401.39,0.9084,14.631
878,1,347.16,94.92,480.11,353.32,0.8923,14.648
878,7,518.18,134.84,631.9,401.4,0.9101,14.648
879,1,347.33,94.9,480.18,353.34,0.8889,14.665
879,7,518.11,134.19,631.77,401.47,0.9084,14.665
880,1,347.59,94.91,480.18,353.05,0.8882,14.681
880,7,517.85,133.48,631.43,401.51,0.9094,14.681
881,1,347.73,94.9,480.09,352.72,0.8863,14.698
881,7,517.84,132.72,631.27,401.45,0.9107,14.698
882,1,348.07,94.9,480.18,352.51,0.8871,14.715
882,7,518.03,132.11,631.16,401.25,0.9068,14.715
883,1,348.28,94.89,480.35,352.73,0.8807,14.731
883,7,517.93,131.92,630.77,401.59,0.9062,14.731
884,1,348.44,94.86,480.36,352.61,0.8827,14.748
884,7,517.63,131.4,630.24,401.74,0.9028,14.748
885,1,348.53,94.81,480.37,352.67,0.8709,14.765
885,7,517.42,130.75,629.77,401.83,0.9005,14.765
886,1,349.08,94.81,480.43,351.95,0.8915,14.781
886,7,517.18,130.9,629.16,402.39,0.8993,14.781
887,1,349.4,94.89,480.24,351.15,0.8909,14.798
887,7,517.0,130.18,628.72,402.3,0.9019,14.798
888,1,349.32,94.9,480.15,351.21,0.891,14.815
888,7,516.22,129.44,627.93,402.44,0.8862,14.815
889,1,349.33,94.95,480.1,351.21,0.8928,14.831
889,7,515.44,128.95,627.05,402.34,0.8785,14.831
890,1,349.51,95.03,480.08,350.96,0.8923,14.848
890,7,515.24,129.63,626.23,402.0,0.8828,14.848
891,1,349.43,95.09,480.16,351.41,0.8905,14.865
891,7,514.19,129.7,625.1,402.0,0.882,14.865
892,1,349.43,95.08,480.22,351.65,0.8882,14.882
892,7,513.08,129.66,624.04,401.87,0.8861,14.882
893,1,349.31,94.57,480.35,351.72,0.8883,14.898
893,7,512.74,129.46,623.67,401.73,0.888,14.898
894,1,349.22,94.35,480.39,351.85,0.8872,14.915
894,7,512.19,129.49,623.14,402.05,0.8922,14.915
895,1,349.29,94.83,480.2,351.84,0.8859,14.932
895,7,511.58,129.43,622.52,402.21,0.8934,14.932
896,1,349.4,95.03,480.04,351.45,0.8868,14.948
896,7,511.7,129.36,622.28,401.94,0.8983,14.948
897,1,349.33,95.1,479.95,351.44,0.8881,14.965
897,7,511.95,129.03,622.23,401.72,0.8951,14.965
898,1,349.44,95.14,479.87,351.02,0.8899,14.982
898,7,512.22,128.75,622.1,401.46,0.8934,14.982
899,1,349.5,95.19,479.84,350.78,0.8885,14.998
899,7,512.4,128.82,621.79,401.24,0.8948,14.998
900,1,350.13,95.27,480.42,351.08,0.8875,15.015
900,7,512.37,128.66,621.38,401.19,0.8938,15.015
901,1,350.15,94.68,480.74,351.39,0.8887,15.032
901,7,512.47,128.61,621.05,401.14,0.8999,15.032
902,1,350.3,94.56,480.83,351.46,0.887,15.048
902,7,512.51,128.48,620.7,401.18,0.8995,15.048
903,1,350.2,94.54,480.74,351.66,0.8857,15.065
903,7,512.43,128.34,620.3,401.46,0.9005,15.065
904,1,350.0,94.49,480.48,351.57,0.8896,15.082
904,7,512.49,128.35,619.79,401.37,0.8916,15.082
905,1,349.93,94.46,480.39,351.5,0.8919,15.098
905,7,512.14,127.93,618.88,401.18,0.8836,15.098
906,1,350.09,94.49,480.43,351.39,0.8928,15.115
906,7,511.91,127.44,618.14,401.16,0.8933,15.115
907,1,349.93,95.06,480.06,351.47,0.895,15.132
907,7,511.56,126.92,617.32,401.26,0.8919,15.132
908,1,349.74,95.22,479.91,351.66,0.8955,15.148
908,7,510.92,126.14,616.12,401.11,0.8874,15.148
909,1,349.87,95.26,480.06,351.81,0.8918,15.165
909,7,510.47,125.44,615.07,401.05,0.8806,15.165
910,1,349.71,94.75,480.18,351.83,0.8901,15.182
910,7,510.33,124.85,614.34,401.13,0.8746,15.182
911,1,349.92,94.47,480.55,352.09,0.8918,15.199
911,7,510.03,124.38,613.33,401.11,0.8649,15.199
912,1,349.98,94.89,480.45,352.4,0.8956,15.215
912,7,509.57,123.21,612.46,401.27,0.8499,15.215
913,1,350.21,95.09,480.4,352.24,0.8988,15.232
913,7,508.88,122.7,610.93,401.3,0.858,15.232
914,1,350.34,95.13,480.46,352.4,0.892,15.249
914,7,508.5,122.08,609.71,401.36,0.8631,15.249
915,1,350.41,95.01,480.49,352.51,0.8916,15.265
915,7,508.47,121.53,608.82,401.36,0.8584,15.265
916,1,350.4,95.02,480.44,352.7,0.8931,15.282
916,7,508.51,121.79,607.73,401.07,0.8586,15.282
917,1,350.36,95.12,480.15,352.36,0.8945,15.299
917,7,508.3,121.65,606.53,400.88,0.8638,15.299
918,1,350.39,95.17,480.13,352.45,0.8936,15.315
918,7,507.93,121.46,605.29,400.9,0.862,15.315
919,1,350.48,95.19,480.06,352.29,0.8926,15.332
919,7,507.76,121.08,604.35,401.09,0.863,15.332
920,1,350.46,94.99,480.01,352.13,0.8924,15.349
920,7,507.62,120.59,603.48,401.18,0.8637,15.349
921,1,350.69,95.08,480.01,351.86,0.8854,15.365
921,7,507.39,120.22,602.43,401.21,0.8631,15.365
922,1,350.72,95.11,479.86,351.56,0.887,15.382
922,7,507.17,120.05,601.44,401.22,0.8595,15.382
923,1,350.88,95.02,479.92,351.33,0.8889,15.399
923,7,506.98,119.78,600.46,401.44,0.8638,15.399
924,1,350.77,94.97,479.88,351.46,0.8867,15.415
924,7,506.47,119.72,598.99,401.43,0.8678,15.415
925,1,350.72,95.0,479.91,351.72,0.8862,15.432
925,7,506.41,119.71,598.04,401.55,0.8732,15.432
926,1,350.7,94.89,479.85,351.58,0.8865,15.449
926,7,506.39,119.82,597.2,401.75,0.8762,15.449
927,1,350.65,94.86,479.81,351.65,0.8863,15.465
927,7,506.45,119.55,596.61,401.86,0.8761,15.465
928,1,350.62,94.8,479.84,351.83,0.8837,15.482
928,7,506.42,119.33,596.0,402.05,0.8747,15.482
929,1,350.47,94.55,479.88,352.16,0.8838,15.499
929,7,506.36,118.88,595.49,402.13,0.8756,15.499
930,1,350.42,94.46,479.84,352.28,0.8839,15.515
930,7,506.56,118.77,595.1,401.95,0.8751,15.515
931,1,350.35,94.32,479.78,352.43,0.8842,15.532
931,7,506.66,118.76,594.64,401.89,0.882,15.532
932,1,350.49,94.52,479.68,352.28,0.8844,15.549
932,7,506.65,118.59,594.22,402.07,0.8789,15.549
933,1,350.53,94.61,479.62,352.3,0.8835,15.566
933,7,506.48,118.52,593.63,402.2,0.8769,15.566
934,1,350.32,94.32,479.54,352.53,0.8834,15.582
934,7,506.5,118.42,593.24,402.23,0.8782,15.582
935,1,350.13,94.27,479.5,353.05,0.8845,15.599
935,7,506.4,118.19,592.79,401.95,0.8784,15.599
936,1,349.93,94.09,479.53,353.63,0.8857,15.616
936,7,506.42,118.18,592.5,402.04,0.8802,15.616
937,1,349.87,93.97,479.54,353.95,0.886,15.632
937,7,506.09,118.09,592.02,402.32,0.8786,15.632
938,1,349.8,93.9,479.41,353.99,0.8868,15.649
938,7,505.77,118.13,591.56,402.34,0.8778,15.649
939,1,349.88,93.94,479.2,353.62,0.8827,15.666
939,7,505.86,118.14,591.54,402.47,0.8773,15.666
940,1,349.94,93.91,479.11,353.42,0.8844,15.682
940,7,506.3,118.1,591.72,402.26,0.8785,15.682
941,1,350.03,93.97,479.04,353.29,0.8839,15.699
941,7,506.48,118.21,591.7,402.22,0.8779,15.699
942,1,350.11,93.93,478.94,352.97,0.8839,15.716
942,7,506.59,118.24,591.61,402.09,0.8764,15.716
943,1,350.07,93.68,478.98,353.01,0.8831,15.732
943,7,506.74,118.26,591.52,401.86,0.875,15.732
944,1,349.96,93.36,479.09,353.28,0.8853,15.749
944,7,506.6,118.33,591.27,401.85,0.8751,15.749
945,1,349.45,93.84,478.61,353.61,0.895,15.766
945,7,506.78,118.38,591.17,402.06,0.8719,15.766
946,1,349.26,94.0,478.42,353.63,0.8942,15.782
946,7,507.15,118.46,591.26,402.23,0.8713,15.782
947,1,349.17,94.09,478.33,353.57,0.8945,15.799
947,7,507.53,118.54,591.34,402.15,0.874,15.799
948,1,349.12,94.13,478.34,353.57,0.8935,15.816
948,7,507.91,118.45,591.5,402.04,0.8745,15.816
949,1,349.05,94.11,478.39,353.7,0.8947,15.832
949,7,508.37,118.48,591.75,401.98,0.8729,15.832
950,1,349.03,93.9,478.4,353.44,0.8943,15.849
950,7,508.58,118.59,591.76,401.78,0.8713,15.849
951,1,349.0,93.82,478.43,353.39,0.894,15.866
951,7,509.05,118.54,592.06,401.75,0.8724,15.866
952,1,348.95,93.68,478.5,353.44,0.8942,15.883
952,7,509.56,118.61,592.32,401.71,0.874,15.883
953,1,348.98,93.53,478.49,353.14,0.8931,15.899
953,7,509.96,118.6,592.53,401.71,0.876,15.899
954,1,348.86,93.08,478.56,353.07,0.8914,15.916
954,7,510.43,118.71,592.81,401.73,0.8792,15.916
955,1,348.84,92.88,478.6,352.98,0.8911,15.933
955,7,510.77,118.78,592.93,401.63,0.879,15.933
956,1,348.84,92.89,478.62,353.03,0.892,15.949
956,7,511.14,118.93,593.09,401.67,0.8787,15.949
957,1,348.91,92.93,478.54,352.69,0.8919,15.966
957,7,511.51,118.91,593.29,401.62,0.8727,15.966
958,1,348.88,92.85,478.42,352.28,0.8914,15.983
958,7,511.71,118.86,593.4,401.54,0.8667,15.983
959,1,348.87,92.82,478.42,352.16,0.8909,15.999
959,7,511.9,118.84,593.47,401.45,0.8707,15.999
960,1,348.86,92.82,478.44,352.11,0.8914,16.016
960,7,512.19,118.94,593.63,401.44,0.8661,16.016
961,1,348.93,92.74,478.57,352.07,0.8889,16.033
961,7,512.46,118.96,593.76,401.37,0.8716,16.033
962,1,349.16,92.65,478.69,351.77,0.8841,16.049
962,7,512.42,119.11,593.6,401.3,0.8607,16.049
963,1,349.17,92.62,478.64,351.53,0.8838,16.066
963,7,512.29,119.14,593.28,400.82,0.8511,16.066
964,1,349.41,92.78,478.75,351.44,0.8821,16.083
964,7,512.41,119.49,593.17,400.61,0.845,16.083
965,1,349.56,92.76,478.83,351.32,0.8807,16.099
965,7,512.69,119.52,593.51,401.06,0.8502,16.099
966,1,349.67,92.88,478.84,351.24,0.8803,16.116
966,7,512.71,119.63,593.54,401.35,0.8507,16.116
967,1,349.86,93.0,478.93,351.21,0.878,16.133
967,7,512.5,119.55,593.34,401.28,0.837,16.133
968,1,350.19,93.1,479.12,351.18,0.8743,16.149
968,7,513.44,119.56,594.49,401.08,0.8291,16.149
969,1,350.28,93.23,478.99,350.91,0.8676,16.166
969,7,513.14,119.55,594.09,400.63,0.8368,16.166
970,1,350.37,93.44,478.9,350.74,0.8628,16.183
970,7,513.64,120.76,593.96,399.75,0.8534,16.183
971,1,350.57,93.59,478.94,350.6,0.8592,16.2
971,7,513.68,121.21,593.5,398.77,0.8584,16.2
972,1,351.38,93.79,479.5,350.67,0.8596,16.216
972,7,513.46,121.39,592.93,398.09,0.86,16.216
973,1,352.06,93.82,479.99,350.84,0.8447,16.233
973,7,513.58,121.65,592.6,397.21,0.8588,16.233
974,1,354.19,93.95,481.33,350.62,0.848,16.25
974,7,514.19,121.79,592.62,395.87,0.8601,16.25
974,11,536.17,268.4,672.84,401.62,0.3782,16.25
975,1,354.23,93.99,480.96,350.44,0.8511,16.266
975,7,514.48,121.8,592.42,394.74,0.8518,16.266
975,11,542.92,267.44,681.43,401.63,0.507,16.266
976,1,356.18,93.8,482.19,350.31,0.8571,16.283
976,7,514.91,121.88,592.13,392.82,0.8523,16.283
976,11,538.45,264.65,680.52,401.3,0.5944,16.283
977,1,357.03,93.78,482.36,350.17,0.8551,16.3
977,7,515.09,121.91,591.81,391.42,0.8461,16.3
977,11,537.68,263.46,682.41,401.56,0.454,16.3
978,1,357.98,93.69,482.58,349.84,0.8476,16.316
978,7,515.33,121.93,591.45,389.66,0.8412,16.316
978,11,552.77,301.32,663.18,402.46,0.3714,16.316
979,1,359.57,93.66,483.23,349.5,0.8403,16.333
979,7,515.65,121.94,591.14,387.55,0.8385,16.333
979,11,532.76,270.28,677.64,402.08,0.5553,16.333
980,1,361.01,93.74,483.67,349.27,0.8283,16.35
980,7,515.91,122.02,590.74,385.24,0.8275,16.35
980,11,526.71,263.22,679.94,401.77,0.7503,16.35
981,1,362.65,93.66,484.72,350.04,0.8244,16.366
981,7,516.32,122.07,590.01,380.92,0.8346,16.366
981,11,522.49,259.11,680.66,401.2,0.7848,16.366
982,1,365.47,93.64,486.16,349.8,0.822,16.383
982,7,515.56,121.86,589.75,382.62,0.8468,16.383
982,11,518.81,256.44,680.65,401.0,0.839,16.383
983,1,369.89,93.52,488.56,349.36,0.8231,16.4
983,7,516.15,121.75,588.45,374.88,0.8449,16.4
983,11,516.22,255.21,680.17,400.73,0.8447,16.4
984,1,374.84,93.68,490.76,348.36,0.8269,16.416
984,7,517.68,121.01,588.63,369.28,0.844,16.416
984,11,514.83,253.5,681.26,400.39,0.8066,16.416
985,1,376.44,93.73,490.28,347.71,0.8307,16.433
985,7,518.41,120.71,588.45,365.57,0.8395,16.433
985,11,511.85,251.76,681.24,400.69,0.806,16.433
986,1,378.42,94.4,489.79,346.68,0.837,16.45
986,7,518.99,120.57,588.27,362.56,0.832,16.45
986,11,509.23,251.09,680.17,400.97,0.7765,16.45
987,1,380.74,94.67,490.06,346.52,0.8365,16.466
987,7,519.27,120.55,587.94,359.99,0.832,16.466
987,11,506.99,249.96,679.84,401.3,0.7906,16.466
988,1,386.33,94.79,492.71,346.02,0.8331,16.483
988,7,518.92,121.36,587.18,357.99,0.8312,16.483
988,11,505.05,248.71,679.4,401.29,0.7353,16.483
989,1,389.72,94.94,493.58,346.39,0.8541,16.5
989,7,519.2,121.56,587.21,356.29,0.8287,16.5
989,11,503.07,247.29,678.58,400.91,0.7251,16.5
990,1,391.55,95.06,493.13,346.68,0.8547,16.517
990,7,518.37,120.96,586.69,354.87,0.8109,16.517
990,11,501.55,246.28,677.97,400.88,0.7309,16.517
991,1,392.76,95.08,492.44,347.17,0.8565,16.533
991,7,518.15,120.73,586.82,354.33,0.8075,16.533
991,11,500.07,245.03,677.39,400.78,0.7657,16.533
992,1,393.82,95.28,491.66,347.37,0.8533,16.55
992,7,517.61,120.62,586.59,353.75,0.8182,16.55
992,11,498.89,243.62,677.22,400.71,0.7983,16.55
993,1,394.73,95.33,490.94,347.38,0.8546,16.567
993,7,517.44,120.48,586.71,353.31,0.7959,16.567
993,11,497.63,242.5,676.54,400.7,0.807,16.567
994,1,395.4,95.22,490.27,347.6,0.8522,16.583
994,7,517.39,120.54,586.69,352.32,0.8048,16.583
994,11,496.7,241.48,675.79,400.53,0.7972,16.583
995,1,395.97,95.2,489.67,347.96,0.8562,16.6
995,7,517.12,120.53,586.53,351.45,0.7696,16.6
995,11,495.65,240.47,674.95,400.51,0.8068,16.6
996,1,396.62,95.02,489.13,347.51,0.8648,16.617
996,7,517.98,120.45,587.23,350.52,0.7442,16.617
996,11,494.43,239.64,673.59,400.54,0.8496,16.617
997,1,397.16,95.07,488.76,347.78,0.8653,16.633
997,7,518.18,120.34,587.25,349.18,0.7351,16.633
997,11,493.47,238.96,672.49,400.72,0.8632,16.633
998,1,397.67,94.83,488.53,347.72,0.8657,16.65
998,7,517.63,120.08,586.67,347.94,0.7224,16.65
998,11,492.82,237.99,671.85,400.85,0.8417,16.65
999,1,398.1,94.49,488.35,347.68,0.8681,16.667
999,7,517.07,119.93,586.21,347.16,0.7124,16.667
999,11,492.27,237.1,671.15,400.87,0.8468,16.667
1000,1,398.6,94.33,488.36,347.84,0.8711,16.683
1000,7,516.44,119.57,585.77,346.66,0.667,16.683
1000,11,491.98,236.32,670.42,400.83,0.8463,16.683
1001,1,399.23,94.29,488.46,347.53,0.8712,16.7
1001,7,517.32,120.11,585.71,343.75,0.6611,16.7
1001,11,491.81,235.61,669.82,400.91,0.8371,16.7
1002,1,399.81,93.89,488.83,347.46,0.8784,16.717
1002,7,518.41,120.32,585.0,336.98,0.6698,16.717
1002,11,491.65,234.97,669.24,401.1,0.8455,16.717
1003,1,400.25,93.84,489.14,347.53,0.8825,16.733
1003,7,522.49,120.66,581.06,305.74,0.687,16.733
1003,11,491.62,234.2,668.63,401.06,0.852,16.733
1004,1,400.89,93.42,488.99,344.83,0.8838,16.75
1004,7,522.89,120.46,580.76,299.55,0.7003,16.75
1004,11,491.16,232.84,668.11,401.01,0.8647,16.75
1005,1,401.23,92.91,489.08,343.32,0.8871,16.767
1005,7,522.45,120.3,581.14,298.8,0.7048,16.767
1005,11,490.95,231.8,667.45,400.91,0.8568,16.767
1006,1,401.38,92.59,489.43,343.22,0.8914,16.783
1006,7,522.85,120.28,580.76,292.71,0.6948,16.783
1006,11,490.94,231.19,666.55,400.8,0.8432,16.783
1007,1,401.36,92.51,489.69,343.47,0.8879,16.8
1007,7,522.82,120.31,580.87,289.72,0.7054,16.8
1007,11,490.98,230.48,665.81,400.73,0.8357,16.8
1008,1,401.48,92.55,489.9,343.22,0.8882,16.817
1008,7,522.26,120.29,581.54,290.46,0.7014,16.817
1008,11,490.79,229.47,665.2,400.86,0.834,16.817
1009,1,401.4,92.56,490.13,343.59,0.8884,16.833
1009,7,522.16,120.32,582.0,289.38,0.7227,16.833
1009,11,490.9,228.57,664.85,401.06,0.8496,16.833
1010,1,401.38,92.31,490.36,343.5,0.8838,16.85
1010,7,521.55,120.24,582.63,290.51,0.7069,16.85
1010,11,490.38,226.91,664.13,400.89,0.8642,16.85
1011,1,401.25,91.39,490.78,343.65,0.8869,16.867
1011,7,521.41,120.26,582.76,289.11,0.7237,16.867
1011,11,490.07,225.49,663.32,400.75,0.8599,16.867
1012,1,401.2,91.2,490.99,343.71,0.8842,16.884
1012,7,520.9,120.11,583.13,289.73,0.717,16.884
1012,11,489.92,223.42,663.27,400.75,0.8541,16.884
1013,1,401.11,90.97,491.29,344.1,0.8844,16.9
1013,7,520.94,120.04,583.61,288.98,0.71,16.9
1013,11,490.62,222.47,662.91,400.85,0.8573,16.9
1014,1,401.4,91.39,491.37,343.28,0.8835,16.917
1014,7,520.37,120.04,583.97,290.13,0.6938,16.917
1014,11,491.14,221.39,662.56,400.91,0.8784,16.917
1015,1,401.5,91.82,491.82,343.94,0.8823,16.934
1015,7,520.02,120.23,584.6,291.79,0.6913,16.934
1015,11,491.7,219.86,662.84,401.31,0.8793,16.934
1016,1,401.52,92.29,491.87,343.75,0.8844,16.95
1016,7,519.34,120.32,585.46,295.23,0.6968,16.95
1016,11,492.52,218.63,662.7,401.38,0.8892,16.95
1017,1,401.71,92.3,492.26,343.55,0.8865,16.967
1017,7,519.0,120.06,585.58,295.36,0.7015,16.967
1017,11,493.35,217.34,662.58,401.42,0.8883,16.967
1018,1,401.84,92.45,492.62,343.45,0.8872,16.984
1018,7,518.35,120.22,586.41,299.18,0.6958,16.984
1018,11,494.36,216.03,662.45,401.26,0.8865,16.984
1019,1,401.9,92.3,493.07,343.51,0.8884,17.0
1019,7,517.56,119.94,586.58,301.38,0.7165,17.0
1019,11,495.09,214.66,662.29,401.25,0.8921,17.0
1020,1,402.01,92.1,493.8,344.13,0.8862,17.017
1020,7,516.23,120.24,588.15,310.37,0.7304,17.017
1020,11,495.79,213.88,661.93,401.54,0.8878,17.017
1021,1,402.08,91.65,494.61,344.77,0.8861,17.034
1021,7,517.09,120.13,587.34,305.82,0.718,17.034
1021,11,496.37,212.74,661.34,401.37,0.8859,17.034
1022,1,402.16,91.99,495.32,345.82,0.8858,17.05
1022,7,516.79,120.24,587.51,307.53,0.7298,17.05
1022,11,496.73,212.32,660.29,401.6,0.8832,17.05
1023,1,402.22,92.13,495.87,346.26,0.8844,17.067
1023,7,517.54,120.04,586.76,303.05,0.7299,17.067
1023,11,496.84,211.19,659.13,401.33,0.8821,17.067
1024,1,402.06,92.24,496.64,347.96,0.8839,17.084
1024,7,518.07,119.96,586.36,300.02,0.7383,17.084
1024,11,497.44,210.69,658.38,401.54,0.8842,17.084
1025,1,401.84,92.04,497.41,349.64,0.8834,17.1
1025,7,517.98,119.89,586.44,299.97,0.7507,17.1
1025,11,497.91,209.74,657.48,401.3,0.8784,17.1
1026,1,401.73,91.8,497.88,350.2,0.8805,17.117
1026,7,517.77,120.17,586.42,300.33,0.736,17.117
1026,11,498.04,208.67,656.47,401.19,0.8759,17.117
1027,1,401.51,91.51,498.41,351.26,0.8835,17.134
1027,7,517.86,120.1,586.71,300.09,0.7408,17.134
1027,11,498.02,207.19,655.59,401.13,0.8759,17.134
1028,1,401.32,91.2,498.79,351.88,0.886,17.15
1028,7,517.62,119.74,586.89,300.37,0.7314,17.15
1028,11,498.14,205.45,655.04,401.09,0.8775,17.15
1029,1,401.33,91.12,498.97,351.62,0.8863,17.167
1029,7,517.68,119.56,587.29,300.72,0.6899,17.167
1029,11,498.48,204.21,654.33,401.01,0.8686,17.167
1030,1,401.38,91.43,499.14,351.52,0.887,17.184
1030,7,517.61,119.42,587.42,300.59,0.6251,17.184
1030,11,498.72,203.19,653.55,401.08,0.8712,17.184
1031,1,401.26,91.71,499.42,352.2,0.886,17.201
1031,7,517.45,119.42,587.39,300.5,0.5611,17.201
1031,11,498.37,201.99,652.13,401.04,0.8672,17.201
1032,1,401.02,91.81,499.68,352.98,0.886,17.217
1032,7,517.28,119.43,587.36,300.4,0.531,17.217
1032,11,497.84,201.18,650.35,401.07,0.8726,17.217
1033,1,400.91,92.01,499.92,353.33,0.8901,17.234
1033,7,515.98,119.5,586.14,300.79,0.4109,17.234
1033,11,497.54,200.72,648.52,401.08,0.8888,17.234
1034,1,400.78,91.93,500.27,353.76,0.8935,17.251
1034,7,516.28,120.21,583.74,293.55,0.4389,17.251
1034,11,497.16,199.8,646.93,401.11,0.8995,17.251
1035,1,400.78,91.9,500.45,353.42,0.8959,17.267
1035,11,496.99,199.15,645.39,401.17,0.9017,17.267
1036,1,400.64,92.02,500.83,354.1,0.8909,17.284
1036,11,496.93,198.39,644.11,401.15,0.8975,17.284
1036,7,516.8,120.45,582.61,288.35,0.358,17.284
1037,1,400.66,92.08,501.14,354.0,0.8914,17.301
1037,11,496.88,197.78,642.86,401.11,0.901,17.301
1038,1,400.55,92.08,501.63,354.78,0.8908,17.317
1038,11,496.67,197.22,641.47,401.08,0.8921,17.317
1039,1,400.55,91.74,501.96,354.54,0.8915,17.334
1039,11,496.08,196.22,639.82,400.94,0.882,17.334
1040,1,400.46,91.6,502.24,354.55,0.8926,17.351
1040,11,495.51,195.06,638.43,400.87,0.8761,17.351
1040,7,527.5,120.05,572.6,224.77,0.3578,17.351
1041,1,400.29,91.43,502.61,354.98,0.8949,17.367
1041,11,494.87,193.77,637.24,400.97,0.8681,17.367
1041,7,527.61,120.18,572.83,217.78,0.3668,17.367
1042,1,400.06,91.48,502.93,355.71,0.8954,17.384
1042,11,494.07,192.65,635.76,400.93,0.8691,17.384
1042,7,526.78,120.21,573.78,216.02,0.4141,17.384
1043,1,399.74,91.22,503.44,356.98,0.8983,17.401
1043,11,493.65,192.04,634.24,400.78,0.8685,17.401
1043,7,525.96,120.25,574.88,215.31,0.4067,17.401
1044,1,399.49,91.36,503.72,357.91,0.8984,17.417
1044,11,493.11,190.94,632.94,400.47,0.8593,17.417
1044,7,524.97,120.29,575.85,215.31,0.4431,17.417
1045,1,399.44,91.75,503.97,358.46,0.8972,17.434
1045,11,492.31,191.06,631.04,400.65,0.8589,17.434
1045,7,524.07,120.31,576.84,215.56,0.4873,17.434
1046,1,399.24,92.18,504.27,359.6,0.8983,17.451
1046,11,491.63,190.73,629.55,400.7,0.8545,17.451
1046,7,523.28,120.33,577.95,216.19,0.496,17.451
1047,1,399.1,92.34,504.63,360.46,0.8997,17.467
1047,11,490.46,190.03,627.74,400.66,0.8597,17.467
1047,7,522.73,120.36,579.13,216.77,0.4764,17.467
1048,1,399.03,92.48,505.16,361.55,0.9015,17.484
1048,11,489.01,189.53,625.61,400.67,0.8533,17.484
1048,7,522.08,120.4,579.19,215.86,0.4899,17.484
1049,1,399.2,92.63,505.54,361.43,0.9026,17.501
1049,11,487.79,188.85,623.88,400.53,0.8621,17.501
1049,7,521.72,120.42,579.06,214.22,0.4306,17.501
1050,1,399.16,92.69,506.01,362.13,0.9036,17.518
1050,11,486.29,188.05,622.01,400.49,0.8689,17.518
1050,7,522.66,120.42,578.09,208.55,0.4124,17.518
1051,1,399.15,92.61,506.4,362.49,0.9058,17.534
1051,11,485.07,187.2,620.46,400.54,0.8673,17.534
1052,1,399.18,92.5,506.79,362.6,0.9079,17.551
1052,11,484.67,186.31,619.7,400.39,0.87,17.551
1052,7,523.61,120.37,576.79,202.06,0.4567,17.551
1053,1,399.48,92.72,506.89,361.38,0.9088,17.568
1053,11,484.02,185.44,618.76,400.42,0.8679,17.568
1053,7,523.51,120.27,578.03,201.41,0.4692,17.568
1054,1,399.71,92.94,507.09,360.55,0.9095,17.584
1054,11,482.92,184.2,617.52,400.58,0.876,17.584
1054,7,522.93,120.25,577.79,199.69,0.4603,17.584
1055,1,400.24,93.16,507.36,358.94,0.908,17.601
1055,11,482.1,183.52,616.01,400.52,0.8827,17.601
1055,7,522.73,120.28,578.61,199.01,0.4481,17.601
1056,1,400.23,93.05,507.98,359.47,0.9048,17.618
1056,11,481.36,182.89,614.7,400.59,0.8801,17.618
1056,7,521.32,120.28,577.28,197.77,0.4633,17.618
1057,1,400.29,93.28,508.46,359.85,0.9039,17.634
1057,11,480.14,180.54,613.81,400.62,0.8629,17.634
1057,7,521.02,120.34,576.24,195.36,0.4726,17.634
1058,1,400.48,93.5,508.88,359.92,0.907,17.651
1058,11,478.96,179.58,612.25,400.74,0.8756,17.651
1058,7,521.67,120.18,574.43,190.26,0.4424,17.651
1059,1,400.39,93.72,509.19,360.73,0.907,17.668
1059,11,477.62,178.08,610.81,400.84,0.8814,17.668
1059,7,517.32,120.34,579.76,203.78,0.3734,17.668
1060,1,400.34,93.63,509.64,361.73,0.9064,17.684
1060,11,476.66,177.21,609.34,400.88,0.8929,17.684
1060,7,516.13,120.38,581.53,208.35,0.3803,17.684
1061,1,400.56,93.63,510.16,362.45,0.9035,17.701
1061,11,475.82,176.37,608.16,401.05,0.886,17.701
1062,1,401.01,93.8,510.8,363.02,0.9017,17.718
1062,11,474.73,175.47,606.71,401.06,0.8883,17.718
1063,1,400.92,92.37,511.55,363.99,0.907,17.734
1063,11,473.7,174.93,604.86,400.5,0.8947,17.734
1063,7,509.58,120.34,594.11,237.16,0.428,17.734
1064,1,401.87,92.36,511.9,362.56,0.9068,17.751
1064,11,471.75,174.58,602.46,400.49,0.8956,17.751
1064,7,508.89,120.63,596.45,244.93,0.5266,17.751
1065,1,401.73,91.32,512.64,364.22,0.909,17.768
1065,11,470.13,173.97,600.7,400.61,0.8986,17.768
1065,7,508.95,120.74,597.44,249.61,0.608,17.768
1066,1,402.06,90.58,513.38,365.02,0.9041,17.784
1066,11,468.6,173.33,599.21,400.91,0.8991,17.784
1066,7,510.06,120.72,596.53,249.45,0.5385,17.784
1067,1,402.78,89.95,514.02,364.84,0.9009,17.801
1067,11,467.64,172.85,598.19,401.14,0.8962,17.801
1067,7,511.02,120.66,595.5,248.8,0.4999,17.801
1068,1,403.09,89.42,514.46,365.5,0.899,17.818
1068,11,466.81,171.79,597.58,401.11,0.8951,17.818
1068,7,512.13,120.66,594.71,248.02,0.4883,17.818
1069,1,403.9,89.11,514.45,363.62,0.9013,17.834
1069,11,465.93,170.97,596.68,400.92,0.8923,17.834
1069,7,512.97,120.43,594.2,247.65,0.4128,17.834
1070,1,404.36,88.77,514.53,362.96,0.8956,17.851
1070,11,465.37,169.97,596.21,400.85,0.8944,17.851
1070,7,514.2,120.35,593.6,246.47,0.3586,17.851
1071,1,404.51,88.18,514.92,363.7,0.8955,17.868
1071,11,465.62,172.43,595.08,401.06,0.9082,17.868
1072,1,404.84,88.08,515.01,363.47,0.8984,17.885
1072,11,465.54,172.74,594.53,400.97,0.9077,17.885
1072,7,514.98,120.79,593.75,247.72,0.4562,17.885
1073,1,405.24,88.18,514.42,361.23,0.8904,17.901
1073,11,464.74,172.66,593.52,401.32,0.9094,17.901
1073,7,515.58,121.08,593.74,248.59,0.3697,17.901
1074,1,405.57,89.98,513.65,359.9,0.8721,17.918
1074,11,464.5,172.4,593.04,401.3,0.9051,17.918
1074,7,515.79,121.29,592.89,248.47,0.416,17.918
1075,1,407.42,90.12,511.76,350.07,0.8649,17.935
1075,11,464.03,171.62,592.6,401.44,0.9065,17.935
1075,7,516.08,121.26,592.74,249.02,0.4113,17.935
1076,1,407.66,90.91,510.62,346.76,0.8672,17.951
1076,11,463.36,170.74,591.86,401.5,0.9059,17.951
1076,7,516.5,121.28,592.84,249.74,0.3872,17.951
1077,1,407.83,91.27,510.03,344.4,0.8627,17.968
1077,11,462.9,170.07,591.1,401.21,0.9031,17.968
1077,7,517.09,121.31,592.33,248.96,0.3828,17.968
1078,1,407.94,91.24,509.6,342.16,0.8594,17.985
1078,11,461.84,169.17,590.06,401.06,0.8996,17.985
1078,7,516.75,121.34,592.68,251.58,0.4178,17.985
1079,1,407.63,91.38,509.07,341.02,0.8581,18.001
1079,11,461.42,167.81,589.88,401.02,0.8999,18.001
1079,7,517.18,121.46,592.69,252.33,0.4326,18.001
1080,1,407.27,90.7,508.89,339.98,0.8504,18.018
1080,11,460.85,166.78,589.38,400.92,0.8977,18.018
1080,7,517.74,121.55,592.75,252.89,0.3989,18.018
1081,1,406.84,90.63,508.76,340.17,0.8551,18.035
1081,11,459.83,165.67,588.68,400.92,0.9052,18.035
1081,7,518.28,121.59,592.69,253.23,0.4064,18.035
1082,1,406.54,90.69,508.48,339.7,0.8537,18.051
1082,11,458.82,164.54,588.04,400.95,0.9105,18.051
1082,7,519.3,121.56,591.88,251.02,0.4171,18.051
1083,1,405.95,90.17,508.23,339.65,0.8535,18.068
1083,11,457.8,163.75,587.29,400.96,0.9096,18.068
1083,7,506.73,121.47,604.32,302.98,0.3828,18.068
1084,1,405.5,89.92,507.77,339.03,0.8547,18.085
1084,11,456.92,162.5,586.9,401.12,0.9114,18.085
1084,7,503.53,121.59,607.73,323.35,0.4439,18.085
1085,1,405.4,89.75,507.33,337.56,0.8529,18.101
1085,11,455.64,161.71,586.1,401.32,0.9135,18.101
1085,7,503.86,121.5,607.81,330.41,0.4595,18.101
1086,1,405.8,89.68,506.83,334.79,0.8561,18.118
1086,11,452.49,160.53,584.09,401.53,0.8917,18.118
1086,7,505.48,121.58,606.86,332.59,0.4829,18.118
1087,1,405.73,89.2,506.79,334.0,0.8624,18.135
1087,11,451.49,159.94,583.62,401.75,0.8933,18.135
1087,7,507.85,121.63,605.06,330.36,0.5085,18.135
1088,1,405.67,89.27,506.64,333.4,0.8727,18.151
1088,11,450.66,159.57,583.07,401.89,0.889,18.151
1088,7,509.45,121.78,604.39,332.0,0.5174,18.151
1089,1,405.22,89.08,506.49,333.77,0.8709,18.168
1089,11,450.18,159.23,582.79,401.85,0.8826,18.168
1089,7,511.42,121.78,602.53,328.97,0.5465,18.168
1090,1,404.95,88.9,506.39,333.89,0.8744,18.185
1090,11,448.77,158.7,582.03,402.0,0.8781,18.185
1090,7,512.88,121.85,601.09,327.48,0.5354,18.185
1091,1,404.95,88.67,506.34,333.42,0.8813,18.202
1091,11,447.1,158.33,580.97,402.05,0.8772,18.202
1091,7,514.21,121.83,600.26,327.03,0.5256,18.202
1092,1,405.3,88.37,506.77,333.11,0.8779,18.218
1092,11,448.2,158.33,581.87,401.91,0.8682,18.218
1092,7,515.78,121.75,599.4,324.96,0.5284,18.218
1093,1,405.46,88.36,506.73,332.84,0.8757,18.235
1093,11,449.25,158.24,582.72,401.83,0.8674,18.235
1093,7,516.82,121.72,598.68,324.12,0.505,18.235
1094,1,405.49,88.82,506.44,332.97,0.869,18.252
1094,11,450.36,158.49,583.33,401.62,0.864,18.252
1094,7,519.04,120.97,598.78,321.03,0.524,18.252
1095,1,405.54,88.77,506.3,332.96,0.8712,18.268
1095,11,451.07,158.49,583.46,401.62,0.8769,18.268
1095,7,520.29,120.66,598.65,319.74,0.5326,18.268
1096,1,405.8,88.51,506.5,333.14,0.868,18.285
1096,11,451.83,159.0,583.32,401.69,0.8817,18.285
1096,7,521.11,120.55,598.4,319.21,0.5344,18.285
1097,1,405.86,88.51,506.43,333.43,0.8641,18.302
1097,11,452.48,159.26,583.22,401.73,0.8881,18.302
1097,7,521.88,120.43,597.84,317.66,0.5282,18.302
1098,1,405.75,88.24,506.39,333.85,0.8662,18.318
1098,11,453.1,159.85,582.8,401.62,0.8869,18.318
1098,7,522.28,120.43,597.27,317.06,0.5342,18.318
1099,1,405.41,88.07,506.08,334.34,0.8658,18.335
1099,11,453.47,160.05,582.44,401.66,0.8901,18.335
1099,7,522.01,121.55,595.39,315.15,0.5173,18.335
1100,1,405.13,87.92,505.89,334.87,0.8652,18.352
1100,11,453.94,161.16,581.82,401.68,0.8957,18.352
1100,7,521.95,121.92,594.57,314.5,0.5361,18.352
1101,1,404.87,88.08,505.38,334.8,0.8662,18.368
1101,11,454.42,162.03,581.33,401.71,0.8953,18.368
1101,7,522.78,121.05,595.46,315.21,0.5345,18.368
1102,1,404.56,88.25,504.86,334.78,0.8682,18.385
1102,11,455.47,163.99,580.85,401.61,0.8936,18.385
1102,7,523.0,120.69,595.51,315.43,0.528,18.385
1103,1,404.23,88.28,504.42,334.88,0.8689,18.402
1103,11,455.97,164.79,580.62,401.7,0.8942,18.402
1103,7,523.17,120.6,595.3,315.13,0.5405,18.402
1104,1,403.86,88.0,503.99,335.05,0.8687,18.418
1104,11,456.27,165.12,580.38,401.76,0.8932,18.418
1104,7,523.09,120.57,595.1,315.54,0.5492,18.418
1105,1,403.54,87.75,503.83,335.73,0.8658,18.435
1105,11,456.35,165.36,579.96,401.81,0.8922,18.435
1105,7,523.0,120.52,594.98,316.06,0.5746,18.435
1106,1,403.03,87.6,503.33,336.17,0.8679,18.452
1106,11,456.6,165.26,579.68,401.61,0.8863,18.452
1106,7,523.0,120.43,594.83,316.06,0.5651,18.452
1107,1,402.37,87.04,503.04,337.2,0.8727,18.468
1107,11,456.64,165.21,579.22,401.42,0.8876,18.468
1107,7,522.73,120.32,595.02,317.94,0.5453,18.468
1108,1,401.85,86.55,502.53,337.38,0.8696,18.485
1108,11,456.57,165.06,578.81,401.49,0.8861,18.485
1108,7,521.05,120.32,596.57,328.63,0.4924,18.485
1109,1,401.33,86.26,501.95,337.59,0.8757,18.502
1109,11,458.21,165.83,577.49,396.52,0.8873,18.502
1109,7,520.02,120.19,597.56,336.33,0.4927,18.502
1110,1,400.6,86.0,501.13,337.95,0.875,18.518
1110,11,458.41,166.35,577.06,396.1,0.8981,18.518
1110,7,520.25,120.12,597.49,337.3,0.4947,18.518
1111,1,400.35,85.73,500.92,338.29,0.8785,18.535
1111,11,458.4,166.5,576.93,396.32,0.9036,18.535
1111,7,521.22,120.13,596.29,332.19,0.5019,18.535
1112,1,399.99,85.65,500.38,338.53,0.884,18.552
1112,11,458.38,166.5,576.85,396.41,0.9044,18.552
1112,7,522.13,120.05,595.49,328.03,0.5235,18.552
1113,1,400.2,85.73,500.4,338.44,0.8879,18.569
1113,11,458.13,166.29,576.63,396.69,0.9061,18.569
1113,7,522.56,120.09,595.14,326.54,0.5241,18.569
1114,1,399.89,85.78,499.63,337.94,0.8883,18.585
1114,11,457.74,165.67,576.62,397.22,0.9097,18.585
1114,7,521.32,120.81,595.86,335.01,0.5365,18.585
1115,1,399.75,85.78,499.14,337.48,0.8891,18.602
1115,11,457.23,165.21,576.34,397.68,0.909,18.602
1115,7,521.06,121.31,596.16,339.39,0.5422,18.602
1116,1,399.38,85.7,498.14,336.42,0.8909,18.619
1116,11,456.85,165.12,575.99,398.03,0.9059,18.619
1116,7,521.57,121.86,596.0,339.73,0.5762,18.619
1117,1,398.9,85.44,497.4,336.06,0.8909,18.635
1117,11,456.55,164.85,576.01,398.54,0.9045,18.635
1117,7,521.88,122.13,595.98,340.75,0.5897,18.635
1118,1,398.24,85.39,496.29,335.52,0.8916,18.652
1118,11,455.83,164.81,575.06,398.61,0.8975,18.652
1118,7,522.44,122.81,596.22,341.72,0.6063,18.652
1119,1,397.49,85.15,495.19,335.29,0.8937,18.669
1119,11,455.22,165.01,574.08,398.59,0.8976,18.669
1119,7,523.78,123.12,595.67,336.71,0.6349,18.669
1120,1,396.84,85.19,494.16,335.45,0.8946,18.685
1120,11,454.56,165.1,572.91,398.1,0.8957,18.685
1120,7,524.57,123.33,595.09,332.68,0.6523,18.685
1121,1,396.66,85.6,493.38,335.13,0.8931,18.702
1121,11,453.44,164.3,571.98,398.27,0.8861,18.702
1121,7,524.99,123.01,594.96,330.6,0.6653,18.702
1122,1,396.61,85.61,492.93,335.02,0.8927,18.719
1122,11,451.65,162.45,571.37,399.68,0.8768,18.719
1122,7,524.19,123.61,595.99,336.88,0.6532,18.719
1123,1,396.33,85.77,492.2,334.9,0.8982,18.735
1123,11,450.91,162.19,570.64,400.15,0.8718,18.735
1123,7,522.91,123.75,597.42,346.27,0.6447,18.735
1124,1,396.02,85.61,491.36,334.36,0.9041,18.752
1124,11,450.37,161.54,570.24,400.41,0.869,18.752
1124,7,524.01,122.59,595.73,336.0,0.6405,18.752
1125,1,395.92,85.45,490.87,334.18,0.9029,18.769
1125,11,449.78,161.79,569.39,400.55,0.8664,18.769
1125,7,524.6,122.31,595.05,330.91,0.6439,18.769
1126,1,395.45,85.06,490.08,334.11,0.9052,18.785
1126,11,448.93,162.2,568.2,400.65,0.8633,18.785
1126,7,524.92,121.97,594.53,326.92,0.6581,18.785
1127,1,394.88,84.58,489.27,334.29,0.9051,18.802
1127,11,448.36,162.24,567.5,400.6,0.8666,18.802
1127,7,524.99,121.86,594.14,324.48,0.6606,18.802
1128,1,393.07,84.69,487.12,333.94,0.9049,18.819
1128,11,447.47,163.51,565.97,400.69,0.8782,18.819
1128,7,524.56,121.66,594.18,325.06,0.6592,18.819
1129,1,392.23,84.22,486.11,333.41,0.9095,18.835
1129,11,447.13,163.77,565.63,400.89,0.8846,18.835
1129,7,520.78,122.94,598.62,353.14,0.666,18.835
1130,1,391.55,83.91,485.37,333.31,0.9127,18.852
1130,11,446.69,164.58,564.81,400.93,0.8838,18.852
1130,7,518.71,123.11,601.12,370.32,0.6649,18.852
1131,1,391.09,83.25,484.84,332.74,0.9083,18.869
1131,11,446.31,165.05,564.12,400.92,0.8882,18.869
1131,7,518.02,123.14,601.88,378.01,0.6839,18.869
1132,1,390.97,83.18,484.6,332.65,0.9149,18.886
1132,11,445.83,165.52,563.47,401.04,0.8929,18.886
1132,7,517.67,123.07,602.11,383.06,0.6993,18.886
1133,1,391.09,83.63,484.47,332.72,0.9039,18.902
1133,11,444.76,164.78,562.8,401.19,0.8972,18.902
1133,7,517.71,123.27,602.2,387.0,0.7122,18.902
1134,1,391.03,83.45,484.34,332.68,0.908,18.919
1134,11,444.31,164.84,562.31,401.17,0.8964,18.919
1134,7,517.69,123.14,601.92,389.38,0.7239,18.919
1135,1,392.03,83.1,484.92,332.43,0.8916,18.936
1135,11,443.39,164.0,561.74,401.1,0.8951,18.936
1135,7,518.31,123.09,601.42,388.89,0.7178,18.936
1136,1,392.51,83.54,484.75,332.43,0.8921,18.952
1136,11,442.28,163.43,560.95,401.07,0.8981,18.952
1136,7,518.81,122.86,600.96,388.52,0.7405,18.952
1137,1,392.71,83.24,484.5,332.24,0.8875,18.969
1137,11,441.65,163.92,560.13,400.95,0.8921,18.969
1137,7,519.26,122.56,600.57,388.18,0.7464,18.969
1138,1,392.43,83.41,483.6,332.03,0.8866,18.986
1138,11,441.19,164.66,559.37,400.77,0.8843,18.986
1138,7,518.86,121.74,600.54,392.23,0.7774,18.986
1139,1,392.0,83.76,482.68,332.43,0.8847,19.002
1139,11,440.58,163.65,559.28,400.77,0.8803,19.002
1139,7,518.68,121.32,600.35,395.5,0.807,19.002
1140,1,391.75,83.84,481.9,332.56,0.8833,19.019
1140,11,439.5,162.8,558.64,400.78,0.8848,19.019
1140,7,518.96,121.16,600.0,396.86,0.8176,19.019
1141,1,391.67,84.06,481.03,332.14,0.8792,19.036
1141,11,438.42,162.28,557.98,400.93,0.8763,19.036
1141,7,519.21,120.9,599.81,398.78,0.8232,19.036
1142,1,391.52,83.41,480.39,331.81,0.8837,19.052
1142,11,437.14,162.13,556.85,401.26,0.8713,19.052
1142,7,519.55,120.95,599.41,399.67,0.8295,19.052
1143,1,390.45,82.53,478.83,330.96,0.8848,19.069
1143,11,436.56,162.6,556.22,401.58,0.8803,19.069
1143,7,519.94,121.01,599.06,400.26,0.8024,19.069
1144,1,390.41,83.03,477.83,329.92,0.896,19.086
1144,11,435.76,162.8,555.25,401.49,0.8882,19.086
1144,7,520.32,121.27,598.61,400.5,0.8133,19.086
1145,1,390.27,82.81,476.97,329.01,0.9013,19.102
1145,11,435.59,164.49,554.37,401.46,0.8868,19.102
1145,7,520.64,121.2,598.29,400.56,0.806,19.102
1146,1,390.31,82.84,476.34,328.42,0.8968,19.119
1146,11,435.16,164.01,554.22,401.37,0.883,19.119
1146,7,521.45,121.25,598.61,400.53,0.8063,19.119
1147,1,390.55,82.75,475.85,327.54,0.9055,19.136
1147,11,434.74,165.15,553.44,401.24,0.8869,19.136
1147,7,521.82,121.14,598.6,400.36,0.816,19.136
1148,1,391.05,82.67,475.87,327.38,0.9028,19.152
1148,11,433.06,162.69,553.1,401.21,0.8818,19.152
1148,7,522.13,121.45,598.37,400.09,0.8154,19.152
1149,1,391.09,82.18,475.54,327.21,0.9027,19.169
1149,11,431.63,162.05,552.07,401.06,0.883,19.169
1149,7,522.15,121.6,598.02,400.08,0.8178,19.169
1150,1,391.17,81.63,475.13,326.58,0.8969,19.186
1150,11,430.98,161.26,551.96,401.3,0.8781,19.186
1150,7,522.42,121.13,598.13,399.87,0.8302,19.186
1151,1,391.1,81.21,474.67,326.34,0.899,19.203
1151,11,430.43,161.07,551.52,401.39,0.885,19.203
1151,7,522.52,120.88,598.05,399.76,0.8309,19.203
1152,1,391.07,81.26,474.4,327.13,0.9011,19.219
1152,11,430.1,162.28,550.41,401.21,0.887,19.219
1152,7,522.48,121.11,597.78,399.87,0.8355,19.219
1153,1,391.09,81.33,474.15,327.95,0.9089,19.236
1153,11,429.74,163.82,549.31,401.28,0.8979,19.236
1153,7,522.52,121.82,597.61,400.22,0.8397,19.236
1154,1,391.1,81.13,473.8,328.16,0.8902,19.253
1154,11,429.14,161.89,549.85,401.89,0.9003,19.253
1154,7,522.43,121.32,597.4,399.93,0.837,19.253
1155,1,391.43,80.99,473.67,327.79,0.8831,19.269
1155,11,428.7,160.78,549.87,402.11,0.8967,19.269
1155,7,522.43,121.07,597.36,400.12,0.8371,19.269
1156,1,391.88,80.8,473.75,327.55,0.8775,19.286
1156,11,428.28,160.13,549.55,402.09,0.9014,19.286
1156,7,522.36,120.85,597.19,400.23,0.8392,19.286
1157,1,391.9,80.77,473.51,327.92,0.8752,19.303
1157,11,427.62,159.28,548.89,401.82,0.9032,19.303
1157,7,522.31,120.96,597.01,400.42,0.8384,19.303
1158,1,391.68,80.71,472.94,328.01,0.8669,19.319
1158,11,427.25,158.69,548.34,401.6,0.8986,19.319
1158,7,522.36,121.06,596.88,400.2,0.838,19.319
1159,1,392.42,81.35,472.62,325.96,0.8293,19.336
1159,11,426.89,158.81,547.45,401.42,0.8929,19.336
1159,7,522.55,120.73,597.04,400.1,0.8424,19.336
1160,1,392.51,81.15,472.77,326.65,0.8574,19.353
1160,11,426.92,160.04,546.59,401.42,0.8908,19.353
1160,7,522.44,121.16,596.79,400.45,0.8468,19.353
1161,1,393.05,81.47,472.66,325.09,0.8244,19.369
1161,11,426.65,159.72,546.17,401.36,0.8879,19.369
1161,7,522.39,121.44,596.58,400.57,0.8522,19.369
1162,1,393.64,81.52,472.76,323.39,0.8172,19.386
1162,11,426.81,160.57,545.69,401.19,0.8845,19.386
1162,7,522.37,121.51,596.48,400.72,0.8612,19.386
1163,1,394.53,81.4,472.91,320.09,0.8146,19.403
1163,11,427.02,162.04,545.05,400.98,0.8792,19.403
1163,7,522.42,121.32,596.48,400.67,0.8671,19.403
1164,1,395.18,81.29,473.25,317.71,0.7999,19.419
1164,11,427.33,164.72,543.82,400.36,0.8789,19.419
1164,7,522.39,121.19,596.33,400.5,0.8689,19.419
1165,1,395.43,81.31,472.92,314.65,0.802,19.436
1165,11,425.9,161.1,543.8,400.19,0.8722,19.436
1165,7,522.4,121.4,596.19,400.38,0.8647,19.436
1166,1,395.73,81.27,473.19,313.03,0.7973,19.453
1166,11,425.4,160.19,543.4,400.04,0.871,19.453
1166,7,522.47,121.41,596.19,400.36,0.867,19.453
1167,1,396.1,81.25,473.46,311.41,0.7977,19.469
1167,11,425.22,159.88,542.99,399.62,0.8715,19.469
1167,7,522.5,121.22,596.19,400.25,0.8705,19.469
1168,1,396.11,81.3,473.97,311.76,0.7862,19.486
1168,11,425.22,160.94,542.3,399.55,0.8704,19.486
1168,7,522.57,121.19,596.13,399.97,0.8692,19.486
1169,1,396.57,81.22,473.9,308.12,0.764,19.503
1169,11,424.82,160.52,541.81,399.23,0.8637,19.503
1169,7,522.39,121.34,595.86,399.86,0.873,19.503
1170,1,396.6,81.18,473.88,306.18,0.7796,19.52
1170,11,424.45,159.79,541.6,399.26,0.8692,19.52
1170,7,522.37,121.46,595.82,399.95,0.872,19.52
1171,1,396.19,80.9,473.51,304.86,0.7909,19.536
1171,11,424.12,158.5,541.77,399.42,0.8725,19.536
1171,7,522.47,121.55,595.9,400.14,0.8699,19.536
1172,1,395.79,80.58,473.69,305.03,0.7834,19.553
1172,11,423.78,157.71,541.66,399.64,0.8742,19.553
1172,7,522.64,121.79,596.02,400.31,0.8722,19.553
1173,1,396.14,80.18,474.27,304.37,0.7859,19.57
1173,11,423.79,157.62,541.51,399.71,0.8708,19.57
1173,7,522.66,122.07,595.94,400.4,0.8698,19.57
1174,1,396.07,80.07,474.35,303.96,0.7815,19.586
1174,11,423.69,157.49,541.34,399.89,0.8732,19.586
1174,7,522.84,122.25,596.02,400.38,0.8664,19.586
1175,1,394.91,79.95,473.43,304.83,0.7765,19.603
1175,11,423.82,157.6,541.24,399.85,0.8757,19.603
1175,7,522.96,122.33,596.03,400.29,0.8624,19.603
1176,1,395.76,79.79,474.84,305.65,0.7699,19.62
1176,11,424.08,158.31,540.97,399.64,0.8725,19.62
1176,7,522.99,122.25,596.1,400.58,0.8608,19.62
1177,1,396.69,79.18,476.22,305.56,0.7487,19.636
1177,11,423.73,157.64,541.08,400.28,0.8826,19.636
1177,7,523.03,122.39,596.03,400.69,0.8533,19.636
1178,1,396.97,79.33,477.2,307.01,0.7553,19.653
1178,11,423.7,157.14,541.22,400.49,0.883,19.653
1178,7,523.07,122.46,595.98,400.77,0.8506,19.653
1179,1,397.41,79.46,477.62,306.35,0.7427,19.67
1179,11,423.85,157.13,541.21,400.53,0.8843,19.67
1179,7,523.06,122.45,595.89,400.78,0.8509,19.67
1180,1,397.62,79.99,478.03,306.76,0.7365,19.686
1180,11,423.92,156.71,541.27,400.49,0.8849,19.686
1180,7,523.1,122.48,595.82,400.68,0.8407,19.686
1181,1,398.35,80.18,478.54,305.42,0.7465,19.703
1181,11,424.23,157.03,541.05,400.09,0.8718,19.703
1181,7,522.46,122.29,595.11,400.6,0.8743,19.703
1182,1,398.69,80.62,479.25,306.29,0.7523,19.72
1182,11,424.58,157.57,540.91,399.77,0.8654,19.72
1182,7,522.22,122.22,594.77,400.46,0.8737,19.72
1183,1,398.42,80.72,479.67,308.36,0.7533,19.736
1183,11,425.03,158.66,540.76,399.73,0.8638,19.736
1183,7,522.21,122.13,594.68,400.42,0.8707,19.736
1184,1,399.39,80.68,481.0,308.54,0.7427,19.753
1184,11,425.64,160.26,540.32,399.05,0.8627,19.753
1184,7,522.06,122.16,594.53,400.52,0.8711,19.753
1185,1,399.73,80.75,481.75,309.29,0.7498,19.77
1185,11,426.13,161.1,540.25,398.74,0.8657,19.77
1185,7,522.14,122.25,594.49,400.45,0.868,19.77
1186,1,400.88,80.02,482.11,304.75,0.7531,19.786
1186,11,426.59,162.62,540.09,398.78,0.8708,19.786
1186,7,522.21,122.13,594.52,400.34,0.8647,19.786
1187,1,401.67,79.71,483.33,304.2,0.7459,19.803
1187,11,426.81,162.83,540.29,398.85,0.8763,19.803
1187,7,522.45,122.12,594.7,400.33,0.8632,19.803
1188,1,402.65,79.32,484.31,301.94,0.7815,19.82
1188,11,427.09,163.4,540.36,398.92,0.8752,19.82
1188,7,522.56,122.17,594.69,400.25,0.8642,19.82
1189,1,403.17,79.24,486.2,303.95,0.7197,19.836
1189,11,427.46,163.29,540.97,399.88,0.8753,19.836
1189,7,522.55,122.29,594.55,400.09,0.8595,19.836
1190,1,402.44,79.33,489.93,316.09,0.7241,19.853
1190,11,427.6,164.71,540.28,399.53,0.8804,19.853
1190,7,522.72,122.42,594.55,399.89,0.8528,19.853
1191,1,402.45,79.04,491.82,320.85,0.6905,19.87
1191,11,427.75,166.1,540.07,400.19,0.8842,19.87
1191,7,522.83,122.47,594.59,399.86,0.8493,19.87
1192,1,402.32,78.92,493.17,324.8,0.6774,19.887
1192,11,427.92,167.12,539.94,400.55,0.8843,19.887
1192,7,522.87,122.4,594.58,399.82,0.8457,19.887
1193,1,402.34,78.74,494.47,328.35,0.7429,19.903
1193,11,428.56,168.43,540.01,400.56,0.8835,19.903
1193,7,522.93,122.45,594.57,399.74,0.8464,19.903
1194,1,402.42,78.23,495.27,329.91,0.7917,19.92
1194,11,429.22,171.06,539.52,400.51,0.8884,19.92
1194,7,522.88,122.14,594.6,399.7,0.8521,19.92
1195,1,402.76,77.86,495.67,329.52,0.7929,19.937
1195,11,429.67,172.81,539.31,400.19,0.883,19.937
1195,7,522.97,121.92,594.78,399.78,0.8489,19.937
1196,1,403.83,76.96,497.23,330.38,0.8237,19.953
1196,11,430.2,175.11,539.08,400.18,0.8808,19.953
1196,7,522.81,121.62,594.72,399.77,0.8508,19.953
1197,1,404.7,76.16,498.18,330.3,0.8208,19.97
1197,11,430.6,177.38,538.85,400.27,0.8848,19.97
1197,7,522.39,121.29,594.51,400.0,0.8684,19.97
1198,1,405.34,76.53,498.73,330.46,0.8126,19.987
1198,11,430.76,179.32,538.54,400.36,0.8865,19.987
1198,7,522.09,120.99,594.42,400.23,0.8717,19.987
1199,1,406.13,77.19,499.44,330.61,0.7859,20.003
1199,11,431.0,181.28,538.16,399.94,0.887,20.003
1199,7,521.86,120.62,594.43,400.45,0.8755,20.003
1200,1,406.09,77.38,499.58,330.72,0.8061,20.02
1200,11,431.43,183.12,538.17,399.73,0.8873,20.02
1200,7,521.6,120.49,594.41,400.73,0.8789,20.02
1201,1,406.31,77.13,499.75,329.6,0.8159,20.037
1201,11,431.7,184.7,538.23,399.69,0.8865,20.037
1201,7,521.34,120.38,594.33,400.95,0.8722,20.037
1202,1,406.6,76.77,500.1,328.01,0.8359,20.053
1202,11,432.11,187.09,538.14,399.66,0.8803,20.053
1202,7,521.5,120.58,594.63,400.93,0.8664,20.053
1203,1,406.69,76.67,500.53,327.18,0.8182,20.07
1203,11,432.76,190.65,537.96,399.71,0.8768,20.07
1203,7,521.62,121.09,594.7,400.78,0.8657,20.07
1204,1,406.73,75.15,501.05,325.41,0.7983,20.087
1204,11,433.27,194.08,537.69,399.62,0.854,20.087
1204,7,521.8,121.53,594.64,399.86,0.8535,20.087
1205,1,406.63,74.26,501.94,325.76,0.7791,20.103
1205,11,433.69,196.44,537.94,399.63,0.8495,20.103
1205,7,522.01,121.74,594.78,399.3,0.853,20.103
1206,1,406.98,74.46,502.53,324.82,0.8218,20.12
1206,11,432.76,197.3,537.92,400.65,0.8424,20.12
1206,7,522.04,121.72,594.96,399.02,0.8517,20.12
1207,1,406.99,74.6,503.26,325.38,0.8288,20.137
1207,11,432.8,198.81,538.33,401.24,0.8309,20.137
1207,7,522.08,121.72,595.03,398.5,0.8465,20.137
1208,1,407.29,74.79,503.51,323.71,0.8279,20.153
1208,11,435.01,200.67,540.2,400.33,0.8386,20.153
1208,7,522.02,121.72,595.25,398.66,0.8495,20.153
1209,1,408.27,74.73,504.6,321.58,0.8194,20.17
1209,11,436.7,204.07,541.63,400.45,0.8208,20.17
1209,7,522.36,121.8,595.6,397.39,0.8433,20.17
1210,1,408.09,74.29,504.62,319.84,0.8019,20.187
1210,11,437.43,206.21,542.5,400.19,0.8501,20.187
1210,7,522.81,121.89,596.09,396.09,0.8541,20.187
1211,1,407.8,74.34,504.67,319.3,0.8099,20.204
1211,11,437.95,208.83,543.32,400.52,0.8447,20.204
1211,7,522.87,121.55,596.32,394.94,0.8551,20.204
1212,1,408.53,74.38,505.1,316.5,0.7971,20.22
1212,11,436.38,211.18,542.03,400.73,0.852,20.22
1212,7,522.91,121.31,596.39,393.33,0.8583,20.22
1213,1,408.01,73.95,505.73,317.73,0.7964,20.237
1213,11,435.58,213.61,541.37,400.92,0.8421,20.237
1213,7,522.82,121.24,596.7,393.22,0.856,20.237
1214,1,407.07,73.62,505.44,318.39,0.82,20.254
1214,11,436.71,215.88,542.61,400.7,0.8433,20.254
1214,7,522.91,121.32,596.89,392.3,0.8563,20.254
1215,1,406.79,73.74,505.62,319.31,0.8169,20.27
1215,11,437.41,217.12,544.2,400.73,0.8434,20.27
1215,7,523.18,121.39,596.69,388.76,0.8507,20.27
1216,1,406.83,73.79,504.95,317.19,0.8312,20.287
1216,11,437.15,218.43,544.5,400.41,0.8268,20.287
1216,7,523.38,121.71,596.69,386.56,0.8541,20.287
1217,1,407.07,73.51,504.57,314.88,0.8364,20.304
1217,11,438.86,221.29,546.22,400.06,0.7641,20.304
1217,7,522.92,121.42,597.26,389.11,0.8436,20.304
1218,1,407.61,73.51,503.83,310.66,0.8427,20.32
1218,11,438.69,223.3,546.65,400.09,0.7592,20.32
1218,7,523.57,121.38,597.45,385.59,0.8434,20.32
1219,1,407.47,73.42,503.46,309.38,0.8483,20.337
1219,11,438.76,226.34,546.8,400.28,0.7304,20.337
1219,7,524.85,120.99,596.54,374.38,0.8482,20.337
1220,1,407.73,73.48,502.84,306.48,0.8482,20.354
1220,11,439.11,228.61,547.82,400.57,0.6754,20.354
1220,7,525.34,120.86,596.44,369.58,0.84,20.354
1221,1,407.68,73.59,502.38,304.98,0.8554,20.37
1221,11,439.15,230.46,548.87,401.09,0.7173,20.37
1221,7,525.02,120.7,596.89,370.05,0.8314,20.37
1222,1,407.78,73.74,501.89,302.88,0.8584,20.387
1222,11,440.07,233.85,550.01,401.31,0.7315,20.387
1222,7,524.42,120.55,597.18,371.16,0.8329,20.387
1223,1,407.02,73.76,502.27,305.57,0.8459,20.404
1223,11,439.61,234.77,550.83,401.1,0.6854,20.404
1223,7,524.18,120.69,597.07,369.75,0.8353,20.404
1224,1,406.95,73.23,500.92,301.04,0.8494,20.42
1224,11,438.96,236.88,550.66,401.12,0.7212,20.42
1224,7,523.99,121.54,597.2,369.64,0.8209,20.42
1225,1,406.72,73.25,500.25,299.28,0.8579,20.437
1225,11,438.92,238.23,551.64,401.13,0.6958,20.437
1225,7,523.78,122.58,597.42,370.08,0.8162,20.437
1226,1,406.65,73.48,500.83,300.96,0.8649,20.454
1226,11,439.18,239.4,553.01,400.99,0.6209,20.454
1226,7,522.36,121.26,596.94,370.14,0.8122,20.454
1227,1,406.8,73.67,500.35,299.31,0.8692,20.47
1227,11,438.63,241.24,553.04,401.16,0.6476,20.47
1227,7,521.47,120.36,596.87,370.19,0.8145,20.47
1228,1,406.46,73.42,499.38,296.89,0.8631,20.487
1228,11,438.94,242.83,554.29,401.37,0.6519,20.487
1228,7,521.12,121.79,596.75,370.5,0.8225,20.487
1229,1,406.1,73.2,498.79,295.52,0.8531,20.504
1229,11,438.8,244.16,555.2,401.47,0.6575,20.504
1229,7,520.84,122.22,597.11,371.2,0.8293,20.504
1230,1,405.16,73.11,499.12,298.43,0.8368,20.521
1230,11,438.73,245.39,556.05,401.25,0.6076,20.521
1230,7,520.19,120.36,597.57,370.65,0.8255,20.521
1231,1,405.27,73.41,498.72,297.29,0.8451,20.537
1231,11,438.25,246.31,556.74,401.26,0.5706,20.537
1231,7,518.95,120.66,597.14,370.07,0.838,20.537
1232,1,404.45,73.5,499.2,301.01,0.8334,20.554
1232,11,437.89,246.89,557.6,401.2,0.5462,20.554
1232,7,517.66,120.54,596.94,369.7,0.844,20.554
1233,1,404.02,73.03,498.82,300.87,0.833,20.571
1233,11,437.3,247.48,558.14,401.18,0.5428,20.571
1233,7,516.5,118.9,597.37,369.97,0.8431,20.571
1234,1,403.48,72.93,498.69,302.48,0.8325,20.587
1234,11,436.99,248.01,559.02,401.3,0.5551,20.587
1234,7,515.29,118.15,597.51,370.25,0.8389,20.587
1235,1,403.64,72.36,497.67,299.04,0.8365,20.604
1235,11,437.76,247.94,561.28,401.38,0.5455,20.604
1235,7,514.08,117.86,597.49,370.44,0.8354,20.604
1236,1,403.42,72.41,496.92,297.87,0.8438,20.621
1236,11,437.41,247.84,562.23,401.38,0.577,20.621
1236,7,512.92,117.75,597.62,371.12,0.8412,20.621
1237,1,403.27,72.26,496.51,297.14,0.847,20.637
1237,11,436.9,247.83,562.91,401.41,0.5914,20.637
1237,7,512.1,117.63,597.88,371.19,0.8414,20.637
1238,1,403.08,72.31,496.19,297.19,0.8438,20.654
1238,11,435.75,248.49,562.42,401.44,0.5386,20.654
1238,7,511.01,117.54,597.9,371.36,0.8375,20.654
1239,1,403.0,72.21,495.73,296.26,0.8478,20.671
1239,11,435.11,248.94,562.49,401.41,0.5171,20.671
1239,7,510.04,117.47,598.01,371.51,0.8366,20.671
1240,1,404.09,72.38,493.91,288.06,0.8585,20.687
1240,11,435.53,249.46,563.17,401.0,0.6505,20.687
1240,7,508.83,118.17,598.41,374.51,0.8437,20.687
1241,1,404.01,71.93,493.3,285.3,0.8571,20.704
1241,11,435.63,250.0,563.66,400.84,0.6714,20.704
1241,7,508.25,118.33,598.75,375.08,0.8434,20.704
1242,1,403.59,71.54,493.26,284.98,0.8559,20.721
1242,11,435.42,250.09,564.2,400.77,0.6637,20.721
1242,7,507.95,118.41,598.97,374.53,0.8475,20.721
1243,1,402.51,70.8,493.96,288.57,0.8587,20.737
1243,11,434.94,249.91,564.63,400.76,0.6695,20.737
1243,7,507.76,118.54,599.23,373.95,0.8513,20.737
1244,1,401.84,70.37,494.12,290.28,0.858,20.754
1244,11,434.64,249.57,565.24,400.79,0.6819,20.754
1244,7,507.55,118.46,599.52,373.53,0.8535,20.754
1245,1,401.44,70.18,493.82,290.47,0.862,20.771
1245,11,434.44,249.78,565.42,400.77,0.6837,20.771
1245,7,507.32,118.04,599.95,373.65,0.8544,20.771
1246,1,401.06,70.19,493.45,290.72,0.8673,20.787
1246,11,434.16,249.54,565.82,400.78,0.6859,20.787
1246,7,507.69,117.85,600.64,373.52,0.8498,20.787
1247,1,400.75,70.05,493.11,290.75,0.8704,20.804
1247,11,434.01,249.54,566.12,400.78,0.6359,20.804
1247,7,507.41,117.47,600.88,373.8,0.8534,20.804
1248,1,400.57,69.82,492.77,290.45,0.8732,20.821
1248,11,433.17,249.31,566.38,401.44,0.5963,20.821
1248,7,507.63,117.36,601.37,374.12,0.8556,20.821
1249,1,400.48,69.87,492.46,290.17,0.8766,20.837
1249,11,433.11,250.7,565.2,401.15,0.6071,20.837
1249,7,507.77,117.01,601.39,373.14,0.8561,20.837
1250,1,400.36,69.81,492.1,289.82,0.8781,20.854
1250,11,432.77,250.15,565.93,401.55,0.5948,20.854
1250,7,507.84,116.8,601.44,372.72,0.8549,20.854
1251,1,400.09,69.38,491.67,289.28,0.8803,20.871
1251,11,432.39,249.66,566.26,401.69,0.5842,20.871
1251,7,507.57,116.53,601.29,372.47,0.8602,20.871
1252,1,400.4,68.84,491.14,286.56,0.8841,20.888
1252,11,433.26,249.62,566.87,401.13,0.6147,20.888
1252,7,507.76,117.12,600.71,370.07,0.8767,20.888
1253,1,399.73,68.31,491.23,288.23,0.8851,20.904
1253,11,432.7,250.48,565.61,401.05,0.6096,20.904
1253,7,506.9,117.43,599.72,368.95,0.8934,20.904
1254,1,399.14,68.28,490.83,289.12,0.8874,20.921
1254,11,433.47,250.21,566.65,400.91,0.7267,20.921
1254,7,505.74,117.45,598.94,368.75,0.9052,20.921
1255,1,398.53,67.59,490.54,289.65,0.8919,20.938
1255,11,433.91,250.16,567.29,400.89,0.7235,20.938
1255,7,504.4,117.45,598.09,368.62,0.8992,20.938
1256,1,398.17,67.41,490.44,290.59,0.8928,20.954
1256,11,434.03,249.81,567.85,400.92,0.7145,20.954
1256,7,503.38,117.52,597.5,368.3,0.8948,20.954
1257,1,398.17,66.88,490.73,291.25,0.897,20.971
1257,11,432.91,250.19,566.46,400.96,0.5938,20.971
1257,7,502.17,117.55,596.77,368.01,0.8987,20.971
1258,1,397.97,66.28,490.76,291.69,0.9008,20.988
1258,11,433.42,249.18,567.74,400.82,0.625,20.988
1258,7,500.39,116.8,596.19,368.77,0.9023,20.988
1259,1,397.76,65.55,490.75,291.97,0.9013,21.004
1259,11,433.51,248.68,568.28,400.8,0.701,21.004
1259,7,498.97,116.23,595.34,368.09,0.9038,21.004
1260,1,397.62,65.23,490.64,292.18,0.9056,21.021
1260,11,433.48,248.33,568.53,400.79,0.7151,21.021
1260,7,498.15,115.93,594.91,367.42,0.9064,21.021
1261,1,397.2,64.83,490.33,292.37,0.9069,21.038
1261,11,433.34,247.87,568.68,400.72,0.7135,21.038
1261,7,497.26,115.97,594.47,367.39,0.895,21.038
1262,1,397.0,64.44,490.15,292.34,0.9067,21.054
1262,11,433.42,247.54,568.91,400.68,0.7093,21.054
1262,7,496.53,116.1,594.31,367.99,0.8967,21.054
1263,1,396.69,63.63,489.95,292.11,0.9065,21.071
1263,11,433.67,247.21,569.41,400.7,0.7272,21.071
1263,7,496.03,115.98,594.28,368.15,0.8958,21.071
1264,1,396.4,63.23,489.66,291.97,0.9071,21.088
1264,11,433.59,246.81,569.62,400.75,0.7498,21.088
1264,7,495.62,116.04,594.32,368.67,0.8922,21.088
1265,1,396.07,63.24,489.4,292.35,0.9058,21.104
1265,11,433.39,246.14,569.82,400.73,0.7376,21.104
1265,7,495.27,116.06,594.19,368.5,0.8905,21.104
1266,1,395.79,63.19,489.02,292.34,0.905,21.121
1266,11,433.45,245.82,570.07,400.81,0.7471,21.121
1266,7,494.77,115.96,593.91,368.1,0.8842,21.121
1267,1,395.37,63.12,488.65,292.8,0.9024,21.138
1267,11,433.43,245.34,570.18,400.8,0.7445,21.138
1267,7,493.98,116.1,593.63,368.55,0.8852,21.138
1268,1,395.09,62.94,488.28,292.9,0.9027,21.154
1268,11,432.95,244.6,569.92,400.8,0.7457,21.154
1268,7,493.53,116.24,593.35,368.2,0.8827,21.154
1269,1,394.8,62.91,487.84,293.15,0.9029,21.171
1269,11,432.82,244.1,569.89,400.82,0.7438,21.171
1269,7,493.04,117.33,592.86,368.27,0.8771,21.171
1270,1,394.64,63.07,487.4,293.29,0.9008,21.188
1270,11,432.92,243.65,570.16,400.89,0.7384,21.188
1270,7,492.48,117.06,592.74,368.42,0.8804,21.188
1271,1,394.27,63.06,486.75,293.26,0.8946,21.205
1271,11,432.91,242.97,570.44,400.92,0.7415,21.205
1271,7,492.25,116.74,592.34,367.23,0.8905,21.205
1272,1,394.21,63.63,486.12,292.88,0.8945,21.221
1272,11,432.54,242.3,570.26,400.95,0.7527,21.221
1272,7,491.87,116.66,592.0,366.97,0.8853,21.221
1273,1,394.05,63.8,485.62,292.66,0.8915,21.238
1273,11,432.75,241.74,570.66,400.94,0.7541,21.238
1273,7,491.34,115.95,592.13,367.47,0.8859,21.238
1274,1,394.02,63.93,485.32,292.6,0.8908,21.255
1274,11,432.65,241.67,570.28,401.04,0.747,21.255
1274,7,491.38,115.84,591.95,366.26,0.8832,21.255
1275,1,393.75,63.96,484.78,292.64,0.8893,21.271
1275,11,431.96,240.95,569.51,400.98,0.7373,21.271
1275,7,491.16,115.73,591.75,365.68,0.8846,21.271
1276,1,393.67,63.87,484.39,292.4,0.8909,21.288
1276,11,431.72,240.32,569.16,400.88,0.7243,21.288
1276,7,490.87,115.63,591.44,365.22,0.8839,21.288
1277,1,393.42,63.69,483.97,292.58,0.8922,21.305
1277,11,432.14,239.44,569.88,400.9,0.7327,21.305
1277,7,490.63,115.58,590.95,364.34,0.8884,21.305
1278,1,393.37,63.66,483.61,292.54,0.8936,21.321
1278,11,432.39,238.8,570.22,400.9,0.7268,21.321
1278,7,490.1,115.56,590.83,365.55,0.8845,21.321
1279,1,393.39,63.55,483.3,292.37,0.8939,21.338
1279,11,432.97,237.99,571.12,400.81,0.7044,21.338
1279,7,490.01,116.08,590.02,364.95,0.8829,21.338
1280,1,393.37,63.46,483.03,292.46,0.8943,21.355
1280,11,433.09,236.99,571.73,400.75,0.7012,21.355
1280,7,490.08,115.8,590.19,365.33,0.8789,21.355
1281,1,393.38,63.5,482.92,293.07,0.8933,21.371
1281,11,432.9,236.35,571.46,400.6,0.6942,21.371
1281,7,490.05,115.59,589.72,364.3,0.8796,21.371
1282,1,393.61,63.51,482.77,292.81,0.8911,21.388
1282,11,431.5,233.96,571.75,400.61,0.6922,21.388
1282,7,489.42,115.51,589.93,367.45,0.8675,21.388
1283,1,393.73,63.53,482.61,292.8,0.8905,21.405
1283,11,429.58,232.64,570.12,400.57,0.7068,21.405
1283,7,489.34,116.89,589.88,369.93,0.8756,21.405
1284,1,393.94,63.68,482.48,292.71,0.8916,21.421
1284,11,428.98,232.67,568.89,401.21,0.7293,21.421
1284,7,490.2,117.51,588.7,365.61,0.8794,21.421
1285,1,394.29,63.86,482.48,292.63,0.8912,21.438
1285,11,430.11,232.43,569.75,401.5,0.7154,21.438
1285,7,490.42,117.51,588.01,363.48,0.8772,21.438
1286,1,394.68,63.93,482.58,292.41,0.8886,21.455
1286,11,430.62,230.81,571.17,401.46,0.7359,21.455
1286,7,490.59,117.52,587.09,360.69,0.8779,21.455
1287,1,394.86,63.96,482.5,292.25,0.8864,21.471
1287,11,431.16,231.16,570.86,401.51,0.7261,21.471
1287,7,491.32,117.55,585.62,354.39,0.8778,21.471
1288,1,395.08,63.99,482.46,292.11,0.8882,21.488
1288,11,431.09,230.76,570.43,401.5,0.7833,21.488
1288,7,491.65,118.05,584.89,351.44,0.8913,21.488
1289,1,395.32,63.85,482.61,292.3,0.8882,21.505
1289,11,431.3,230.82,569.96,401.63,0.8016,21.505
1289,7,490.64,117.65,585.26,354.58,0.8933,21.505
1290,1,395.55,63.71,482.7,292.17,0.8875,21.521
1290,11,431.25,230.19,569.43,401.42,0.8173,21.521
1290,7,490.42,117.42,585.17,354.59,0.8994,21.521
1291,1,395.6,63.68,482.62,292.24,0.8882,21.538
1291,11,430.98,229.08,568.93,401.12,0.8004,21.538
1291,7,489.21,116.91,586.16,360.51,0.8923,21.538
1292,1,395.77,63.49,482.71,292.32,0.8844,21.555
1292,11,430.39,227.66,568.08,400.68,0.8437,21.555
1292,7,489.68,116.72,585.22,356.9,0.9051,21.555
1293,1,395.93,63.24,482.79,292.36,0.886,21.572
1293,11,429.58,225.78,567.41,400.58,0.8606,21.572
1293,7,488.85,115.85,585.54,359.86,0.9131,21.572
1294,1,396.07,63.19,482.85,292.44,0.8827,21.588
1294,11,428.81,224.71,566.04,400.57,0.8614,21.588
1294,7,489.37,115.22,585.07,357.12,0.9163,21.588
1295,1,396.11,63.19,482.74,292.41,0.8868,21.605
1295,11,427.95,222.58,565.3,400.67,0.8619,21.605
1295,7,489.2,114.67,585.15,358.04,0.916,21.605
1296,1,396.43,63.14,482.75,291.93,0.8869,21.622
1296,11,427.93,220.34,565.59,400.82,0.8598,21.622
1296,7,488.97,114.51,585.09,359.33,0.9126,21.622
1297,1,396.73,63.08,482.84,291.52,0.8823,21.638
1297,11,428.06,219.3,565.14,400.95,0.8691,21.638
1297,7,488.95,114.62,584.93,360.21,0.9145,21.638
1298,1,396.87,62.95,482.88,291.34,0.8826,21.655
1298,11,428.53,219.01,564.59,401.05,0.868,21.655
1298,7,489.12,115.04,584.63,360.58,0.9104,21.655
1299,1,397.16,62.99,483.11,291.77,0.8834,21.672
1299,11,429.09,218.69,563.72,400.49,0.8538,21.672
1299,7,490.86,120.6,583.01,357.73,0.8931,21.672
1300,1,397.68,63.56,483.26,291.75,0.8833,21.688
1300,11,429.63,218.03,563.3,400.04,0.7809,21.688
1300,7,492.59,123.77,582.05,353.61,0.8794,21.688
1301,1,397.87,63.35,483.32,291.53,0.8777,21.705
1301,11,430.13,217.28,563.03,399.69,0.7646,21.705
1301,7,494.07,126.75,580.78,348.53,0.8765,21.705
1302,1,398.37,63.47,483.64,291.44,0.8837,21.722
1302,11,430.55,216.86,562.58,399.48,0.7629,21.722
1302,7,493.81,122.73,580.91,345.07,0.8832,21.722
1303,1,398.43,63.25,483.54,291.07,0.8731,21.738
1303,11,430.96,216.82,562.23,399.65,0.7933,21.738
1303,7,493.38,119.96,581.28,344.34,0.8915,21.738
1304,1,398.58,62.52,483.77,290.79,0.8714,21.755
1304,11,430.86,216.65,561.46,399.86,0.8162,21.755
1304,7,492.63,117.93,581.84,346.19,0.8933,21.755
1305,1,398.81,62.36,483.9,290.5,0.8712,21.772
1305,11,430.84,215.87,561.1,399.96,0.8353,21.772
1305,7,492.25,116.04,581.64,345.34,0.8966,21.772
1306,1,398.97,62.17,483.84,289.85,0.868,21.788
1306,11,430.61,214.54,560.74,399.86,0.8099,21.788
1306,7,492.18,113.96,581.36,343.19,0.8906,21.788
1307,1,399.01,61.64,483.98,289.87,0.8671,21.805
1307,11,430.58,213.61,560.14,399.52,0.7826,21.805
1307,7,492.94,112.97,581.98,341.38,0.8594,21.805
1308,1,399.04,60.93,484.1,289.68,0.8675,21.822
1308,11,430.32,212.32,559.64,399.4,0.7956,21.822
1308,7,493.96,113.21,581.9,338.51,0.853,21.822
1309,1,399.2,60.45,484.17,289.2,0.8642,21.838
1309,11,429.75,210.85,558.78,399.11,0.741,21.838
1309,7,494.47,112.5,581.53,334.58,0.8611,21.838
1310,1,399.35,60.06,484.23,288.84,0.8662,21.855
1310,11,429.62,210.53,557.94,399.2,0.7598,21.855
1310,7,494.67,112.14,581.24,331.95,0.8628,21.855
1311,1,399.54,59.58,484.45,288.72,0.8661,21.872
1311,11,429.6,209.94,557.42,399.29,0.7577,21.872
1311,7,494.52,111.92,581.28,331.45,0.8533,21.872
1312,1,400.23,59.16,484.34,285.85,0.8641,21.889
1312,11,429.52,209.04,557.06,399.43,0.6982,21.889
1312,7,495.67,111.8,580.65,325.72,0.8565,21.889
1313,1,400.45,59.22,484.47,285.49,0.8594,21.905
1313,11,429.04,206.25,557.28,399.5,0.638,21.905
1313,7,496.19,111.82,580.3,322.36,0.8572,21.905
1314,1,400.98,59.35,483.94,282.35,0.8638,21.922
1314,11,428.6,203.45,557.43,399.44,0.6244,21.922
1314,7,496.5,111.89,580.17,320.13,0.8563,21.922
1315,1,400.96,59.13,484.1,282.51,0.8618,21.939
1315,11,428.98,203.33,556.96,399.66,0.6965,21.939
1315,7,496.69,111.87,580.09,318.24,0.8609,21.939
1316,1,401.1,58.84,483.91,280.84,0.8675,21.955
1316,11,429.22,202.52,556.67,399.61,0.7599,21.955
1316,7,496.86,111.75,579.94,315.91,0.865,21.955
1317,1,401.48,58.94,483.8,279.14,0.859,21.972
1317,11,429.37,202.37,555.92,399.5,0.7389,21.972
1317,7,497.02,111.69,579.98,314.22,0.8657,21.972
1318,1,401.49,58.88,483.75,278.47,0.8645,21.989
1318,11,429.54,201.42,555.62,399.28,0.7541,21.989
1318,7,497.08,111.59,580.12,313.05,0.8723,21.989
1319,1,401.85,58.71,483.76,276.86,0.8656,22.005
1319,11,428.79,199.56,555.1,399.3,0.7478,22.005
1319,7,497.19,111.39,580.19,311.39,0.8617,22.005
1320,1,402.33,58.62,484.08,275.8,0.8562,22.022
1320,11,428.96,199.32,554.56,399.39,0.7608,22.022
1320,7,496.85,111.24,579.9,310.0,0.8475,22.022
1321,1,403.45,58.81,482.92,268.69,0.867,22.039
1321,11,429.49,199.24,554.26,399.39,0.785,22.039
1321,7,496.57,111.22,579.88,309.33,0.8483,22.039
1322,1,404.18,58.81,482.73,265.05,0.868,22.055
1322,11,429.58,198.83,553.77,399.37,0.8161,22.055
1322,7,496.18,111.2,579.8,308.71,0.8489,22.055
1323,1,404.37,58.49,483.4,265.45,0.8653,22.072
1323,11,429.85,198.75,553.3,399.37,0.8145,22.072
1323,7,495.9,111.31,579.67,307.82,0.8495,22.072
1324,1,404.6,58.16,483.62,264.47,0.8714,22.089
1324,11,430.3,198.96,552.96,399.52,0.8296,22.089
1324,7,495.73,113.76,579.03,307.41,0.8418,22.089
1325,1,405.77,58.12,483.79,260.88,0.8751,22.105
1325,11,430.33,198.51,552.48,399.47,0.8256,22.105
1325,7,495.17,113.87,578.91,306.9,0.8399,22.105
1326,1,406.32,58.1,484.21,260.0,0.8758,22.122
1326,11,430.32,197.42,552.59,399.71,0.8423,22.122
1326,7,495.16,116.5,578.41,306.38,0.8389,22.122
1327,1,407.01,57.9,484.55,258.34,0.8795,22.139
1327,11,430.59,196.63,552.65,399.72,0.85,22.139
1327,7,494.58,115.45,578.8,305.97,0.836,22.139
1328,1,407.22,57.56,485.15,258.7,0.8764,22.155
1328,11,430.75,195.88,552.58,399.61,0.854,22.155
1328,7,493.68,113.16,579.41,305.92,0.8378,22.155
1329,1,407.13,57.43,485.83,260.53,0.8738,22.172
1329,11,430.78,195.95,552.06,399.54,0.8532,22.172
1329,7,493.28,111.66,580.0,305.68,0.8478,22.172
1330,1,407.05,56.89,486.6,262.63,0.8677,22.189
1330,11,430.29,195.5,551.81,399.86,0.8412,22.189
1330,7,492.27,111.04,579.54,304.55,0.8547,22.189
1331,1,407.13,56.58,487.83,266.07,0.8631,22.206
1331,11,429.7,194.79,551.08,399.52,0.8467,22.206
1331,7,491.98,110.6,579.85,304.01,0.8654,22.206
1332,1,407.75,56.55,487.82,265.05,0.8688,22.222
1332,11,429.66,194.42,550.92,399.49,0.8403,22.222
1332,7,491.47,110.29,580.03,303.89,0.859,22.222
1333,1,408.24,56.43,487.68,263.61,0.8657,22.239
1333,11,429.74,194.93,550.49,399.43,0.8331,22.239
1333,7,490.95,110.07,580.07,303.63,0.8628,22.239
1334,1,408.56,56.03,488.08,263.98,0.8709,22.256
1334,11,430.07,195.83,550.08,399.34,0.8316,22.256
1334,7,490.61,109.6,580.34,303.5,0.8707,22.256
1335,1,409.0,55.86,488.36,263.72,0.8742,22.272
1335,11,430.26,196.5,550.13,399.85,0.8551,22.272
1335,7,490.3,109.54,580.45,303.39,0.8686,22.272
1336,1,409.31,55.57,488.56,263.33,0.8752,22.289
1336,11,430.02,197.15,549.34,399.63,0.861,22.289
1336,7,490.2,109.48,580.59,303.01,0.8856,22.289
1337,1,409.66,55.43,488.41,261.9,0.8755,22.306
1337,11,430.12,197.3,549.26,399.6,0.8603,22.306
1337,7,490.01,109.36,580.76,302.92,0.8872,22.306
1338,1,409.87,55.25,488.33,260.86,0.8754,22.322
1338,11,430.21,197.43,549.48,400.01,0.8477,22.322
1338,7,489.92,109.24,580.89,302.72,0.8869,22.322
1339,1,410.42,55.67,487.97,258.73,0.8786,22.339
1339,11,430.2,197.36,549.58,400.16,0.8601,22.339
1339,7,489.64,109.17,580.9,302.73,0.8813,22.339
1340,1,410.91,55.84,487.91,257.15,0.8773,22.356
1340,11,430.23,196.58,549.98,400.12,0.8434,22.356
1340,7,489.16,108.02,581.14,303.11,0.8697,22.356
1341,1,411.21,55.85,487.82,255.77,0.8754,22.372
1341,11,430.39,196.94,549.91,400.05,0.8356,22.372
1341,7,489.01,107.48,581.2,302.97,0.8682,22.372
1342,1,411.48,55.81,487.78,254.45,0.8803,22.389
1342,11,430.48,196.6,549.96,399.96,0.8378,22.389
1342,7,489.02,107.07,581.29,302.71,0.8698,22.389
1343,1,411.89,55.75,487.83,252.9,0.8803,22.406
1343,11,430.24,196.04,549.88,399.96,0.8164,22.406
1343,7,488.95,106.73,581.07,302.09,0.8615,22.406
1344,1,412.5,55.75,487.84,250.73,0.8808,22.422
1344,11,430.11,195.51,549.95,400.03,0.8319,22.422
1344,7,488.83,106.25,580.77,301.32,0.8561,22.422
1345,1,412.72,55.76,487.84,249.54,0.8771,22.439
1345,11,430.07,194.54,550.25,400.04,0.8316,22.439
1345,7,488.74,106.0,580.69,301.22,0.8568,22.439
1346,1,412.95,55.82,487.95,248.54,0.8791,22.456
1346,11,430.61,195.06,550.26,400.02,0.8164,22.456
1346,7,488.69,105.91,580.51,301.04,0.8615,22.456
1347,1,413.09,55.81,488.21,248.08,0.8801,22.472
1347,11,431.09,195.88,550.1,399.99,0.7984,22.472
1347,7,488.74,105.59,580.55,300.79,0.857,22.472
1348,1,413.3,55.88,488.46,247.49,0.8778,22.489
1348,11,431.37,196.59,549.83,399.87,0.7876,22.489
1348,7,488.78,105.33,580.44,300.53,0.8451,22.489
1349,1,413.36,55.86,488.5,246.66,0.8808,22.506
1349,11,431.66,198.01,549.34,399.85,0.808,22.506
1349,7,488.67,105.09,580.36,300.63,0.8401,22.506
1350,1,413.38,55.82,488.59,246.01,0.8809,22.523
1350,11,432.46,201.08,548.54,399.79,0.7729,22.523
1350,7,488.8,104.49,580.62,300.64,0.8398,22.523
1351,1,413.48,55.83,488.66,245.21,0.8844,22.539
1351,11,432.42,201.61,548.35,399.75,0.7914,22.539
1351,7,488.89,104.21,580.68,300.73,0.8368,22.539
1352,1,413.47,55.9,488.92,245.35,0.8822,22.556
1352,11,432.19,201.71,548.23,399.74,0.7237,22.556
1352,7,488.92,104.73,580.25,300.85,0.8477,22.556
1353,1,413.28,55.87,489.13,245.87,0.8851,22.573
1353,11,431.87,200.92,548.45,399.69,0.7299,22.573
1353,7,489.02,105.01,579.89,300.61,0.8454,22.573
1354,1,413.25,55.88,489.19,245.5,0.881,22.589
1354,11,432.23,202.96,547.93,399.69,0.7044,22.589
1354,7,489.52,105.38,579.57,299.39,0.8407,22.589
1355,1,413.18,55.85,489.18,245.23,0.8805,22.606
1355,11,432.18,204.01,547.56,399.67,0.6678,22.606
1355,7,489.6,105.58,579.16,298.85,0.8433,22.606
1356,1,413.11,55.77,489.18,245.12,0.8749,22.623
1356,11,432.46,205.69,547.25,399.67,0.691,22.623
1356,7,489.49,105.45,578.89,298.86,0.8413,22.623
1357,1,412.94,55.68,489.18,245.49,0.867,22.639
1357,11,432.22,205.63,547.35,399.65,0.6514,22.639
1357,7,489.65,105.26,578.73,298.66,0.84,22.639
1358,1,413.04,55.83,489.1,245.43,0.8596,22.656
1358,11,431.36,203.74,547.77,399.62,0.7183,22.656
1358,7,490.0,104.08,579.24,298.91,0.8375,22.656
1359,1,413.13,55.78,489.18,245.73,0.8514,22.673
1359,11,430.8,202.66,547.99,399.55,0.7365,22.673
1359,7,490.16,103.7,579.11,298.89,0.8401,22.673
1360,1,413.38,55.75,488.68,244.21,0.8262,22.689
1360,11,430.46,202.59,547.89,399.48,0.7348,22.689
1360,7,490.15,103.37,578.74,298.7,0.8424,22.689
1361,1,413.89,55.77,488.01,241.35,0.8199,22.706
1361,11,430.25,203.12,547.66,399.45,0.7382,22.706
1361,7,490.0,102.99,578.34,298.65,0.8398,22.706
1362,1,414.94,55.24,487.02,235.32,0.8229,22.723
1362,11,430.09,203.62,547.53,399.43,0.7597,22.723
1362,7,489.79,102.93,577.8,298.67,0.8375,22.723
1363,1,415.72,55.03,486.51,231.47,0.8199,22.739
1363,11,429.83,204.03,547.42,399.51,0.7738,22.739
1363,7,489.78,102.75,577.44,298.59,0.8452,22.739
1364,1,416.01,54.89,486.32,229.8,0.817,22.756
1364,11,429.72,204.43,547.4,399.51,0.7675,22.756
1364,7,489.91,102.65,577.19,298.47,0.855,22.756
1365,1,415.98,54.87,486.07,228.91,0.809,22.773
1365,11,429.47,204.01,547.66,399.54,0.7519,22.773
1365,7,489.92,102.75,576.73,298.18,0.8612,22.773
1366,1,416.07,54.88,485.73,227.67,0.8129,22.789
1366,11,428.83,202.87,547.92,399.57,0.7372,22.789
1366,7,489.89,102.47,576.4,297.85,0.8634,22.789
1367,1,416.23,54.95,485.16,225.53,0.8179,22.806
1367,11,428.66,202.64,548.11,399.66,0.7641,22.806
1367,7,489.48,101.92,576.03,297.91,0.8639,22.806
1368,1,416.09,54.92,484.69,224.44,0.8151,22.823
1368,11,428.2,201.66,548.33,399.62,0.7475,22.823
1368,7,489.46,102.02,575.73,297.86,0.8623,22.823
1369,1,415.86,54.8,483.82,222.61,0.8155,22.839
1369,11,427.79,200.62,548.6,399.62,0.75,22.839
1369,7,489.03,102.09,575.12,297.77,0.8663,22.839
1370,1,415.49,54.89,483.03,221.68,0.8074,22.856
1370,11,427.32,199.28,548.91,399.58,0.7348,22.856
1370,7,488.74,102.02,574.74,297.75,0.8686,22.856
1371,1,415.41,54.96,482.17,219.83,0.8155,22.873
1371,11,427.52,199.36,549.05,399.63,0.7269,22.873
1371,7,488.26,101.81,574.3,297.72,0.8693,22.873
1372,1,415.01,55.04,482.04,220.89,0.8151,22.89
1372,11,427.17,198.64,549.11,399.64,0.7257,22.89
1372,7,487.84,101.67,573.91,297.69,0.8716,22.89
1373,1,414.78,55.01,481.76,221.07,0.8188,22.906
1373,11,427.96,200.72,548.75,399.7,0.6818,22.906
1373,7,487.37,101.14,573.78,298.06,0.8717,22.906
1374,1,414.27,55.08,481.84,223.19,0.8145,22.923
1374,11,427.98,200.64,548.81,399.7,0.6555,22.923
1374,7,487.09,101.1,573.57,298.29,0.8703,22.923
1375,1,413.79,55.32,481.65,224.55,0.8119,22.94
1375,11,428.68,202.61,548.47,399.75,0.6902,22.94
1375,7,486.75,101.03,573.24,298.36,0.8696,22.94
1376,1,413.41,55.43,481.32,225.02,0.8141,22.956
1376,11,428.79,201.31,549.08,399.41,0.7024,22.956
1376,7,486.56,100.91,573.06,298.29,0.869,22.956
1377,1,412.69,55.55,480.92,226.39,0.806,22.973
1377,11,428.61,200.78,549.16,399.34,0.7122,22.973
1377,7,486.11,101.04,572.57,298.37,0.8704,22.973
1378,1,412.68,56.12,480.15,225.0,0.8072,22.99
1378,11,429.13,200.94,549.59,399.35,0.6508,22.99
1378,7,485.72,101.03,572.25,298.57,0.8699,22.99
1379,1,412.28,56.73,479.04,223.34,0.8126,23.006
1379,11,428.61,200.27,549.57,399.47,0.6479,23.006
1379,7,485.45,101.22,571.93,298.65,0.8749,23.006
1380,1,411.71,56.79,478.93,224.41,0.7974,23.023
1380,11,428.9,200.31,549.85,399.61,0.6409,23.023
1380,7,484.91,101.32,571.53,298.97,0.8742,23.023
1381,1,411.05,57.59,478.56,225.75,0.8144,23.04
1381,11,426.97,198.31,549.25,399.82,0.6882,23.04
1381,7,484.19,101.45,570.83,298.77,0.8725,23.04
1382,1,410.62,57.82,478.67,227.25,0.82,23.056
1382,11,426.03,197.15,549.09,399.96,0.7123,23.056
1382,7,483.7,101.54,570.5,298.91,0.8764,23.056
1383,1,410.23,58.37,478.31,227.54,0.8286,23.073
1383,11,425.78,197.13,548.85,399.94,0.7341,23.073
1383,7,483.12,101.52,570.19,299.15,0.8738,23.073
1384,1,410.05,58.65,478.41,228.23,0.8254,23.09
1384,11,425.6,196.91,548.8,399.89,0.7469,23.09
1384,7,482.79,101.59,569.89,298.88,0.8727,23.09
1385,1,409.89,59.73,478.22,228.73,0.8276,23.106
1385,11,426.6,198.68,548.71,399.79,0.7268,23.106
1385,7,482.35,101.42,569.72,298.95,0.8752,23.106
1386,1,409.78,60.64,478.2,229.38,0.8284,23.123
1386,11,426.42,198.71,548.53,399.73,0.7339,23.123
1386,7,481.95,101.12,569.57,298.89,0.8741,23.123
1387,1,409.59,61.08,478.03,229.22,0.8268,23.14
1387,11,426.82,199.68,548.4,399.68,0.6915,23.14
1387,7,481.5,100.51,569.27,298.35,0.8744,23.14
1388,1,409.58,61.76,478.04,229.29,0.8277,23.156
1388,11,426.57,199.07,548.54,399.63,0.7016,23.156
1388,7,481.19,99.95,569.11,298.03,0.8785,23.156
1389,1,409.4,63.02,477.69,229.31,0.8215,23.173
1389,11,425.96,197.84,548.68,399.6,0.6715,23.173
1389,7,480.82,99.17,569.01,297.85,0.8793,23.173
1390,1,409.38,63.61,477.64,228.97,0.8246,23.19
1390,11,425.66,196.95,548.93,399.7,0.6391,23.19
1390,7,480.86,98.82,568.63,296.4,0.8802,23.19
1391,1,409.36,64.64,477.16,227.55,0.8304,23.207
1391,11,425.58,196.68,548.98,399.68,0.6523,23.207
1391,7,480.9,98.39,568.21,294.98,0.8802,23.207
1392,1,409.55,65.77,477.45,227.52,0.8328,23.223
1392,11,425.16,196.15,548.92,399.68,0.6839,23.223
1392,7,480.74,98.25,567.77,294.42,0.886,23.223
1393,1,409.57,66.89,477.77,228.0,0.8343,23.24
1393,11,425.37,196.44,548.97,399.67,0.6995,23.24
1393,7,480.63,98.11,567.38,293.95,0.8872,23.24
1394,1,409.34,67.08,478.11,228.1,0.8314,23.257
1394,11,425.19,196.2,548.94,399.59,0.7043,23.257
1394,7,480.64,97.97,566.67,292.47,0.891,23.257
1395,1,409.34,67.83,478.7,228.61,0.83,23.273
1395,11,425.0,195.97,548.9,399.54,0.6936,23.273
1395,7,480.46,97.82,566.06,291.67,0.8851,23.273
1396,1,409.24,68.22,478.94,228.32,0.8385,23.29
1396,11,424.83,195.81,548.88,399.54,0.6923,23.29
1396,7,479.89,97.55,565.37,291.34,0.8791,23.29
1397,1,409.25,69.42,479.08,228.29,0.8363,23.307
1397,11,424.78,196.01,548.78,399.51,0.688,23.307
1397,7,479.44,97.48,564.71,291.13,0.8693,23.307
1398,1,409.15,70.42,479.39,228.59,0.8332,23.323
1398,11,424.59,195.96,548.74,399.65,0.7105,23.323
1398,7,479.16,97.23,564.02,290.26,0.8715,23.323
1399,1,409.67,72.87,478.77,226.16,0.8346,23.34
1399,11,424.59,196.05,548.8,399.79,0.7198,23.34
1399,7,478.7,97.1,563.53,290.37,0.8762,23.34
1400,1,409.58,74.29,478.65,225.26,0.829,23.357
1400,11,424.56,196.03,548.8,399.83,0.708,23.357
1400,7,478.45,97.42,562.71,289.4,0.864,23.357
1401,1,409.24,75.39,478.93,225.5,0.8304,23.373
1401,11,424.49,196.02,548.77,399.84,0.709,23.373
1401,7,477.93,97.94,561.46,288.2,0.855,23.373
1402,1,409.01,75.83,479.48,225.47,0.8226,23.39
1402,11,424.61,196.34,548.8,400.05,0.69,23.39
1402,7,477.0,98.42,560.0,287.51,0.8541,23.39
1403,1,408.74,76.24,479.87,225.22,0.8226,23.407
1403,11,424.47,196.13,548.79,400.09,0.6762,23.407
1403,7,475.97,98.81,558.65,287.36,0.8448,23.407
1404,1,408.75,78.4,479.85,225.2,0.8105,23.423
1404,11,424.76,196.32,549.0,400.05,0.6464,23.423
1404,7,474.8,98.68,556.94,286.33,0.8433,23.423
1405,1,408.9,79.87,479.71,223.82,0.8254,23.44
1405,11,424.39,196.1,548.74,400.05,0.6459,23.44
1405,7,473.63,98.61,555.49,285.78,0.8474,23.44
1406,1,408.44,80.7,479.45,223.18,0.8187,23.457
1406,11,424.26,195.9,548.66,400.06,0.6264,23.457
1406,7,472.81,98.54,554.22,284.6,0.8381,23.457
1407,1,408.06,81.48,479.59,223.24,0.8255,23.473
1407,11,424.13,195.75,548.48,399.91,0.6392,23.473
1407,7,471.99,98.33,553.13,283.74,0.8436,23.473
1408,1,407.65,82.72,479.28,223.16,0.8352,23.49
1408,11,424.23,195.84,548.49,399.97,0.6463,23.49
1408,7,470.56,98.33,551.5,283.33,0.8476,23.49
1409,1,406.89,83.12,479.07,223.44,0.8381,23.507
1409,11,424.08,195.35,548.54,399.93,0.6431,23.507
1409,7,469.25,98.31,549.43,281.39,0.8448,23.507
1410,1,406.37,83.42,478.72,223.04,0.8242,23.524
1410,11,424.11,194.61,548.64,399.59,0.6187,23.524
1410,7,468.23,98.56,548.03,280.5,0.8478,23.524
1411,1,406.2,83.65,479.24,223.74,0.8307,23.54
1411,11,423.73,194.54,548.34,399.68,0.6426,23.54
1411,7,467.1,98.48,546.13,278.21,0.8396,23.54
1412,1,406.58,86.7,478.92,224.29,0.8399,23.557
1412,11,423.85,194.87,548.26,399.72,0.6385,23.557
1412,7,466.06,98.03,544.58,276.12,0.8345,23.557
1413,1,407.06,89.21,479.12,224.95,0.8404,23.574
1413,11,423.74,194.48,548.3,399.67,0.658,23.574
1413,7,465.19,97.79,543.2,274.3,0.8313,23.574
1414,1,407.21,90.29,478.53,223.34,0.8398,23.59
1414,11,423.87,194.13,548.43,399.45,0.631,23.59
1414,7,464.27,97.46,541.79,272.93,0.8415,23.59
1415,1,407.44,91.58,479.18,224.11,0.8347,23.607
1415,11,424.18,194.65,548.3,399.33,0.5957,23.607
1415,7,463.54,97.52,540.37,271.78,0.8441,23.607
1416,1,407.47,92.41,479.66,224.42,0.8409,23.624
1416,11,424.4,194.9,548.31,399.3,0.585,23.624
1416,7,462.38,98.45,537.81,269.34,0.8301,23.624
1417,1,407.27,92.65,479.71,224.0,0.8193,23.64
1417,11,424.25,195.9,548.0,399.8,0.7203,23.64
1417,7,461.34,97.71,536.6,268.26,0.8072,23.64
1418,1,406.57,92.72,479.81,224.81,0.8017,23.657
1418,11,424.02,195.34,548.19,399.9,0.7238,23.657
1418,7,460.3,97.26,534.85,265.79,0.8007,23.657
1419,1,405.83,93.52,479.93,226.81,0.7984,23.674
1419,11,423.84,194.73,548.38,399.95,0.7088,23.674
1419,7,459.11,96.83,533.24,264.04,0.8198,23.674
1420,1,404.76,93.95,480.46,230.2,0.8071,23.69
1420,11,423.96,193.98,548.81,399.92,0.7071,23.69
1420,7,458.16,96.81,531.41,261.45,0.8338,23.69
1421,1,404.3,94.91,481.02,233.21,0.7931,23.707
1421,11,424.72,194.52,549.04,399.85,0.693,23.707
1421,7,457.82,96.64,529.75,257.31,0.8193,23.707
1422,1,404.12,94.53,481.12,233.7,0.8015,23.724
1422,11,424.96,194.16,549.14,399.79,0.6869,23.724
1422,7,457.28,96.4,528.57,254.63,0.8,23.724
1423,1,403.81,94.98,481.09,235.11,0.7611,23.74
1423,11,424.77,192.65,549.49,399.79,0.7018,23.74
1423,7,455.22,96.29,526.24,252.71,0.8157,23.74
1424,1,403.5,96.64,481.7,238.98,0.674,23.757
1424,11,425.34,192.31,549.82,399.81,0.6916,23.757
1424,7,454.08,96.53,524.23,249.58,0.813,23.757
1425,1,403.73,97.69,481.85,240.25,0.6235,23.774
1425,11,425.89,192.37,549.97,399.89,0.6966,23.774
1425,7,452.96,96.83,522.2,245.96,0.8134,23.774
1426,1,405.12,98.6,482.71,239.64,0.5033,23.79
1426,11,426.5,191.9,550.25,399.77,0.6742,23.79
1426,7,451.38,96.57,520.46,243.44,0.8038,23.79
1427,1,404.5,101.66,480.91,240.89,0.3895,23.807
1427,11,426.79,191.37,550.35,399.76,0.6633,23.807
1427,7,449.72,97.05,518.37,241.47,0.7804,23.807
1428,1,408.38,100.39,486.23,239.92,0.4335,23.824
1428,11,427.62,190.81,550.8,399.55,0.6976,23.824
1428,7,448.21,98.95,516.41,240.77,0.7777,23.824
1429,1,410.09,100.16,489.11,239.3,0.4314,23.84
1429,11,427.27,190.31,550.41,399.86,0.6935,23.84
1429,7,446.97,100.61,514.42,238.86,0.7884,23.84
1430,11,427.61,189.49,550.75,400.0,0.6933,23.857
1430,7,445.05,99.59,513.72,238.48,0.76,23.857
1431,11,428.14,188.56,551.13,399.87,0.7439,23.874
1431,7,443.96,100.21,512.38,236.2,0.7418,23.874
1432,11,428.68,188.36,551.27,400.06,0.717,23.891
1432,7,442.19,98.65,510.93,233.07,0.7733,23.891
1432,1,406.44,110.49,481.63,242.78,0.3552,23.891
1433,11,429.14,187.26,551.68,400.07,0.7647,23.907
1433,7,441.2,98.17,510.33,231.48,0.769,23.907
1433,1,404.79,109.55,480.63,243.47,0.4304,23.907
1434,11,429.78,186.65,551.97,400.1,0.7955,23.924
1434,7,440.45,98.54,509.84,230.59,0.7715,23.924
1434,1,404.2,106.01,481.96,243.83,0.5246,23.924
1435,11,430.24,186.39,551.98,400.25,0.8047,23.941
1435,7,439.03,98.02,509.55,230.37,0.7667,23.941
1435,1,403.22,105.65,480.78,244.21,0.4484,23.941
1436,11,431.04,186.74,551.93,400.27,0.8149,23.957
1436,7,436.83,98.34,508.39,231.01,0.7528,23.957
1436,1,401.95,102.1,480.67,244.4,0.4767,23.957
1437,11,431.57,186.61,551.95,400.33,0.8098,23.974
1437,7,433.87,99.03,508.33,235.85,0.7306,23.974
1437,1,402.61,99.32,482.08,243.97,0.5808,23.974
1438,11,432.2,186.58,552.05,400.48,0.8271,23.991
1438,7,430.7,99.57,507.05,238.91,0.7674,23.991
1438,1,402.66,98.08,481.8,243.33,0.5863,23.991
1439,11,432.63,186.78,551.84,400.54,0.8269,24.007
1439,7,428.85,100.01,506.18,240.4,0.7686,24.007
1439,1,403.04,98.47,480.26,241.13,0.6114,24.007
1440,11,433.18,187.05,551.7,400.59,0.8356,24.024
1440,7,427.08,100.47,505.18,241.6,0.7739,24.024
1440,1,403.81,99.2,478.89,238.24,0.4475,24.024
1441,11,433.62,186.69,551.8,400.57,0.8363,24.041
1441,7,425.91,100.92,504.68,242.64,0.7576,24.041
1441,1,404.09,99.25,478.27,236.98,0.4709,24.041
1442,11,433.8,186.59,551.52,400.65,0.8524,24.057
1442,7,425.48,101.86,504.12,242.81,0.763,24.057
1442,1,403.79,99.18,478.08,237.71,0.489,24.057
1443,11,434.1,187.36,551.04,400.72,0.8638,24.074
1443,7,424.67,104.16,503.31,244.56,0.7655,24.074
1443,1,406.2,99.26,473.72,223.87,0.5366,24.074
1444,11,434.47,187.92,550.74,400.72,0.8664,24.091
1444,7,422.91,103.96,502.52,245.55,0.7719,24.091
1444,1,408.56,99.3,470.77,212.36,0.551,24.091
1445,11,434.82,188.56,550.45,400.75,0.8665,24.107
1445,7,421.78,104.38,502.03,246.66,0.7639,24.107
1445,1,406.49,99.23,472.33,219.06,0.5129,24.107
1446,11,435.03,188.42,550.4,400.62,0.8658,24.124
1446,7,420.98,104.93,501.83,247.85,0.7577,24.124
1446,1,409.63,98.78,468.42,203.21,0.534,24.124
1447,11,435.41,188.57,550.38,400.59,0.8709,24.141
1447,7,419.81,105.1,501.93,249.97,0.7277,24.141
1447,1,410.37,98.45,467.05,197.1,0.533,24.141
1448,11,435.65,188.66,550.28,400.61,0.8682,24.157
1448,7,417.93,104.49,501.69,252.28,0.7516,24.157
1448,1,410.36,98.56,466.57,194.58,0.4801,24.157
1449,11,435.71,188.46,550.18,400.62,0.866,24.174
1449,7,416.86,104.71,501.52,254.1,0.7141,24.174
1449,1,410.15,98.61,466.43,193.1,0.4769,24.174
1450,11,435.96,188.03,550.35,400.63,0.8677,24.191
1450,7,415.52,104.49,501.25,255.94,0.7257,24.191
1450,1,410.25,98.73,466.62,191.65,0.4332,24.191
1451,11,435.95,187.64,550.26,400.64,0.8606,24.208
1451,7,414.29,103.74,501.55,258.24,0.7089,24.208
1451,1,409.35,98.67,466.32,191.34,0.4506,24.208
1452,11,436.47,187.67,550.44,400.7,0.8651,24.224
1452,7,412.39,102.99,501.56,261.87,0.7082,24.224
1452,1,408.47,98.67,465.98,191.25,0.3926,24.224
1453,11,436.59,187.58,550.35,400.83,0.863,24.241
1453,7,410.92,102.23,501.97,265.77,0.7295,24.241
1453,1,408.02,98.49,465.7,190.51,0.3543,24.241
1454,11,437.82,186.43,551.6,400.77,0.8618,24.258
1454,7,410.46,102.71,502.13,268.6,0.7139,24.258
1454,1,407.22,98.38,465.39,190.67,0.3852,24.258
1455,11,438.65,186.05,552.07,400.75,0.8692,24.274
1455,7,408.36,102.75,501.56,272.54,0.757,24.274
1456,11,439.35,186.04,552.24,400.77,0.868,24.291
1456,7,407.71,103.56,501.12,274.87,0.7689,24.291
1457,11,439.64,185.48,552.34,400.86,0.8692,24.308
1457,7,407.31,105.29,499.81,276.0,0.7579,24.308
1458,11,439.91,185.11,552.34,400.93,0.8716,24.324
1458,7,406.95,106.59,498.41,276.38,0.7581,24.324
1458,1,405.19,97.1,464.78,191.75,0.3645,24.324
1459,11,439.4,185.0,551.63,400.93,0.8622,24.341
1459,7,406.42,106.24,497.74,276.87,0.7786,24.341
1459,1,404.98,96.99,464.52,191.71,0.3795,24.341
1460,11,440.34,186.14,551.69,401.04,0.8748,24.358
1460,7,405.11,101.79,497.72,276.52,0.7943,24.358
1461,11,440.67,188.04,551.05,401.15,0.8726,24.374
1461,7,404.29,99.35,497.58,277.19,0.7866,24.374
1462,11,440.63,190.0,550.23,401.29,0.8696,24.391
1462,7,401.4,97.52,499.69,288.45,0.7352,24.391
1463,11,440.61,192.02,549.51,401.34,0.8703,24.408
1463,7,399.93,96.98,500.48,296.32,0.7431,24.408
1464,11,440.55,191.66,549.79,401.4,0.879,24.424
1464,7,399.69,97.06,500.75,301.96,0.7885,24.424
1465,11,439.69,192.76,548.9,401.48,0.8623,24.441
1465,7,399.03,97.53,500.71,308.36,0.831,24.441
1466,11,437.59,193.25,547.36,401.41,0.8609,24.458
1466,7,399.12,97.58,500.1,311.55,0.8296,24.458
1467,11,435.34,190.93,547.06,401.38,0.8509,24.474
1467,7,399.13,97.04,499.65,314.74,0.832,24.474
1468,11,436.28,186.36,550.15,401.44,0.8517,24.491
1468,7,399.14,97.26,499.45,319.21,0.8152,24.491
1469,11,437.53,184.5,551.91,401.5,0.8553,24.508
1469,7,399.46,97.21,498.92,321.81,0.8066,24.508
1470,11,438.88,183.13,553.31,401.54,0.8705,24.524
1470,7,399.84,97.16,498.18,323.75,0.812,24.524
1471,11,440.94,186.97,553.14,401.9,0.8776,24.541
1471,7,400.39,97.1,496.99,324.06,0.822,24.541
1472,11,442.64,191.47,552.43,402.11,0.8763,24.558
1472,7,400.18,96.96,495.23,324.98,0.8258,24.558
1473,11,443.29,192.75,552.25,402.2,0.8794,24.575
1473,7,400.44,96.96,493.72,325.29,0.8374,24.575
1474,11,443.62,192.88,552.32,402.26,0.88,24.591
1474,7,401.14,96.91,492.78,325.31,0.8392,24.591
1475,11,443.79,192.63,552.35,402.21,0.883,24.608
1475,7,402.03,96.88,491.85,324.3,0.8502,24.608
1476,11,443.54,190.27,552.94,402.23,0.8844,24.625
1476,7,402.48,96.64,491.31,325.26,0.8261,24.625
1477,11,443.52,188.91,553.23,402.25,0.8908,24.641
1477,7,402.96,96.43,490.86,326.01,0.8211,24.641
1478,11,443.62,188.21,553.34,402.27,0.8916,24.658
1478,7,404.07,96.01,491.25,326.24,0.82,24.658
1479,11,443.88,188.41,553.19,402.24,0.8867,24.675
1479,7,404.95,95.74,491.26,326.28,0.8055,24.675
1480,11,443.94,188.13,553.09,402.24,0.8914,24.691
1480,7,405.17,95.49,490.72,326.7,0.8073,24.691
1481,11,444.02,187.54,553.19,402.27,0.8949,24.708
1481,7,404.83,95.28,489.74,327.07,0.8115,24.708
1482,11,444.02,187.01,553.2,402.36,0.895,24.725
1482,7,405.77,95.15,490.16,327.37,0.7994,24.725
1483,11,444.02,186.28,553.26,402.39,0.8918,24.741
1483,7,406.43,95.05,490.33,326.92,0.8031,24.741
1484,11,443.99,185.51,553.34,402.43,0.8911,24.758
1484,7,406.67,94.51,490.4,326.68,0.8132,24.758
1485,11,444.12,185.35,553.31,402.47,0.8977,24.775
1485,7,406.72,93.19,490.49,326.16,0.8155,24.775
1486,11,444.41,185.92,553.13,402.5,0.8945,24.791
1486,7,406.59,92.53,490.15,325.55,0.8097,24.791
1487,11,444.66,187.46,552.53,402.44,0.8864,24.808
1487,7,405.53,92.68,488.62,324.93,0.8072,24.808
1488,11,444.58,188.49,551.98,402.41,0.8778,24.825
1488,7,405.69,91.87,488.08,322.88,0.8034,24.825
1489,11,444.18,188.45,551.75,402.38,0.8713,24.841
1489,7,406.53,90.29,488.83,320.73,0.8084,24.841
1490,11,443.3,188.43,551.18,402.32,0.8657,24.858
1490,7,406.99,89.84,488.97,318.55,0.8157,24.858
1491,11,442.61,187.91,551.02,402.25,0.8657,24.875
1491,7,407.22,89.97,489.1,317.49,0.8207,24.875
1492,11,442.27,189.11,550.52,402.15,0.8558,24.892
1492,7,406.84,89.5,489.2,317.5,0.8211,24.892
1493,11,441.64,189.03,550.42,402.04,0.848,24.908
1493,7,406.45,89.65,489.25,317.87,0.8281,24.908
1494,11,439.52,189.73,548.87,401.87,0.8448,24.925
1494,7,406.39,89.74,489.19,316.72,0.8297,24.925
1495,11,438.45,190.64,548.26,401.77,0.8483,24.942
1495,7,406.28,90.09,489.16,316.0,0.8198,24.942
1496,11,438.18,190.89,548.64,401.65,0.8383,24.958
1496,7,405.05,89.77,489.04,317.31,0.8287,24.958
1497,11,436.97,191.1,548.28,401.57,0.8407,24.975
1497,7,404.48,89.32,489.25,317.64,0.8302,24.975
1498,11,437.55,190.2,549.63,401.24,0.8217,24.992
1498,7,402.99,89.06,490.3,323.88,0.8306,24.992
1499,11,436.97,189.65,549.86,401.09,0.8228,25.008
1499,7,402.01,88.93,490.69,327.4,0.8152,25.008
1500,11,433.3,189.69,547.55,401.11,0.8272,25.025
1500,7,402.03,88.66,490.27,325.26,0.8099,25.025
1501,11,433.04,188.8,548.7,401.27,0.8248,25.042
1501,7,402.37,88.27,490.54,323.77,0.825,25.042
1502,11,431.07,187.02,548.52,400.95,0.8469,25.058
1502,7,402.31,88.99,489.66,321.0,0.8348,25.058
1503,11,429.86,186.47,548.54,400.84,0.8573,25.075
1503,7,402.84,89.39,488.57,315.34,0.8295,25.075
1504,11,429.8,186.33,549.28,400.73,0.8526,25.092
1504,7,402.79,89.07,487.7,310.92,0.8249,25.092
1505,11,432.73,186.25,552.2,400.71,0.8351,25.108
1505,7,400.87,87.85,488.85,316.84,0.8193,25.108
1506,11,435.75,185.93,554.83,400.67,0.8456,25.125
1506,7,400.21,87.6,488.98,317.77,0.8274,25.125
1507,11,438.77,186.09,556.87,400.68,0.8654,25.142
1507,7,398.89,87.49,488.72,319.7,0.827,25.142
1508,11,440.53,186.8,557.54,400.79,0.8515,25.158
1508,7,399.14,86.73,490.3,321.81,0.8058,25.158
1509,11,441.04,186.69,557.48,400.76,0.8507,25.175
1509,7,398.87,86.21,490.55,322.16,0.7813,25.175
1510,11,441.39,187.13,557.08,400.72,0.849,25.192
1510,7,398.14,86.39,489.7,322.32,0.761,25.192
1511,11,441.17,187.15,556.44,400.56,0.8442,25.209
1511,7,396.22,86.64,487.53,323.35,0.7589,25.209
1512,11,441.7,187.35,556.5,400.58,0.8501,25.225
1512,7,392.38,87.05,482.56,324.76,0.7469,25.225
1513,11,442.24,187.6,556.7,400.76,0.8452,25.242
1513,7,392.52,87.07,481.62,324.69,0.7498,25.242
1514,11,442.2,187.89,556.34,400.76,0.8426,25.259
1514,7,394.91,87.0,483.44,323.82,0.7631,25.259
1515,11,441.53,188.2,555.6,400.74,0.8373,25.275
1515,7,395.06,87.0,483.18,323.9,0.7621,25.275
1516,11,442.33,188.87,556.04,400.9,0.8475,25.292
1516,7,391.92,87.78,478.93,325.45,0.7606,25.292
1517,11,442.43,189.72,555.84,400.96,0.8414,25.309
1517,7,391.62,87.62,477.33,324.86,0.7592,25.309
1518,11,441.23,190.35,554.64,400.84,0.841,25.325
1518,7,391.54,87.22,475.72,322.87,0.75,25.325
1519,11,441.0,190.11,554.71,400.56,0.8297,25.342
1519,7,390.48,87.58,474.23,324.98,0.7625,25.342
1520,11,442.04,190.97,555.46,400.75,0.8386,25.359
1520,7,390.12,87.64,472.88,325.54,0.7679,25.359
1521,11,441.26,191.49,555.01,401.04,0.8406,25.375
1521,7,390.08,87.9,471.49,325.55,0.7749,25.375
1522,11,441.77,191.35,555.67,401.04,0.8437,25.392
1522,7,390.21,88.02,470.84,326.57,0.7687,25.392
1523,11,441.4,191.22,555.78,401.26,0.8544,25.409
1523,7,390.42,88.08,470.06,326.53,0.7483,25.409
1524,11,442.28,191.25,556.56,401.11,0.859,25.425
1524,7,390.12,87.88,469.91,329.88,0.7413,25.425
1525,11,442.31,192.18,556.28,401.1,0.8527,25.442
1525,7,390.8,88.13,469.45,328.58,0.7781,25.442
1526,11,441.49,193.46,555.36,401.36,0.8609,25.459
1526,7,392.69,87.8,470.58,327.21,0.744,25.459
1527,11,441.63,195.11,555.16,401.55,0.8607,25.475
1527,7,392.92,88.28,469.84,325.53,0.7565,25.475
1528,11,441.02,196.39,554.57,401.63,0.866,25.492
1528,7,394.58,87.94,471.18,324.08,0.7581,25.492
1529,11,440.27,197.34,554.05,401.54,0.8629,25.509
1529,7,393.83,87.67,469.7,322.53,0.7464,25.509
1530,11,439.98,198.03,554.11,401.59,0.8559,25.526
1530,7,392.87,87.55,468.55,322.85,0.7419,25.526
1531,11,439.81,199.21,554.05,401.69,0.84,25.542
1531,7,392.4,87.51,467.75,322.71,0.7546,25.542
1532,11,439.34,199.92,553.99,401.74,0.8469,25.559
1532,7,391.6,87.5,466.46,321.95,0.7823,25.559
1533,11,439.01,201.02,553.85,401.65,0.849,25.576
1533,7,390.91,87.28,465.64,321.59,0.7494,25.576
1534,11,438.92,202.46,553.78,401.56,0.8388,25.592
1534,7,390.44,87.16,465.09,321.29,0.7684,25.592
1535,11,438.38,203.05,553.49,400.64,0.8151,25.609
1535,7,390.1,86.13,463.74,316.24,0.7927,25.609
1536,11,438.1,203.77,553.58,400.02,0.7489,25.626
1536,7,389.54,85.69,462.95,314.15,0.7846,25.626
1537,11,437.63,205.11,553.55,400.03,0.8091,25.642
1537,7,388.32,85.4,462.36,314.47,0.7978,25.642
1538,11,437.31,206.52,553.53,399.78,0.779,25.659
1538,7,387.23,85.43,461.85,314.47,0.8157,25.659
1539,11,437.05,207.99,553.65,399.77,0.7775,25.676
1539,7,386.37,85.37,461.7,315.06,0.8191,25.676
1540,11,436.79,211.41,552.98,400.04,0.7852,25.692
1540,7,385.63,85.43,461.53,315.22,0.8242,25.692
1541,11,437.2,215.09,552.8,400.22,0.7886,25.709
1541,7,384.88,85.24,461.56,315.95,0.816,25.709
1542,11,437.14,216.37,553.35,400.18,0.7765,25.726
1542,7,383.79,85.45,460.68,315.06,0.8124,25.726
1543,11,436.97,217.98,553.66,400.24,0.7937,25.742
1543,7,383.45,85.76,460.55,314.34,0.8052,25.742
1544,11,435.68,216.03,554.75,400.07,0.7522,25.759
1544,7,382.87,85.96,460.53,314.21,0.8081,25.759
1545,11,435.28,218.49,554.4,400.12,0.7083,25.776
1545,7,381.57,86.1,459.69,313.69,0.8004,25.776
1546,11,435.61,221.28,554.43,400.07,0.7381,25.792
1546,7,380.61,86.06,459.36,313.13,0.8024,25.792
1547,11,434.88,223.15,554.24,400.03,0.686,25.809
1547,7,378.6,86.06,457.68,311.89,0.8183,25.809
1548,11,433.26,220.82,555.5,400.02,0.7154,25.826
1548,7,376.66,86.16,456.14,310.83,0.8313,25.826
1549,11,432.5,221.0,556.15,399.93,0.4914,25.842
1549,7,375.14,86.28,455.25,310.31,0.8182,25.842
1550,11,432.23,221.03,557.2,399.86,0.4105,25.859
1550,7,373.24,86.25,454.16,310.34,0.8349,25.859
1551,11,432.5,221.84,558.28,399.86,0.4859,25.876
1551,7,371.65,85.74,453.29,309.23,0.8323,25.876
1552,11,431.87,220.92,559.26,399.76,0.6268,25.893
1552,7,370.28,85.77,452.79,309.25,0.8189,25.893
1553,11,432.71,224.8,558.68,399.61,0.4561,25.909
1553,7,368.51,85.88,452.04,310.14,0.8201,25.909
1554,11,432.71,226.57,558.76,399.63,0.5408,25.926
1554,7,366.63,86.31,451.01,311.11,0.815,25.926
1555,7,364.91,86.44,450.03,311.4,0.8034,25.943
1556,7,363.37,86.35,448.91,310.0,0.7857,25.959
1556,11,432.4,228.26,558.69,399.68,0.5607,25.959
1557,7,361.67,85.64,447.98,308.91,0.7851,25.976
1557,11,430.78,225.38,560.14,399.73,0.5662,25.976
1558,7,359.28,85.28,446.39,307.89,0.7895,25.993
1558,11,430.3,225.05,560.8,399.74,0.5108,25.993
1558,12,0.81,317.91,56.92,400.15,0.465,25.993
1558,13,432.11,87.89,485.33,236.5,0.4054,25.993
1559,7,357.31,85.2,445.46,307.56,0.7905,26.009
1559,11,430.64,225.66,561.57,399.71,0.4087,26.009
1559,12,1.47,316.93,58.36,400.22,0.5296,26.009
1559,13,431.69,87.58,485.64,238.35,0.4571,26.009
1560,7,354.27,84.99,444.62,310.08,0.7986,26.026
1560,11,430.39,225.84,561.91,399.75,0.6001,26.026
1560,12,2.14,313.85,61.24,400.2,0.5752,26.026
1560,13,430.88,86.02,485.65,239.36,0.5167,26.026
1561,7,351.76,84.82,443.98,311.59,0.7998,26.043
1561,11,430.12,226.07,562.1,399.82,0.6633,26.043
1561,12,3.04,310.5,64.76,400.38,0.5747,26.043
1561,13,429.99,84.2,485.2,239.12,0.5988,26.043
1562,7,349.9,84.57,443.09,310.77,0.804,26.059
1562,11,430.33,226.28,562.73,399.78,0.6402,26.059
1562,12,4.08,306.44,68.92,400.37,0.6058,26.059
1562,13,428.67,82.22,484.82,240.24,0.6191,26.059
1563,7,349.23,84.39,442.08,306.63,0.7949,26.076
1563,11,430.26,227.08,562.7,399.83,0.6432,26.076
1563,12,4.18,300.81,73.36,400.49,0.6176,26.076
1563,13,427.79,80.52,484.51,240.59,0.6035,26.076
1564,7,347.94,84.56,442.09,306.99,0.805,26.093
1564,11,430.25,227.74,562.93,399.87,0.642,26.093
1564,12,3.99,296.36,76.71,400.6,0.6512,26.093
1564,13,427.0,78.01,484.37,240.47,0.6053,26.093
1565,7,347.04,84.96,440.89,302.72,0.7927,26.109
1565,11,430.26,229.63,562.32,399.94,0.6782,26.109
1565,12,4.46,293.94,79.54,400.72,0.6119,26.109
1565,13,426.07,76.76,483.8,240.51,0.6052,26.109
1566,7,345.53,84.95,440.87,302.69,0.8212,26.126
1566,11,429.91,230.2,562.24,399.87,0.6698,26.126
1566,12,4.89,290.75,82.83,400.67,0.6812,26.126
1566,13,424.93,75.49,483.0,240.79,0.5854,26.126
1567,7,343.53,85.34,440.78,304.05,0.8154,26.143
1567,11,429.79,229.84,563.1,399.84,0.6241,26.143
1567,12,4.93,287.55,86.14,401.07,0.6697,26.143
1567,13,424.19,74.32,482.65,241.13,0.6129,26.143
1568,7,341.3,85.83,440.9,306.84,0.8039,26.159
1568,11,429.62,229.18,564.18,399.72,0.5865,26.159
1568,12,5.97,285.76,89.14,400.72,0.6649,26.159
1568,13,423.72,72.84,482.77,241.63,0.6607,26.159
1569,7,338.22,86.08,440.75,311.17,0.8273,26.176
1569,11,429.62,229.4,564.67,399.59,0.5752,26.176
1569,12,6.5,284.42,91.58,400.57,0.6757,26.176
1569,13,423.01,69.85,482.59,240.42,0.7021,26.176
1570,7,336.51,86.24,440.49,312.18,0.8401,26.193
1570,11,428.51,229.85,563.84,399.55,0.5977,26.193
1570,12,6.7,283.09,93.79,400.53,0.6914,26.193
1570,13,422.41,68.7,482.38,240.63,0.7507,26.193
1571,7,335.28,86.45,439.62,310.47,0.8433,26.21
1571,11,427.98,230.81,563.28,399.58,0.4483,26.21
1571,12,6.03,280.64,95.89,400.45,0.6602,26.21
1571,13,421.7,67.81,482.23,241.72,0.7513,26.21
1572,7,332.89,86.46,438.6,310.36,0.8518,26.226
1572,11,428.89,232.41,563.51,399.29,0.5,26.226
1572,12,5.92,278.89,98.11,400.39,0.6689,26.226
1572,13,421.4,67.45,482.16,242.42,0.7985,26.226
1573,7,330.62,85.83,437.5,309.13,0.8395,26.243
1573,11,427.92,232.71,563.27,399.61,0.4902,26.243
1573,12,5.72,276.88,100.46,400.36,0.7036,26.243
1573,13,420.65,66.1,482.03,243.16,0.818,26.243
1574,7,328.15,85.73,437.33,311.08,0.8378,26.26
1574,11,427.58,233.29,563.25,399.62,0.4798,26.26
1574,12,5.97,276.26,102.34,400.35,0.7263,26.26
1574,13,420.18,65.48,481.64,242.54,0.823,26.26
1575,7,325.86,85.64,436.97,312.07,0.8524,26.276
1575,11,428.12,234.81,563.49,399.53,0.4538,26.276
1575,12,6.48,276.51,103.92,400.27,0.7191,26.276
1575,13,419.35,64.41,481.29,242.58,0.8332,26.276
1576,7,323.03,85.34,435.86,311.92,0.8498,26.293
1576,11,427.7,234.26,564.47,399.59,0.4802,26.293
1576,12,6.59,275.6,105.91,400.11,0.7247,26.293
1576,13,418.6,63.08,480.68,241.02,0.8455,26.293
1577,7,321.01,84.52,435.72,311.58,0.8527,26.31
1577,11,426.7,233.84,564.45,399.68,0.5101,26.31
1577,12,6.05,273.33,108.34,400.26,0.7407,26.31
1577,13,417.55,61.06,480.35,240.45,0.8514,26.31
1578,7,320.36,84.48,435.5,309.06,0.852,26.326
1578,11,426.28,233.24,565.2,399.83,0.4978,26.326
1578,12,5.39,270.72,110.76,400.25,0.5857,26.326
1578,13,416.52,60.31,479.46,238.86,0.8601,26.326
1579,7,319.48,84.47,435.81,308.26,0.8593,26.343
1579,11,426.52,234.1,565.36,399.9,0.4422,26.343
1579,12,0.0,227.18,127.43,400.42,0.6062,26.343
1579,13,415.78,59.92,479.1,238.27,0.8574,26.343
1580,7,318.6,84.39,436.27,307.31,0.8518,26.36
1580,11,427.8,235.55,566.2,400.02,0.5111,26.36
1580,12,0.0,207.31,133.96,400.4,0.5744,26.36
1580,13,414.88,58.22,479.01,237.77,0.8513,26.36
1581,7,317.04,84.27,436.42,306.84,0.856,26.376
1581,11,429.05,236.1,567.94,400.2,0.4982,26.376
1581,12,0.0,177.37,142.89,400.1,0.7224,26.376
1581,13,414.31,57.35,479.03,237.53,0.8543,26.376
1582,7,315.21,84.44,436.3,306.78,0.8584,26.393
1582,11,427.11,235.3,566.94,400.07,0.4982,26.393
1582,12,0.0,165.16,145.65,400.07,0.8115,26.393
1582,13,413.67,56.59,478.93,237.41,0.8662,26.393
1583,7,313.43,84.53,435.97,306.32,0.8618,26.41
1583,11,426.11,234.78,566.57,400.1,0.5448,26.41
1583,12,0.0,159.58,145.79,400.15,0.8421,26.41
1583,13,413.05,55.54,478.94,237.4,0.8656,26.41
1584,7,311.97,84.69,436.16,306.48,0.8612,26.426
1584,11,425.75,235.16,566.04,400.2,0.4883,26.426
1584,12,0.0,158.52,144.66,400.24,0.8825,26.426
1584,13,412.62,55.36,478.69,236.79,0.86,26.426
1585,7,310.07,84.73,435.92,306.57,0.8606,26.443
1585,11,425.82,236.08,565.39,400.1,0.5,26.443
1585,12,0.0,158.19,143.15,400.32,0.8936,26.443
1585,13,412.12,54.9,478.64,236.77,0.8609,26.443
1586,7,308.87,84.84,436.95,308.2,0.8604,26.46
1586,11,425.4,236.41,564.72,400.06,0.3719,26.46
1586,12,0.0,162.97,140.66,400.36,0.8994,26.46
1586,13,411.65,54.62,478.39,236.25,0.8495,26.46
1587,7,307.7,85.4,437.76,310.14,0.8625,26.476
1587,12,0.0,162.32,140.16,400.53,0.9027,26.476
1587,13,411.26,54.1,478.31,235.64,0.838,26.476
1588,7,307.43,85.61,437.66,308.13,0.8688,26.493
1588,12,0.0,162.24,139.67,400.53,0.904,26.493
1588,13,410.53,53.0,478.46,236.3,0.8336,26.493
1589,7,305.95,85.73,437.26,307.81,0.873,26.51
1589,12,0.0,162.55,138.77,400.62,0.8975,26.51
1589,13,410.32,52.46,478.48,235.74,0.843,26.51
1590,7,304.76,85.89,436.85,307.09,0.8626,26.527
1590,12,0.0,163.2,137.82,400.64,0.8976,26.527
1590,13,409.42,51.57,478.58,237.22,0.8385,26.527
1591,7,303.8,86.0,436.57,306.28,0.8643,26.543
1591,12,0.0,165.29,137.02,400.64,0.9009,26.543
1591,13,408.89,51.04,478.66,238.01,0.8423,26.543
1591,11,428.62,242.94,563.5,400.48,0.4114,26.543
1592,7,302.74,86.05,436.0,305.12,0.8663,26.56
1592,12,0.0,165.12,136.37,400.63,0.8972,26.56
1592,13,408.72,50.57,478.44,236.9,0.8412,26.56
1592,11,427.94,244.24,562.35,400.89,0.5936,26.56
1593,7,301.84,86.02,435.65,304.07,0.8713,26.577
1593,12,0.0,170.06,135.01,400.61,0.9039,26.577
1593,13,408.52,50.32,478.05,235.48,0.8426,26.577
1593,11,428.35,244.42,562.85,400.66,0.528,26.577
1594,7,300.67,86.39,436.46,306.55,0.8608,26.593
1594,12,0.0,163.71,136.39,400.45,0.8982,26.593
1594,13,408.24,50.09,477.79,234.84,0.8505,26.593
1594,11,428.83,243.9,564.27,400.65,0.3872,26.593
1595,7,299.49,86.44,436.68,307.94,0.868,26.61
1595,12,0.0,161.89,136.46,400.33,0.8977,26.61
1595,13,408.05,49.67,477.54,233.71,0.8435,26.61
1595,11,428.06,243.93,563.53,400.54,0.4471,26.61
1596,7,298.19,86.46,437.53,310.81,0.8719,26.627
1596,12,0.0,162.74,136.13,400.0,0.9004,26.627
1596,13,408.02,49.23,477.49,232.71,0.8446,26.627
1596,11,429.18,244.14,565.01,400.62,0.3784,26.627
1597,7,297.19,86.44,437.81,312.34,0.8777,26.643
1597,12,0.0,162.51,136.04,399.97,0.9035,26.643
1597,13,407.69,48.74,477.19,231.55,0.8426,26.643
1598,7,296.62,86.39,437.81,312.69,0.8827,26.66
1598,12,0.0,162.53,135.62,399.94,0.9051,26.66
1598,13,407.52,48.63,477.12,231.08,0.8479,26.66
1599,7,296.61,86.45,437.61,311.84,0.8749,26.677
1599,12,0.0,162.16,135.21,399.97,0.9071,26.677
1599,13,406.96,48.26,477.03,231.27,0.846,26.677
1600,7,296.02,86.44,437.52,312.03,0.8816,26.693
1600,12,0.0,161.6,135.29,399.97,0.9102,26.693
1600,13,406.85,48.13,476.81,230.08,0.8482,26.693
1601,7,295.34,86.45,437.54,312.58,0.8797,26.71
1601,12,0.0,160.74,135.35,399.85,0.9133,26.71
1601,13,406.64,48.13,476.52,228.93,0.842,26.71
1602,7,294.98,86.4,437.79,312.96,0.8748,26.727
1602,12,0.0,160.51,135.19,399.93,0.914,26.727
1602,13,406.57,47.94,476.36,227.58,0.8434,26.727
1603,7,294.93,86.5,437.14,311.27,0.8625,26.743
1603,12,0.0,160.96,134.93,399.99,0.9144,26.743
1603,13,406.5,47.81,476.46,227.15,0.8442,26.743
1604,7,294.44,86.54,437.03,311.12,0.8629,26.76
1604,12,0.0,161.42,134.94,400.08,0.9132,26.76
1604,13,406.39,47.76,476.59,227.03,0.8437,26.76
1605,7,293.67,86.61,436.75,311.07,0.8633,26.777
1605,12,0.0,160.98,135.03,400.12,0.9168,26.777
1605,13,406.41,47.75,476.86,227.12,0.8472,26.777
1606,7,292.81,86.59,436.66,311.39,0.8795,26.793
1606,12,0.0,160.95,135.15,400.23,0.9193,26.793
1606,13,406.5,47.87,477.01,226.93,0.8462,26.793
1607,7,292.12,86.83,436.77,312.03,0.8865,26.81
1607,12,0.0,160.6,135.37,400.33,0.9226,26.81
1607,13,406.62,47.82,477.32,227.11,0.8529,26.81
1608,7,291.88,86.99,437.02,312.18,0.8814,26.827
1608,12,0.0,160.27,135.59,400.35,0.9269,26.827
1608,13,406.5,47.82,477.25,226.8,0.85,26.827
1609,7,291.48,87.03,437.1,312.1,0.8833,26.843
1609,12,0.0,160.55,135.62,400.3,0.929,26.843
1609,13,406.4,47.78,477.43,227.23,0.8467,26.843
1610,7,291.36,87.1,437.28,311.84,0.881,26.86
1610,12,0.13,160.33,135.81,400.23,0.931,26.86
1610,13,406.55,47.58,477.75,227.29,0.8479,26.86
1611,7,291.07,87.4,437.1,311.46,0.8859,26.877
1611,12,0.15,159.75,136.17,400.32,0.9344,26.877
1611,13,406.32,47.65,478.43,230.01,0.8505,26.877
1611,11,432.28,253.25,562.28,400.54,0.46,26.877
1612,7,291.05,87.54,437.05,310.72,0.8814,26.894
1612,12,0.17,158.94,136.68,400.46,0.9351,26.894
1612,13,406.67,47.58,478.25,228.54,0.8535,26.894
1612,11,431.44,253.12,562.61,400.48,0.4326,26.894
1613,7,290.91,87.67,437.03,310.16,0.8807,26.91
1613,12,0.0,156.84,137.45,400.46,0.9375,26.91
1613,13,406.84,47.67,478.2,228.09,0.8489,26.91
1613,11,430.72,253.21,562.65,400.53,0.4411,26.91
1614,7,290.8,87.69,436.45,308.38,0.8864,26.927
1614,12,0.0,155.42,138.11,400.48,0.939,26.927
1614,13,406.5,47.71,478.66,230.53,0.8464,26.927
1614,11,429.72,254.38,560.73,400.41,0.539,26.927
1615,7,290.14,87.83,436.7,309.13,0.8899,26.944
1615,12,0.0,154.45,138.79,400.65,0.9379,26.944
1615,13,407.18,47.46,478.62,228.59,0.8479,26.944
1615,11,429.19,255.41,559.76,400.6,0.6204,26.944
1616,7,289.72,87.96,437.08,309.77,0.8928,26.96
1616,12,0.0,152.84,139.54,400.72,0.937,26.96
1616,13,406.73,47.42,478.74,230.22,0.8484,26.96
1616,11,429.11,256.09,559.33,400.58,0.6013,26.96
1617,7,289.3,88.07,437.38,310.33,0.8934,26.977
1617,12,0.0,150.45,140.27,400.64,0.9368,26.977
1617,13,406.78,47.38,478.82,230.49,0.8535,26.977
1617,11,428.65,256.16,558.9,400.51,0.5884,26.977
1618,7,288.9,88.15,437.63,310.81,0.8929,26.994
1618,12,0.0,148.72,141.12,400.69,0.9369,26.994
1618,13,406.81,47.0,478.86,230.36,0.8507,26.994
1618,11,428.49,256.48,558.6,400.51,0.5813,26.994
1619,7,288.62,88.28,437.92,311.22,0.8959,27.01
1619,12,0.0,146.71,141.83,400.7,0.9371,27.01
1619,13,407.09,46.86,478.9,229.79,0.8508,27.01
1619,11,428.61,258.0,557.92,400.71,0.615,27.01
1620,7,288.34,88.41,438.06,311.46,0.8973,27.027
1620,12,0.0,144.09,142.96,400.83,0.9357,27.027
1620,13,407.06,46.82,478.8,229.66,0.8506,27.027
1620,11,428.54,258.59,557.73,400.82,0.6139,27.027
1621,7,288.09,88.48,438.18,311.63,0.8993,27.044
1621,12,0.0,142.68,143.51,401.0,0.9365,27.044
1621,13,407.02,46.76,478.76,229.65,0.8478,27.044
1621,11,428.07,258.41,557.71,400.88,0.6046,27.044
1622,7,287.76,88.63,438.14,311.79,0.8994,27.06
1622,12,0.0,141.4,144.1,401.22,0.9374,27.06
1622,13,407.06,46.44,478.87,229.78,0.8485,27.06
1622,11,428.49,260.2,556.95,400.9,0.603,27.06
1623,7,287.43,88.73,438.35,312.31,0.8978,27.077
1623,12,0.0,141.57,144.29,401.1,0.9342,27.077
1623,13,407.95,45.94,478.93,227.27,0.8436,27.077
1623,11,429.51,264.29,555.12,400.99,0.6185,27.077
1624,7,287.2,88.73,438.47,312.49,0.8979,27.094
1624,12,0.0,140.85,144.63,401.12,0.9367,27.094
1624,13,408.49,45.68,479.03,226.08,0.848,27.094
1624,11,429.08,264.45,555.06,401.03,0.6344,27.094
1625,7,287.06,88.8,438.6,312.66,0.8943,27.11
1625,12,0.0,140.11,144.95,401.17,0.9395,27.11
1625,13,408.69,45.25,479.24,225.81,0.8436,27.11
1625,11,429.09,265.91,554.29,400.98,0.6391,27.11
1626,7,287.4,89.25,438.64,312.13,0.8953,27.127
1626,12,0.0,140.01,145.08,401.03,0.9378,27.127
1626,13,408.99,44.73,479.5,225.41,0.8468,27.127
1626,11,428.42,265.21,554.6,401.03,0.6179,27.127
1627,7,287.42,89.39,438.62,311.75,0.8953,27.144
1627,12,0.0,139.76,145.29,401.14,0.9359,27.144
1627,13,408.96,43.95,479.79,225.85,0.8508,27.144
1627,11,427.96,264.5,555.04,401.09,0.5964,27.144
1628,7,287.55,89.63,438.77,311.4,0.8932,27.16
1628,12,0.0,139.09,145.71,401.07,0.9364,27.16
1628,13,409.15,43.67,479.89,225.66,0.8588,27.16
1628,11,425.6,258.78,557.27,400.98,0.6026,27.16
1629,7,287.32,89.72,438.87,311.56,0.8935,27.177
1629,12,0.04,138.91,145.91,400.91,0.9351,27.177
1629,13,409.07,43.21,480.06,226.24,0.8645,27.177
1629,11,424.93,256.83,557.76,400.93,0.6374,27.177
1630,7,287.14,89.63,439.13,311.71,0.8951,27.194
1630,12,0.18,137.91,146.5,400.66,0.9327,27.194
1630,13,409.13,42.52,480.28,226.31,0.8673,27.194
1630,11,424.76,256.07,557.68,400.89,0.6215,27.194
1631,7,287.0,89.55,439.31,311.76,0.8943,27.211
1631,12,0.73,137.95,147.18,400.57,0.9308,27.211
1631,13,409.03,41.82,480.36,226.32,0.872,27.211
1631,11,424.67,255.82,557.23,400.85,0.5885,27.211
1632,7,286.94,89.55,439.23,311.35,0.8942,27.227
1632,12,0.73,137.56,147.61,400.7,0.9319,27.227
1632,13,409.0,41.97,480.42,227.03,0.8755,27.227
1632,11,424.57,255.49,556.9,400.9,0.6431,27.227
1633,7,286.83,89.64,439.07,311.04,0.8926,27.244
1633,12,0.74,137.07,148.11,400.84,0.9319,27.244
1633,13,408.94,41.66,480.47,227.28,0.8799,27.244
1633,11,424.83,255.94,556.52,401.0,0.6153,27.244
1634,7,286.6,89.69,439.0,311.07,0.8934,27.261
1634,12,1.09,137.04,148.73,400.81,0.9329,27.261
1634,13,408.92,41.19,480.43,226.9,0.8787,27.261
1634,11,425.0,256.13,556.21,400.99,0.6121,27.261
1635,7,286.72,89.77,438.77,310.3,0.8905,27.277
1635,12,1.35,137.26,149.17,400.83,0.9301,27.277
1635,13,408.95,41.18,480.42,226.92,0.8821,27.277
1635,11,424.91,256.08,555.98,401.04,0.6329,27.277
1636,7,287.03,89.93,438.38,309.01,0.8911,27.294
1636,12,1.34,137.26,149.5,400.95,0.93,27.294
1636,13,408.93,41.22,480.52,227.38,0.8801,27.294
1636,11,424.8,255.96,555.73,401.03,0.5916,27.294
1637,7,287.03,90.01,438.26,308.52,0.8922,27.311
1637,12,1.53,137.18,150.06,400.98,0.9311,27.311
1637,13,409.01,41.28,480.6,227.52,0.8856,27.311
1637,11,424.37,255.18,555.45,400.9,0.5937,27.311
1638,7,287.06,90.09,438.08,307.95,0.8906,27.327
1638,12,1.63,137.31,150.38,400.9,0.9344,27.327
1638,13,409.13,41.3,480.46,226.77,0.8863,27.327
1638,11,424.31,254.84,555.15,400.77,0.6011,27.327
1639,7,287.04,90.14,438.11,307.72,0.8892,27.344
1639,12,1.55,136.94,150.89,401.06,0.9325,27.344
1639,13,409.32,41.51,480.22,225.62,0.8872,27.344
1639,11,424.2,254.26,555.09,400.75,0.6193,27.344
1640,7,287.04,90.16,438.15,307.48,0.8894,27.361
1640,12,1.3,136.78,151.17,401.45,0.9295,27.361
1640,13,409.53,41.81,480.01,224.51,0.8881,27.361
1640,11,424.61,254.67,555.22,401.02,0.654,27.361
1641,7,287.07,90.17,438.23,307.26,0.8896,27.377
1641,12,1.3,136.65,151.28,401.15,0.9285,27.377
1641,13,409.72,42.02,479.91,223.62,0.8894,27.377
1641,11,424.66,254.37,555.32,401.05,0.6644,27.377
1642,7,286.96,90.19,438.29,307.28,0.8941,27.394
1642,12,1.44,137.03,151.41,401.07,0.9271,27.394
1642,13,409.71,41.53,479.98,223.1,0.8949,27.394
1642,11,424.86,254.33,555.4,401.14,0.6558,27.394
1643,7,286.71,90.3,438.5,307.9,0.8967,27.411
1643,12,1.39,136.92,151.68,401.13,0.9234,27.411
1643,13,409.6,41.35,480.05,223.2,0.897,27.411
1643,11,425.13,254.43,555.38,401.17,0.6692,27.411
1644,7,286.76,90.42,438.45,307.65,0.8946,27.427
1644,12,1.54,137.15,151.9,401.02,0.9238,27.427
1644,13,409.55,41.21,480.17,223.51,0.8941,27.427
1644,11,425.17,254.39,555.27,401.16,0.6616,27.427
1645,7,287.24,90.49,437.89,305.81,0.8953,27.444
1645,12,1.47,137.16,152.16,401.19,0.9264,27.444
1645,13,409.48,41.14,480.26,223.94,0.8942,27.444
1645,11,424.94,254.09,555.12,401.12,0.6742,27.444
1646,7,287.48,90.55,437.64,304.74,0.8959,27.461
1646,12,1.28,136.48,152.55,401.19,0.9251,27.461
1646,13,409.35,40.99,480.46,224.77,0.8912,27.461
1646,11,424.91,254.06,555.01,401.14,0.6906,27.461
1647,7,287.61,90.61,437.56,304.09,0.8949,27.477
1647,12,1.18,136.16,152.89,401.3,0.9247,27.477
1647,13,409.39,40.95,480.47,224.87,0.8929,27.477
1647,11,424.92,253.61,555.25,401.2,0.6849,27.477
1648,7,287.4,90.62,437.56,304.13,0.8973,27.494
1648,12,0.98,135.7,153.05,401.23,0.923,27.494
1648,13,409.48,40.82,480.31,224.42,0.898,27.494
1648,11,424.53,252.92,555.27,401.21,0.6321,27.494
1649,7,287.37,90.6,437.51,303.79,0.8968,27.511
1649,12,0.0,131.43,154.22,401.1,0.9199,27.511
1649,13,409.53,40.77,480.16,224.21,0.8976,27.511
1649,11,423.81,251.95,555.21,401.2,0.6524,27.511
1650,7,287.1,90.6,437.59,304.13,0.8987,27.527
1650,12,0.0,130.73,154.42,401.05,0.9193,27.527
1650,13,409.61,40.72,479.96,223.62,0.8987,27.527
1650,11,423.32,251.17,555.11,401.13,0.6076,27.527
1651,7,286.81,90.55,437.62,304.48,0.8997,27.544
1651,12,0.29,132.03,154.16,400.96,0.9214,27.544
1651,13,409.61,40.53,479.81,223.42,0.9004,27.544
1651,11,423.03,250.51,555.1,401.06,0.5247,27.544
1652,7,286.7,90.52,437.28,304.05,0.8994,27.561
1652,12,0.0,130.02,154.89,400.87,0.9212,27.561
1652,13,409.6,40.34,479.69,223.33,0.8997,27.561
1652,11,422.86,249.69,555.32,401.06,0.4937,27.561
1653,7,286.62,90.4,437.19,304.02,0.8966,27.578
1653,12,0.02,129.89,155.04,400.9,0.9282,27.578
1653,13,409.53,40.47,479.58,223.84,0.8945,27.578
1653,11,422.49,248.88,555.47,401.23,0.5864,27.578
1654,7,286.7,90.37,437.19,304.04,0.8951,27.594
1654,12,0.1,129.51,155.37,400.9,0.9262,27.594
1654,13,409.58,40.31,479.46,223.77,0.8938,27.594
1654,11,421.93,247.69,555.6,401.28,0.6021,27.594
1655,7,287.13,90.35,436.65,302.56,0.8948,27.611
1655,12,0.0,128.29,155.87,400.81,0.9253,27.611
1655,13,409.7,40.23,479.27,223.31,0.8934,27.611
1655,11,421.65,246.83,555.63,401.32,0.4748,27.611
1656,7,287.5,90.35,436.16,301.19,0.8952,27.628
1656,12,0.22,128.46,156.09,400.81,0.9269,27.628
1656,13,409.73,40.04,479.15,223.2,0.8924,27.628
1657,7,287.89,90.37,435.65,299.67,0.9008,27.644
1657,12,0.59,128.93,156.37,400.81,0.9292,27.644
1657,13,409.94,40.11,479.01,222.84,0.8943,27.644
1657,11,420.52,244.17,555.79,401.23,0.4677,27.644
1658,7,288.17,90.35,435.37,298.58,0.9019,27.661
1658,12,0.25,126.56,157.43,400.87,0.9269,27.661
1658,13,410.05,40.2,478.82,222.55,0.892,27.661
1658,11,420.1,241.71,556.21,401.15,0.612,27.661
1659,7,288.26,90.35,435.22,297.96,0.9007,27.678
1659,12,0.5,126.49,157.82,400.81,0.9275,27.678
1659,13,410.15,40.19,478.68,222.36,0.8895,27.678
1659,11,419.66,239.5,556.45,401.01,0.3708,27.678
1660,7,288.16,90.4,435.4,298.22,0.9021,27.694
1660,12,0.67,125.99,158.4,400.74,0.9289,27.694
1660,13,410.3,40.44,478.49,222.37,0.8894,27.694
1660,11,419.31,238.16,556.23,401.1,0.4029,27.694
1661,7,288.16,90.37,435.73,298.52,0.8978,27.711
1661,12,0.92,126.07,158.85,400.77,0.9318,27.711
1661,13,410.48,40.85,478.27,222.44,0.8895,27.711
1661,11,419.32,235.98,556.67,400.89,0.4494,27.711
1662,7,287.81,90.34,436.2,299.7,0.8961,27.728
1662,12,1.26,125.8,159.63,400.74,0.9327,27.728
1662,13,410.57,40.94,478.04,222.35,0.8887,27.728
1662,11,419.26,233.73,557.17,400.86,0.3857,27.728
1663,7,288.22,90.86,435.87,299.22,0.8939,27.744
1663,12,1.52,125.28,160.53,400.72,0.9336,27.744
1663,13,410.4,41.1,477.47,222.15,0.8868,27.744
1663,11,419.29,231.78,557.0,400.54,0.5466,27.744
1664,7,288.29,91.02,435.83,299.35,0.8925,27.761
1664,12,1.56,125.08,161.1,400.85,0.9272,27.761
1664,13,410.45,41.2,477.15,222.04,0.8872,27.761
1664,11,419.32,229.74,557.24,400.73,0.6166,27.761
1665,7,288.05,91.0,436.03,300.24,0.8902,27.778
1665,12,1.92,125.23,161.81,400.96,0.9208,27.778
1665,13,410.44,41.05,476.8,221.84,0.8824,27.778
1665,11,418.69,227.04,558.35,402.23,0.6289,27.778
1666,7,287.45,91.0,436.7,302.59,0.8895,27.794
1666,12,2.14,124.55,162.94,401.1,0.9178,27.794
1666,13,410.41,41.02,476.38,221.56,0.8768,27.794
1666,11,418.47,224.67,558.66,402.63,0.4704,27.794
1667,7,287.24,90.93,436.99,303.77,0.885,27.811
1667,12,2.7,124.08,164.28,401.05,0.9158,27.811
1667,13,410.34,41.03,475.92,221.29,0.8637,27.811
1668,7,286.21,90.41,437.77,306.48,0.8832,27.828
1668,12,3.46,124.71,165.43,401.14,0.9187,27.828
1668,13,410.25,40.63,475.55,221.0,0.8581,27.828
1668,11,417.59,219.92,557.92,400.42,0.4667,27.828
1669,7,285.81,90.26,438.03,307.88,0.8832,27.844
1669,12,4.05,123.94,167.18,401.17,0.9158,27.844
1669,13,409.73,41.05,474.88,221.68,0.8438,27.844
1669,14,0.14,266.22,64.53,401.87,0.4244,27.844
1669,11,418.25,218.15,557.56,399.84,0.6376,27.844
1670,7,285.77,90.19,437.97,308.35,0.8818,27.861
1670,12,4.84,123.52,168.96,401.11,0.9137,27.861
1670,13,409.62,41.41,474.48,222.08,0.8364,27.861
1670,14,1.36,267.23,65.28,401.74,0.4899,27.861
1671,7,286.0,90.2,437.68,308.08,0.8814,27.878
1671,12,4.97,121.56,170.85,401.04,0.914,27.878
1671,13,409.3,41.53,474.21,223.24,0.8287,27.878
1671,14,1.36,265.61,66.52,402.6,0.451,27.878
1672,7,286.2,90.23,437.23,307.58,0.8749,27.895
1672,12,6.42,120.16,173.4,400.77,0.9163,27.895
1672,13,408.91,41.61,473.42,222.69,0.8319,27.895
1672,14,1.88,262.7,68.78,403.05,0.507,27.895
1672,11,417.59,210.94,559.0,399.27,0.3786,27.895
1673,7,287.9,90.53,435.81,303.3,0.8684,27.911
1673,12,8.36,120.02,175.65,400.67,0.9213,27.911
1673,13,408.59,41.46,472.58,221.37,0.8322,27.911
1673,14,3.21,261.93,69.61,400.58,0.5,27.911
1673,11,417.54,206.94,559.55,399.88,0.714,27.911
1674,7,288.27,90.69,435.62,302.71,0.8713,27.928
1674,12,10.08,120.51,177.27,400.7,0.9159,27.928
1674,13,408.13,41.45,472.17,221.79,0.8311,27.928
1674,14,0.64,251.27,72.03,400.54,0.49,27.928
1674,11,418.14,202.42,560.12,399.49,0.7297,27.928
1675,7,288.36,90.82,435.79,303.04,0.8739,27.945
1675,12,11.47,120.67,178.66,400.61,0.9235,27.945
1675,13,408.06,41.59,471.51,220.56,0.8364,27.945
1675,14,0.33,248.17,73.15,400.44,0.4803,27.945
1675,11,419.1,199.57,560.0,399.19,0.7426,27.945
1676,7,287.95,90.94,436.34,304.86,0.871,27.961
1676,12,12.42,119.95,180.16,400.65,0.9273,27.961
1676,13,407.72,41.27,470.98,219.75,0.8378,27.961
1676,14,0.0,240.05,74.9,400.44,0.5213,27.961
1676,11,420.34,196.81,560.33,399.45,0.8481,27.961
1677,7,288.4,91.0,435.99,303.81,0.8763,27.978
1677,12,13.47,119.4,181.54,400.7,0.928,27.978
1677,13,407.18,40.92,470.6,219.87,0.8212,27.978
1677,14,0.0,235.45,76.0,400.5,0.4929,27.978
1677,11,421.14,194.2,560.25,399.78,0.8547,27.978
1678,7,288.31,90.97,436.02,304.12,0.877,27.995
1678,12,14.19,117.95,182.98,400.69,0.9329,27.995
1678,13,406.79,40.92,470.35,220.81,0.8287,27.995
1678,14,0.0,234.54,76.2,400.55,0.5155,27.995
1678,11,421.02,189.96,560.16,400.0,0.8505,27.995
1679,7,288.28,91.04,435.94,304.25,0.8763,28.011
1679,12,15.57,116.54,184.9,400.87,0.9295,28.011
1679,13,405.65,40.93,469.86,223.43,0.8283,28.011
1679,14,0.61,243.97,74.88,400.61,0.6703,28.011
1679,11,421.49,187.01,559.91,400.53,0.8558,28.011
1680,7,288.15,91.05,436.09,304.86,0.8745,28.028
1680,12,16.77,115.59,186.2,400.97,0.9294,28.028
1680,13,404.72,40.14,469.72,225.81,0.8303,28.028
1680,14,0.69,244.03,75.15,400.83,0.5817,28.028
1680,11,422.57,184.37,559.97,400.89,0.8653,28.028
1681,7,288.31,91.07,435.87,304.33,0.88,28.045
1681,12,17.92,114.91,187.35,400.98,0.9317,28.045
1681,13,404.23,39.28,469.02,224.74,0.8329,28.045
1681,14,1.48,245.61,75.73,401.23,0.4938,28.045
1681,11,423.55,181.85,559.8,401.02,0.8737,28.045
1682,7,288.25,91.04,435.96,304.58,0.8736,28.061
1682,12,18.88,114.2,188.4,400.99,0.9295,28.061
1682,13,403.73,39.47,468.68,225.98,0.8376,28.061
1682,14,2.72,248.43,76.03,400.75,0.5929,28.061
1682,11,424.48,178.92,559.73,401.1,0.8773,28.061
1683,7,288.12,90.99,435.78,304.54,0.8744,28.078
1683,12,20.4,113.31,190.11,401.0,0.9284,28.078
1683,13,403.19,39.18,468.13,226.44,0.8326,28.078
1683,14,0.0,224.91,82.45,400.43,0.6377,28.078
1683,11,425.46,175.91,559.85,401.3,0.8788,28.078
1684,7,288.04,90.97,435.8,304.76,0.8728,28.095
1684,12,21.47,112.42,191.34,401.03,0.9266,28.095
1684,13,402.88,39.28,467.37,225.76,0.8321,28.095
1684,14,0.0,221.67,83.44,400.37,0.7023,28.095
1684,11,426.33,173.19,559.79,401.56,0.8792,28.095
1685,7,287.89,90.95,435.92,305.19,0.8709,28.111
1685,12,22.45,111.5,192.48,401.0,0.9249,28.111
1685,13,402.18,39.05,466.5,225.65,0.816,28.111
1685,14,0.0,223.07,83.61,400.82,0.6,28.111
1685,11,427.15,170.37,559.7,401.6,0.8756,28.111
1686,7,287.87,91.14,436.04,305.64,0.8765,28.128
1686,12,23.43,110.57,193.5,400.93,0.9293,28.128
1686,13,401.58,39.1,465.49,224.82,0.8244,28.128
1686,14,0.6,226.74,83.11,400.42,0.5824,28.128
1686,11,428.09,167.89,559.67,401.54,0.8762,28.128
1687,7,287.31,91.05,436.44,307.13,0.8793,28.145
1687,12,24.32,110.32,194.06,401.04,0.9263,28.145
1687,13,400.81,38.11,464.5,223.15,0.8129,28.145
1687,14,2.59,235.85,81.74,400.82,0.5512,28.145
1687,11,429.0,164.45,560.2,401.58,0.8846,28.145
1688,7,287.05,91.07,436.35,307.56,0.8782,28.161
1688,12,25.08,109.74,194.59,401.05,0.9235,28.161
1688,13,400.32,37.73,463.59,221.3,0.8157,28.161
1688,14,2.1,232.94,82.72,400.37,0.5857,28.161
1688,11,429.4,160.94,560.15,401.56,0.8843,28.161
1689,7,286.64,90.98,436.77,309.12,0.8747,28.178
1689,12,25.89,109.57,194.73,400.75,0.9197,28.178
1689,13,399.88,38.27,462.35,218.77,0.8143,28.178
1689,14,2.44,233.63,83.04,400.02,0.5653,28.178
1689,11,430.01,158.87,559.74,401.35,0.8807,28.178
1690,7,286.75,90.86,436.99,309.47,0.8713,28.195
1690,12,26.68,108.78,195.27,400.54,0.9218,28.195
1690,13,399.43,38.43,461.78,217.88,0.8015,28.195
1690,14,3.4,236.92,83.49,400.53,0.5891,28.195
1690,11,430.26,154.57,560.19,401.35,0.8868,28.195
1691,7,286.7,90.71,437.3,310.01,0.868,28.212
1691,12,27.62,108.61,195.67,400.35,0.9254,28.212
1691,13,398.86,38.31,460.68,215.46,0.8137,28.212
1691,14,4.03,238.69,84.3,400.87,0.7351,28.212
1691,11,430.63,151.93,559.83,401.31,0.8861,28.212
1692,7,286.96,90.78,437.13,309.58,0.8691,28.228
1692,12,28.46,107.88,196.24,400.19,0.9211,28.228
1692,13,398.27,38.15,459.77,213.52,0.7973,28.228
1692,14,4.36,239.74,84.92,400.61,0.8217,28.228
1692,11,430.32,145.69,560.59,401.44,0.8865,28.228
1693,7,287.13,90.85,437.34,309.89,0.8757,28.245
1693,12,28.89,106.63,196.67,400.1,0.9249,28.245
1693,13,397.69,37.64,458.68,210.31,0.791,28.245
1693,14,4.58,239.95,85.9,400.44,0.7907,28.245
1693,11,431.83,145.69,560.44,401.66,0.8987,28.245
1694,7,287.41,90.96,437.41,309.79,0.8788,28.262
1694,12,29.6,106.38,196.76,399.85,0.924,28.262
1694,13,397.37,37.42,458.2,208.56,0.7906,28.262
1694,14,4.41,239.23,86.91,400.35,0.8279,28.262
1694,11,432.96,145.1,560.24,401.63,0.8922,28.262
1695,7,287.4,91.04,437.33,309.95,0.8756,28.278
1695,12,30.09,106.24,196.59,399.63,0.9202,28.278
1695,13,396.81,37.31,457.91,208.25,0.8001,28.278
1695,14,4.29,238.53,88.01,400.39,0.8443,28.278
1695,11,435.05,148.98,559.24,401.51,0.8918,28.278
1696,7,287.73,91.01,437.1,309.24,0.873,28.295
1696,12,30.1,105.26,196.66,399.93,0.9189,28.295
1696,13,396.37,37.06,457.31,206.57,0.8037,28.295
1696,14,4.05,238.1,88.85,400.67,0.8364,28.295
1696,11,435.96,149.52,558.87,401.47,0.8885,28.295
1697,7,288.0,91.03,436.83,308.55,0.8725,28.312
1697,12,30.33,104.94,196.56,400.22,0.9225,28.312
1697,13,395.72,37.05,456.88,206.38,0.794,28.312
1697,14,4.06,237.68,89.9,400.73,0.8618,28.312
1697,11,436.38,148.25,558.8,401.18,0.8879,28.312
1698,7,287.48,90.89,437.22,310.05,0.8713,28.328
1698,12,30.65,104.82,196.3,400.51,0.9271,28.328
1698,13,394.78,37.38,456.31,206.89,0.804,28.328
1698,14,4.62,237.2,91.96,401.19,0.8759,28.328
1698,11,437.09,149.69,558.02,401.02,0.887,28.328
1699,7,287.26,90.81,437.17,310.51,0.8693,28.345
1699,12,31.0,104.69,195.88,400.58,0.9307,28.345
1699,13,394.24,37.11,455.95,206.37,0.8006,28.345
1699,14,4.94,236.28,94.0,401.55,0.8847,28.345
1699,11,437.73,151.69,557.38,401.14,0.8824,28.345
1700,7,288.04,90.81,436.63,308.47,0.8592,28.362
1700,12,31.23,104.57,195.2,400.43,0.9316,28.362
1700,13,393.7,37.03,455.37,205.25,0.774,28.362
1700,14,4.89,235.27,95.55,401.7,0.8816,28.362
1700,11,439.0,157.78,555.82,401.22,0.8867,28.362
1701,7,288.71,90.84,436.12,306.49,0.8569,28.378
1701,12,31.7,104.56,194.66,400.21,0.9322,28.378
1701,13,392.96,37.1,454.93,205.27,0.7723,28.378
1701,14,4.62,234.59,96.49,401.57,0.8854,28.378
1701,11,439.62,161.44,554.98,401.41,0.8883,28.378
1702,7,289.4,90.9,436.62,305.79,0.8496,28.395
1702,12,32.12,104.5,194.23,400.23,0.9292,28.395
1702,13,392.38,36.85,454.79,205.44,0.756,28.395
1702,14,4.39,234.0,97.4,401.52,0.8751,28.395
1702,11,439.51,162.26,554.69,401.4,0.8873,28.395
1703,7,290.57,91.17,437.82,305.16,0.8442,28.412
1703,12,32.74,104.6,193.88,400.12,0.9254,28.412
1703,13,391.69,37.12,453.93,204.51,0.7353,28.412
1703,14,4.32,233.3,98.56,401.47,0.8783,28.412
1703,11,438.6,159.09,555.4,401.4,0.8924,28.412
1704,7,290.57,91.28,437.11,303.53,0.8512,28.428
1704,12,33.17,104.73,193.44,400.17,0.9224,28.428
1704,13,391.29,36.91,453.55,203.69,0.7279,28.428
1704,14,3.82,231.0,100.03,401.37,0.8819,28.428
1704,11,437.46,156.03,555.86,401.39,0.8924,28.428
1705,7,289.94,91.35,436.36,303.01,0.8639,28.445
1705,12,33.71,104.87,193.03,400.19,0.9231,28.445
1705,13,391.11,36.7,453.54,203.27,0.7501,28.445
1705,14,3.68,229.74,101.32,401.3,0.8808,28.445
1705,11,436.65,154.2,556.03,401.32,0.8947,28.445
1706,7,289.7,91.44,436.16,302.63,0.8555,28.462
1706,12,34.02,104.98,192.4,400.25,0.915,28.462
1706,13,390.78,36.67,453.05,202.23,0.7414,28.462
1706,14,3.66,229.05,102.54,401.42,0.8814,28.462
1706,11,435.96,153.15,556.0,401.32,0.8959,28.462
1707,7,289.9,91.44,435.9,301.28,0.8475,28.478
1707,12,34.46,104.95,191.85,400.1,0.9189,28.478
1707,13,390.55,36.77,452.62,201.08,0.7285,28.478
1707,14,4.1,229.8,103.03,400.81,0.8807,28.478
1707,11,435.03,150.72,556.29,401.31,0.8961,28.478
1708,7,289.62,91.41,435.25,300.23,0.8472,28.495
1708,12,34.56,104.89,190.94,399.84,0.9152,28.495
1708,13,390.64,36.82,452.19,198.83,0.7092,28.495
1708,14,4.83,229.83,104.6,400.51,0.8885,28.495
1708,11,434.52,150.4,556.08,401.24,0.8983,28.495
1709,7,289.63,91.43,435.06,299.42,0.8566,28.512
1709,12,34.67,104.94,189.99,399.41,0.9008,28.512
1709,13,390.55,36.89,451.91,197.49,0.7131,28.512
1709,14,5.18,229.2,106.33,400.42,0.8805,28.512
1709,11,434.31,151.51,555.63,401.29,0.8964,28.512
1710,7,289.29,91.45,435.05,299.52,0.8485,28.529
1710,12,36.03,105.55,189.52,397.63,0.8975,28.529
1710,13,390.51,36.95,451.62,195.87,0.7048,28.529
1710,14,5.23,228.54,107.78,400.39,0.8706,28.529
1710,11,434.28,152.98,555.19,401.24,0.8963,28.529
1711,7,289.04,91.44,434.79,299.12,0.8593,28.545
1711,12,36.76,105.76,188.72,396.03,0.8995,28.545
1711,13,390.47,36.71,451.41,194.16,0.6526,28.545
1711,14,4.9,227.54,108.89,400.29,0.8659,28.545
1711,11,433.47,150.53,555.65,401.12,0.897,28.545
1712,7,288.48,91.45,435.01,299.96,0.8639,28.562
1712,12,37.02,106.02,187.99,395.59,0.8988,28.562
1712,13,390.33,37.11,451.07,192.96,0.6229,28.562
1712,14,4.32,226.63,109.61,400.29,0.8885,28.562
1712,11,432.41,146.11,556.6,401.13,0.8916,28.562
1713,7,288.29,91.47,435.07,300.09,0.8617,28.579
1713,12,37.52,106.26,187.22,394.41,0.8957,28.579
1713,13,390.22,36.99,450.68,191.1,0.5995,28.579
1713,14,3.94,225.72,110.52,400.31,0.8754,28.579
1713,11,431.93,144.4,556.84,401.1,0.8983,28.579
1714,7,288.13,91.48,435.06,300.11,0.8665,28.595
1714,12,37.91,106.31,186.53,393.25,0.893,28.595
1714,13,390.59,36.93,450.03,187.07,0.62,28.595
1714,14,3.6,224.74,111.44,400.31,0.8615,28.595
1714,11,431.74,143.77,556.86,401.04,0.9055,28.595
1715,7,287.85,91.5,435.22,300.66,0.8682,28.612
1715,12,38.46,106.4,185.29,390.93,0.8919,28.612
1715,13,390.75,36.88,449.6,184.18,0.6797,28.612
1715,14,3.67,224.05,112.58,400.21,0.8591,28.612
1715,11,431.58,143.61,556.74,400.98,0.9077,28.612
1716,7,287.77,91.53,435.33,300.88,0.8693,28.629
1716,12,38.84,106.73,184.38,389.78,0.8925,28.629
1716,13,390.81,36.67,449.36,181.91,0.7195,28.629
1716,14,3.58,223.17,113.93,400.62,0.8722,28.629
1716,11,431.39,143.66,556.53,400.99,0.9061,28.629
1717,7,287.78,91.53,435.36,300.81,0.8684,28.645
1717,12,39.0,107.02,183.79,389.62,0.8897,28.645
1717,13,390.43,36.46,449.09,180.77,0.7436,28.645
1717,14,3.12,222.4,115.02,401.39,0.8657,28.645
1717,11,430.98,143.68,556.18,401.0,0.9061,28.645
1718,7,287.82,91.49,435.48,300.8,0.8633,28.662
1718,12,39.3,107.07,183.23,388.92,0.8924,28.662
1718,13,390.72,36.39,448.77,177.71,0.7597,28.662
1718,14,2.71,221.28,116.09,401.78,0.8824,28.662
1718,11,430.8,143.62,556.04,400.94,0.9057,28.662
1719,7,287.85,91.49,435.46,300.61,0.8644,28.679
1719,12,39.42,107.08,182.91,389.03,0.8918,28.679
1719,13,390.79,36.37,448.65,175.75,0.7642,28.679
1719,14,2.84,220.51,117.47,402.02,0.8709,28.679
1719,11,430.64,143.51,556.0,400.97,0.9052,28.679
1720,7,287.74,91.5,435.65,300.99,0.8598,28.695
1720,12,39.52,106.98,182.6,389.12,0.8919,28.695
1720,13,390.75,36.08,448.7,174.51,0.7559,28.695
1720,14,2.54,219.39,118.38,402.01,0.8765,28.695
1720,11,430.58,143.69,555.9,401.06,0.9081,28.695
1721,7,287.78,91.51,435.69,300.93,0.8608,28.712
1721,12,39.5,106.65,182.11,388.87,0.8832,28.712
1721,13,390.73,35.92,448.64,173.05,0.7163,28.712
1721,14,2.45,218.2,119.54,401.98,0.8688,28.712
1721,11,430.22,143.67,555.57,400.98,0.9088,28.712
1722,7,287.75,91.53,435.68,300.93,0.8632,28.729
1722,12,39.87,106.25,181.38,386.89,0.8819,28.729
1722,13,390.75,35.88,448.62,171.67,0.7179,28.729
1722,14,2.85,217.25,121.24,402.04,0.8603,28.729
1722,11,429.95,143.68,555.4,401.18,0.9118,28.729
1723,7,287.69,91.57,435.59,300.87,0.8693,28.745
1723,12,39.35,106.57,181.63,389.92,0.8882,28.745
1723,13,391.05,35.66,448.79,170.18,0.6931,28.745
1723,14,1.78,215.21,121.88,402.32,0.8547,28.745
1723,11,429.91,143.71,555.33,401.19,0.9122,28.745
1724,7,287.61,91.6,435.57,300.97,0.8682,28.762
1724,12,39.29,106.65,181.33,390.78,0.8916,28.762
1724,13,391.5,35.49,448.65,167.64,0.6762,28.762
1724,14,1.67,213.57,123.25,402.44,0.8412,28.762
1724,11,429.77,143.94,555.04,401.17,0.9117,28.762
1725,7,287.4,91.61,435.67,301.44,0.874,28.779
1725,12,39.03,106.2,181.1,391.92,0.8858,28.779
1725,13,391.79,35.63,448.38,165.58,0.6845,28.779
1725,14,2.39,212.49,125.39,402.64,0.8304,28.779
1725,11,429.76,143.89,554.94,401.17,0.9092,28.779
1726,7,287.38,91.59,435.61,301.38,0.8769,28.795
1726,12,39.06,105.88,180.82,392.43,0.8909,28.795
1726,13,391.82,35.7,448.27,164.44,0.6738,28.795
1726,14,1.92,211.67,125.83,402.68,0.8278,28.795
1726,11,429.83,143.98,554.9,401.2,0.9097,28.795
1727,7,287.32,91.6,435.62,301.52,0.8719,28.812
1727,12,38.96,106.22,180.51,393.82,0.8902,28.812
1727,13,391.97,35.87,448.28,163.79,0.688,28.812
1727,14,1.28,211.15,125.57,402.45,0.8277,28.812
1727,11,429.82,144.24,554.72,401.27,0.9063,28.812
1728,7,287.23,91.58,435.57,301.59,0.8787,28.829
1728,12,39.21,106.25,180.08,393.84,0.8887,28.829
1728,13,392.17,35.85,448.32,163.16,0.7215,28.829
1728,14,0.82,210.22,125.72,402.29,0.8363,28.829
1728,11,430.14,144.77,554.62,401.26,0.9067,28.829
1729,7,287.05,91.59,435.65,302.01,0.8759,28.845
1729,12,39.34,105.7,179.5,393.29,0.8852,28.845
1729,13,392.6,35.93,448.73,163.46,0.7078,28.845
1729,14,0.65,208.77,126.04,401.42,0.8348,28.845
1729,11,429.96,144.13,554.59,401.42,0.9035,28.845
1730,7,286.92,91.58,435.8,302.47,0.8716,28.862
1730,12,39.06,105.21,178.96,393.86,0.8782,28.862
1730,13,392.61,35.93,448.69,163.6,0.6982,28.862
1730,14,0.12,208.43,126.05,401.97,0.8477,28.862
1730,11,429.97,144.01,554.39,401.37,0.9025,28.862
1731,7,286.79,91.59,436.05,303.14,0.8716,28.879
1731,12,38.6,105.14,178.47,395.45,0.888,28.879
1731,13,392.6,35.9,448.59,163.74,0.6933,28.879
1731,14,0.0,207.51,125.24,401.95,0.8339,28.879
1731,11,430.04,143.94,554.19,401.42,0.9001,28.879
1732,7,286.7,91.63,436.13,303.51,0.8682,28.896
1732,12,38.54,105.31,177.99,396.31,0.8853,28.896
1732,13,392.85,35.66,448.86,164.22,0.6832,28.896
1732,14,0.0,207.12,124.58,401.85,0.8301,28.896
1732,11,429.45,142.84,553.85,401.63,0.8958,28.896
1733,7,286.64,91.59,436.17,303.73,0.8567,28.912
1733,12,38.27,104.71,177.38,396.55,0.8811,28.912
1733,13,393.08,35.64,448.56,163.64,0.6227,28.912
1733,14,0.0,205.52,124.91,401.73,0.8388,28.912
1733,11,429.17,141.96,553.54,401.53,0.9011,28.912
1734,7,286.51,91.58,436.24,304.21,0.8614,28.929
1734,12,38.62,104.68,176.77,395.73,0.8863,28.929
1734,13,393.04,35.29,448.18,163.16,0.6825,28.929
1734,14,0.0,204.4,125.5,401.71,0.8398,28.929
1734,11,430.02,142.51,553.6,401.49,0.9004,28.929
1735,7,286.31,91.59,436.29,304.8,0.8656,28.946
1735,12,38.33,103.76,176.29,395.74,0.8874,28.946
1735,13,393.21,35.07,447.79,162.09,0.6768,28.946
1735,14,0.0,203.54,126.09,401.71,0.8409,28.946
1735,11,430.57,142.52,553.59,401.56,0.9051,28.946
1736,7,286.11,91.41,436.3,305.11,0.8586,28.962
1736,12,38.35,103.4,175.56,394.95,0.8876,28.962
1736,13,393.57,34.37,447.65,160.92,0.6182,28.962
1736,14,0.0,202.72,126.7,401.6,0.8333,28.962
1736,11,431.04,142.42,553.5,401.52,0.9074,28.962
1737,7,285.89,91.42,436.61,306.18,0.8568,28.979
1737,12,38.14,101.99,175.34,394.71,0.8793,28.979
1737,13,393.84,34.0,447.27,159.63,0.6335,28.979
1737,14,0.3,202.73,126.92,400.97,0.8364,28.979
1737,11,431.39,142.04,553.42,401.5,0.9023,28.979
1738,7,285.8,91.43,436.63,306.66,0.8601,28.996
1738,12,38.26,101.54,174.69,393.4,0.8686,28.996
1738,13,394.54,33.45,446.46,155.68,0.6406,28.996
1738,14,0.55,201.97,127.6,401.07,0.8011,28.996
1738,11,431.75,141.9,553.23,401.4,0.8995,28.996
1739,7,285.31,91.21,437.14,308.36,0.8718,29.012
1739,12,37.66,99.75,172.65,389.08,0.8578,29.012
1739,13,395.07,32.83,446.01,152.73,0.6484,29.012
1739,14,0.19,201.52,127.1,401.11,0.7842,29.012
1739,11,431.94,141.17,553.12,401.15,0.8921,29.012
1740,7,285.23,91.1,436.99,308.48,0.873,29.029
1740,12,36.9,99.66,171.24,388.08,0.8605,29.029
1740,13,395.42,32.66,445.85,151.41,0.6057,29.029
1740,14,0.48,200.82,127.64,401.22,0.7976,29.029
1740,11,432.18,140.86,552.97,401.37,0.8965,29.029
1741,7,285.39,91.23,436.6,308.12,0.8731,29.046
1741,12,37.15,99.16,172.4,389.59,0.8608,29.046
1741,13,395.82,32.18,445.68,149.7,0.6429,29.046
1741,14,2.13,200.77,129.01,400.67,0.8342,29.046
1741,11,432.49,140.11,553.0,401.49,0.8939,29.046
1742,7,285.48,91.04,436.62,308.13,0.8734,29.062
1742,12,36.59,99.03,172.74,391.24,0.8521,29.062
1742,13,395.88,31.86,445.71,149.47,0.6507,29.062
1742,14,2.65,200.8,129.44,400.58,0.8297,29.062
1742,11,432.64,139.11,552.94,401.24,0.8864,29.062
1743,7,285.56,91.16,436.51,308.27,0.8722,29.079
1743,12,36.46,98.22,172.06,388.65,0.857,29.079
1743,13,395.51,31.62,445.9,150.96,0.706,29.079
1743,14,3.49,200.61,130.28,400.52,0.8426,29.079
1743,11,433.0,139.02,552.79,401.43,0.8919,29.079
1744,7,285.36,90.92,436.66,308.93,0.8719,29.096
1744,12,35.94,97.82,171.51,387.75,0.8708,29.096
1744,13,396.31,31.19,445.33,147.15,0.6296,29.096
1744,14,4.0,200.3,131.0,400.68,0.8653,29.096
1744,11,433.24,138.97,552.43,401.49,0.8959,29.096
1745,7,285.55,90.86,436.54,308.77,0.8688,29.112
1745,12,35.88,96.95,170.8,384.87,0.8675,29.112
1745,13,396.04,31.14,445.6,148.69,0.6678,29.112
1745,14,4.4,199.81,131.61,400.58,0.8519,29.112
1745,11,433.54,138.52,552.29,401.53,0.8919,29.112
1746,7,285.59,90.81,436.44,308.84,0.8661,29.129
1746,12,35.74,96.82,169.95,382.21,0.8651,29.129
1746,13,395.78,31.03,445.72,149.92,0.6789,29.129
1746,14,4.72,199.44,132.08,400.67,0.858,29.129
1746,11,433.52,137.92,551.94,401.61,0.8894,29.129
1747,7,286.12,90.72,436.55,308.54,0.8573,29.146
1747,12,34.91,97.05,167.99,378.61,0.876,29.146
1747,13,395.57,30.87,445.75,150.84,0.6862,29.146
1747,14,5.21,198.8,132.93,400.88,0.8743,29.146
1747,11,433.72,137.58,551.68,401.57,0.8954,29.146
1748,7,286.17,90.6,436.58,308.77,0.8555,29.162
1748,12,34.09,96.99,166.94,376.68,0.8758,29.162
1748,13,395.36,30.74,445.74,151.79,0.6833,29.162
1748,14,5.67,198.25,133.53,400.91,0.8666,29.162
1748,11,433.81,137.51,551.23,401.76,0.8949,29.162
1749,7,286.56,90.51,436.3,307.92,0.8502,29.179
1749,12,34.41,96.04,164.49,368.71,0.8716,29.179
1749,13,394.56,30.58,446.27,155.93,0.7567,29.179
1749,14,6.12,197.59,133.94,400.88,0.8667,29.179
1749,11,433.99,137.63,550.76,401.76,0.8976,29.179
1750,7,286.49,90.47,436.19,308.06,0.8487,29.196
1750,12,34.71,95.56,163.62,364.57,0.8712,29.196
1750,13,394.31,30.62,446.29,157.64,0.7679,29.196
1750,14,6.35,197.04,134.18,400.91,0.8681,29.196
1750,11,434.09,137.69,550.29,401.8,0.8986,29.196
1751,7,286.58,90.51,436.12,308.03,0.8497,29.213
1751,12,35.18,95.3,162.73,359.96,0.865,29.213
1751,13,394.15,30.53,446.08,158.46,0.7657,29.213
1751,14,6.89,196.09,134.92,401.04,0.8661,29.213
1751,11,434.06,137.62,549.81,401.86,0.8956,29.213
1752,7,286.86,90.49,436.01,307.57,0.8496,29.229
1752,12,35.32,95.16,162.55,357.77,0.8706,29.229
1752,13,394.01,30.53,445.78,159.11,0.77,29.229
1752,14,7.25,195.46,135.2,401.1,0.8661,29.229
1752,11,434.32,138.64,549.21,401.77,0.8918,29.229
1753,7,287.13,90.44,436.35,307.94,0.8431,29.246
1753,12,35.34,95.06,162.79,356.84,0.866,29.246
1753,13,393.71,30.55,445.67,160.86,0.7564,29.246
1753,14,7.92,195.11,135.62,401.05,0.8585,29.246
1753,11,434.13,137.67,549.01,401.7,0.9028,29.246
1754,7,287.66,90.41,435.79,306.34,0.8466,29.263
1754,12,35.51,94.99,162.68,354.77,0.8642,29.263
1754,13,393.61,30.59,445.36,161.45,0.7519,29.263
1754,14,8.57,194.76,136.1,401.03,0.8406,29.263
1754,11,433.68,136.47,548.73,401.79,0.9057,29.263
1755,7,288.61,90.44,435.47,304.49,0.8476,29.279
1755,12,35.06,94.85,163.08,355.33,0.8721,29.279
1755,13,393.42,30.68,445.1,162.29,0.7511,29.279
1755,14,9.22,194.28,136.57,400.9,0.8323,29.279
1755,11,433.83,136.72,548.38,401.82,0.901,29.279
1756,7,288.91,90.48,435.4,304.03,0.8497,29.296
1756,12,34.85,94.81,163.28,355.19,0.8765,29.296
1756,13,393.14,30.68,444.61,162.53,0.7319,29.296
1756,14,9.46,194.0,136.54,400.94,0.8437,29.296
1756,11,434.04,137.99,547.69,401.74,0.9017,29.296
1757,7,289.11,90.61,435.12,303.44,0.8537,29.313
1757,12,34.2,94.47,164.04,357.19,0.8687,29.313
1757,13,393.14,30.99,443.66,160.64,0.7354,29.313
1757,14,9.48,193.95,135.92,400.78,0.8214,29.313
1757,11,434.1,138.22,547.29,401.56,0.898,29.313
1758,7,289.07,90.65,434.95,303.2,0.8552,29.329
1758,12,34.05,94.33,164.53,358.0,0.8735,29.329
1758,13,392.95,31.18,443.14,160.07,0.7385,29.329
1758,14,9.63,193.68,135.64,400.69,0.834,29.329
1758,11,433.57,139.22,546.12,401.36,0.8828,29.329
1759,7,289.52,90.76,434.61,301.98,0.8616,29.346
1759,12,33.76,94.13,165.14,359.54,0.8682,29.346
1759,13,392.63,31.31,442.71,159.81,0.7464,29.346
1759,14,9.79,193.39,135.29,400.6,0.8193,29.346
1759,11,432.84,136.5,546.24,401.16,0.8767,29.346
1760,7,289.51,90.9,434.68,302.17,0.8579,29.363
1760,12,33.65,94.09,165.74,361.06,0.8695,29.363
1760,13,392.14,31.34,442.33,159.89,0.7514,29.363
1760,14,9.93,193.1,134.97,400.55,0.8276,29.363
1760,11,432.64,135.53,546.21,401.09,0.8774,29.363
1761,7,289.8,90.99,434.29,301.03,0.8601,29.379
1761,12,34.42,93.62,165.86,359.16,0.8713,29.379
1761,13,391.75,31.47,441.96,159.75,0.7493,29.379
1761,14,10.39,192.66,135.21,400.54,0.8246,29.379
1761,11,432.41,134.61,546.09,400.94,0.8657,29.379
1762,7,290.03,91.01,433.95,299.87,0.8572,29.396
1762,12,34.53,93.49,166.06,359.32,0.8672,29.396
1762,13,391.32,31.5,441.79,160.16,0.7336,29.396
1762,14,10.66,192.34,135.23,400.57,0.8203,29.396
1762,11,432.46,133.53,546.31,401.06,0.8955,29.396
1763,7,290.02,91.04,433.97,299.72,0.8569,29.413
1763,12,34.89,93.08,165.95,357.94,0.8703,29.413
1763,13,390.93,31.44,441.51,159.93,0.7334,29.413
1763,14,11.03,191.35,135.88,400.72,0.8339,29.413
1763,11,431.66,131.38,546.1,401.01,0.8798,29.413
1764,7,289.66,91.08,434.35,300.77,0.8485,29.429
1764,12,35.59,92.92,166.29,357.0,0.8729,29.429
1764,13,390.69,31.45,440.84,158.13,0.7482,29.429
1764,14,11.3,190.9,136.11,400.8,0.8507,29.429
1764,11,431.51,129.47,546.41,401.24,0.8847,29.429
1765,7,289.62,91.17,434.33,300.8,0.8541,29.446
1765,12,36.29,92.65,166.49,355.54,0.8667,29.446
1765,13,390.23,31.4,440.4,157.49,0.7389,29.446
1765,14,11.64,190.56,136.31,400.71,0.8451,29.446
1765,11,430.93,128.37,545.79,400.74,0.889,29.446
1766,7,289.6,91.17,434.14,300.37,0.8532,29.463
1766,12,36.95,92.54,166.63,354.21,0.8764,29.463
1766,13,389.75,31.23,440.18,157.29,0.7349,29.463
1766,14,11.98,190.22,136.58,400.69,0.8518,29.463
1766,11,430.76,128.5,545.3,400.65,0.8956,29.463
1767,7,289.56,91.13,434.1,300.18,0.849,29.479
1767,12,37.08,92.38,167.26,355.15,0.8769,29.479
1767,13,389.28,31.17,440.02,157.31,0.7361,29.479
1767,14,11.98,190.0,136.4,400.67,0.8456,29.479
1767,11,430.72,129.08,544.79,400.52,0.8946,29.479
1768,7,289.31,91.22,434.07,300.44,0.8522,29.496
1768,12,37.3,92.33,167.69,355.69,0.8775,29.496
1768,13,388.64,30.98,439.72,157.28,0.7164,29.496
1768,14,12.23,189.92,136.48,400.7,0.8575,29.496
1768,11,430.59,129.0,544.44,400.38,0.8942,29.496
1769,7,289.38,91.34,433.76,299.72,0.8586,29.513
1769,12,37.51,92.26,167.92,355.82,0.8768,29.513
1769,13,387.89,29.92,439.69,157.28,0.7104,29.513
1769,14,12.43,189.87,136.49,400.64,0.8567,29.513
1769,11,431.0,128.41,544.93,400.81,0.8962,29.513
1770,7,289.04,91.52,433.69,299.98,0.8532,29.53
1770,12,38.05,92.2,167.71,354.12,0.8799,29.53
1770,13,387.47,28.89,439.78,157.04,0.7101,29.53
1770,14,12.87,189.93,136.77,400.6,0.8635,29.53
1770,11,431.1,128.17,544.89,400.99,0.8977,29.53
1771,7,289.58,91.85,433.97,299.6,0.8511,29.546
1771,12,39.0,92.04,167.46,351.32,0.8803,29.546
1771,13,387.21,30.15,438.75,155.15,0.7736,29.546
1771,14,13.52,189.91,137.54,400.72,0.8671,29.546
1771,11,430.76,127.19,544.62,401.21,0.9042,29.546
1772,7,289.62,91.84,434.13,299.42,0.8467,29.563
1772,12,39.8,91.81,167.37,348.98,0.8715,29.563
1772,13,386.34,30.66,438.01,154.71,0.7505,29.563
1772,14,13.94,189.85,138.06,400.68,0.8575,29.563
1772,11,430.29,126.96,543.81,400.76,0.9023,29.563
1773,7,289.7,91.9,434.33,299.41,0.8419,29.58
1773,12,40.15,91.67,167.51,348.14,0.8723,29.58
1773,13,385.04,31.12,437.14,154.64,0.7412,29.58
1773,14,14.19,189.82,138.41,400.66,0.8562,29.58
1773,11,430.06,127.0,543.34,400.76,0.9018,29.58
1774,7,289.2,92.03,434.33,299.96,0.8516,29.596
1774,12,40.51,91.51,167.61,347.29,0.8801,29.596
1774,13,383.87,31.29,436.4,154.1,0.7289,29.596
1774,14,14.44,189.89,138.67,400.52,0.8558,29.596
1774,11,429.72,125.94,543.21,400.87,0.9029,29.596
1775,7,289.16,92.06,434.5,300.09,0.8403,29.613
1775,12,40.83,91.39,168.08,347.6,0.8866,29.613
1775,13,382.9,31.51,435.64,152.95,0.7302,29.613
1775,14,14.41,189.97,138.71,400.66,0.8743,29.613
1775,11,429.99,125.82,543.36,401.51,0.9021,29.613
1776,7,289.07,92.23,434.52,300.2,0.8352,29.63
1776,12,41.17,91.44,168.37,347.65,0.8847,29.63
1776,13,381.85,31.48,435.97,154.69,0.7257,29.63
1776,14,14.23,189.99,138.54,400.81,0.8755,29.63
1776,11,430.15,125.73,543.17,401.64,0.9033,29.63
1777,7,288.85,92.18,434.66,300.49,0.8373,29.646
1777,12,41.63,91.55,168.66,347.5,0.8842,29.646
1777,13,380.54,31.41,435.69,155.25,0.715,29.646
1777,14,14.21,189.95,138.52,400.87,0.8719,29.646
1777,11,430.28,125.73,542.88,401.61,0.9035,29.646
1778,7,288.48,92.28,434.9,301.39,0.8357,29.663
1778,12,42.1,91.65,169.45,348.37,0.8874,29.663
1778,13,379.46,31.35,435.59,155.5,0.7301,29.663
1778,14,14.2,190.06,138.42,400.93,0.8734,29.663
1778,11,430.33,126.22,542.54,401.92,0.9046,29.663
1779,7,287.93,92.11,435.32,302.72,0.8302,29.68
1779,12,42.5,91.87,169.97,348.83,0.8853,29.68
1779,13,378.64,31.18,435.21,154.49,0.7296,29.68
1779,14,14.29,190.09,138.45,400.95,0.8766,29.68
1779,11,430.63,127.79,542.02,402.03,0.9051,29.68
1780,7,287.77,92.02,434.85,302.04,0.8214,29.696
1780,12,42.49,91.25,170.57,349.4,0.8843,29.696
1780,13,376.04,31.43,434.95,158.04,0.7089,29.696
1780,14,14.27,189.98,138.51,401.17,0.8746,29.696
1780,11,430.39,126.22,541.93,401.64,0.897,29.696
1781,7,287.72,91.98,434.73,301.77,0.8298,29.713
1781,12,42.0,91.08,171.06,351.25,0.8837,29.713
1781,13,375.82,31.54,435.88,159.56,0.7354,29.713
1781,14,14.21,189.83,138.55,401.41,0.8746,29.713
1781,11,430.36,125.45,541.72,401.13,0.8996,29.713
1782,7,287.05,92.12,434.63,302.56,0.82,29.73
1782,12,41.05,90.99,170.73,351.74,0.8788,29.73
1782,13,374.77,31.64,435.77,160.42,0.7495,29.73
1782,14,14.27,189.68,138.51,401.35,0.8751,29.73
1782,11,430.19,124.47,541.63,401.13,0.8982,29.73
1783,7,286.69,92.3,434.59,303.02,0.8215,29.746
1783,12,40.82,90.94,171.12,352.61,0.8799,29.746
1783,13,374.58,31.76,435.01,157.7,0.7564,29.746
1783,14,14.28,189.57,138.4,401.3,0.8782,29.746
1783,11,429.97,122.96,541.64,401.12,0.9017,29.746
1784,7,285.75,92.32,434.89,304.89,0.8122,29.763
1784,12,40.33,90.04,171.33,352.89,0.8801,29.763
1784,13,372.92,31.69,433.6,155.47,0.7437,29.763
1784,14,14.25,189.22,138.32,401.32,0.8746,29.763
1784,11,429.88,122.02,541.49,400.98,0.8985,29.763
1785,7,285.1,92.22,435.34,306.59,0.8078,29.78
1785,12,39.0,89.65,171.15,354.44,0.8718,29.78
1785,13,371.47,31.63,433.16,155.26,0.7339,29.78
1785,14,13.91,188.69,137.97,401.38,0.8712,29.78
1785,11,430.02,122.36,541.14,400.91,0.8957,29.78
1786,7,284.75,92.32,436.0,308.47,0.8003,29.796
1786,12,37.05,89.11,169.63,353.31,0.8714,29.796
1786,13,370.46,31.67,432.24,153.22,0.7371,29.796
1786,14,14.25,188.46,138.15,401.32,0.8783,29.796
1786,11,430.28,123.01,540.85,400.94,0.895,29.796
1787,7,285.14,92.41,436.79,309.76,0.795,29.813
1787,12,35.75,88.76,169.34,353.56,0.8724,29.813
1787,13,369.56,31.63,431.51,151.2,0.7483,29.813
1787,14,14.41,188.25,138.1,401.28,0.8771,29.813
1787,11,430.56,124.17,540.43,400.9,0.8916,29.813
1788,7,285.5,92.38,437.06,310.11,0.7911,29.83
1788,12,32.99,87.76,167.5,351.85,0.8739,29.83
1788,13,368.75,31.79,430.77,149.16,0.7319,29.83
1788,14,14.84,187.8,138.43,401.09,0.8656,29.83
1788,11,430.75,124.22,540.27,400.73,0.8931,29.83
1789,7,286.11,92.5,437.28,310.26,0.7918,29.846
1789,12,31.58,87.32,167.53,351.91,0.8736,29.846
1789,13,369.35,32.05,431.79,148.54,0.7211,29.846
1789,14,14.99,187.27,138.52,401.12,0.8588,29.846
1789,11,430.8,123.62,540.22,400.54,0.8945,29.846
1790,7,285.71,92.6,436.55,310.04,0.7974,29.863
1790,12,30.82,86.87,167.53,350.21,0.8756,29.863
1790,13,369.19,32.35,431.87,148.0,0.7287,29.863
1790,14,15.5,186.8,139.03,401.09,0.858,29.863
1790,11,430.99,123.89,540.05,400.51,0.8931,29.863
1791,7,286.24,92.74,436.66,309.95,0.7946,29.88
1791,12,30.63,86.8,168.35,349.85,0.878,29.88
1791,13,368.39,32.52,431.4,147.24,0.721,29.88
1791,14,15.72,186.24,139.29,401.07,0.866,29.88
1791,11,431.15,124.35,539.83,400.55,0.8939,29.88
1792,7,287.1,92.81,436.86,309.56,0.7827,29.897
1792,12,30.11,86.52,169.08,349.83,0.8766,29.897
1792,13,367.88,32.49,431.44,147.32,0.7103,29.897
1792,14,15.99,186.14,139.34,401.16,0.8684,29.897
1792,11,431.13,123.83,539.79,400.61,0.8935,29.897
1793,7,286.75,92.86,436.15,309.35,0.7825,29.913
1793,12,30.2,86.32,169.12,347.21,0.8848,29.913
1793,13,368.9,32.52,431.97,146.31,0.7261,29.913
1793,14,16.51,185.75,139.78,401.15,0.868,29.913
1793,11,431.17,124.0,539.57,400.65,0.8894,29.913
1794,7,285.54,92.66,435.02,309.07,0.7892,29.93
1794,12,30.61,86.36,169.82,345.83,0.8873,29.93
1794,13,366.45,32.31,429.4,144.55,0.7288,29.93
1794,14,16.94,185.39,140.05,400.96,0.8643,29.93
1794,11,431.3,124.4,539.34,400.56,0.892,29.93
1795,7,285.35,92.7,434.67,308.73,0.7897,29.947
1795,12,30.79,86.45,170.5,345.02,0.8756,29.947
1795,13,365.67,31.78,428.8,143.75,0.6929,29.947
1795,14,17.34,185.08,140.3,400.85,0.8601,29.947
1795,11,431.38,124.4,539.26,400.55,0.8902,29.947
1796,7,284.74,92.74,434.04,308.35,0.791,29.963
1796,12,31.18,86.52,171.41,344.3,0.8793,29.963
1796,13,363.8,31.4,427.05,142.45,0.735,29.963
1796,14,17.6,184.79,140.39,400.76,0.8606,29.963
1796,11,430.76,122.84,539.01,400.46,0.8897,29.963
1797,7,284.31,92.66,433.94,308.45,0.7922,29.98
1797,12,32.34,86.64,172.86,343.65,0.8803,29.98
1797,13,362.9,30.96,426.25,141.18,0.7514,29.98
1797,14,17.8,184.67,140.23,400.48,0.8616,29.98
1797,11,431.36,124.6,538.89,400.51,0.8894,29.98
1798,7,283.96,92.52,433.85,308.38,0.7884,29.997
1798,12,32.65,86.82,173.64,343.39,0.881,29.997
1798,13,362.37,31.07,425.19,139.2,0.7006,29.997
1798,14,18.39,185.21,140.32,400.41,0.864,29.997
1798,11,431.36,123.69,539.13,400.56,0.8914,29.997
1799,7,284.03,92.7,434.05,308.56,0.7869,30.013
1799,12,31.86,86.9,173.91,344.17,0.8758,30.013
1799,13,362.85,31.62,424.13,135.59,0.7055,30.013
1799,14,18.51,184.99,140.29,400.38,0.8628,30.013
1799,11,431.41,123.67,539.18,400.82,0.8928,30.013
1800,7,284.11,92.74,434.21,308.58,0.7857,30.03
1800,12,32.16,87.02,174.33,342.93,0.8789,30.03
1800,13,362.68,31.77,423.1,132.61,0.6951,30.03
1800,14,18.65,184.84,140.28,400.44,0.8619,30.03
1800,11,430.93,122.36,539.15,400.92,0.8933,30.03
1801,7,283.48,92.22,434.36,309.08,0.7796,30.047
1801,12,34.1,87.26,176.41,342.65,0.881,30.047
1801,13,362.14,31.59,422.93,131.68,0.7103,30.047
1801,14,18.98,184.62,140.51,400.43,0.8661,30.047
1801,11,431.33,123.16,539.19,400.98,0.8953,30.047
1802,7,282.8,91.9,434.42,309.67,0.7885,30.063
1802,12,33.7,87.18,176.44,342.4,0.8865,30.063
1802,13,361.53,31.5,422.88,131.25,0.7234,30.063
1802,14,19.33,184.18,140.97,400.47,0.8642,30.063
1802,11,431.39,122.33,539.49,401.04,0.9,30.063
1803,7,282.67,91.88,434.34,309.55,0.7955,30.08
1803,12,33.66,87.2,177.03,342.81,0.8884,30.08
1803,13,361.99,31.36,423.4,130.19,0.7121,30.08
1803,14,19.85,184.07,141.41,400.46,0.8643,30.08
1803,11,431.46,121.89,539.56,400.91,0.8982,30.08
1804,7,282.11,91.84,434.31,310.09,0.7983,30.097
1804,12,32.81,87.14,176.98,343.12,0.8893,30.097
1804,13,362.72,31.11,422.93,127.14,0.6877,30.097
1804,14,20.29,183.96,141.8,400.49,0.8654,30.097
1804,11,431.11,120.54,539.63,400.83,0.8999,30.097
1805,7,281.72,91.94,434.09,310.13,0.8089,30.113
1805,12,31.53,87.06,176.2,342.22,0.899,30.113
1805,13,363.38,31.13,422.97,125.53,0.7411,30.113
1805,14,20.8,183.72,142.32,400.46,0.8663,30.113
1805,11,431.26,120.34,539.76,400.64,0.9009,30.113
1806,7,281.54,91.89,434.13,310.12,0.8111,30.13
1806,12,30.79,87.05,176.0,341.76,0.898,30.13
1806,13,363.17,31.04,422.29,123.65,0.7443,30.13
1806,14,21.2,184.03,142.48,400.49,0.8656,30.13
1806,11,431.65,122.05,539.5,400.2,0.8977,30.13
1807,7,281.46,91.92,434.16,310.05,0.8089,30.147
1807,12,29.9,87.04,175.97,341.74,0.8987,30.147
1807,13,362.19,30.77,421.76,123.06,0.7345,30.147
1807,14,21.41,183.65,142.8,400.55,0.8616,30.147
1807,11,431.94,122.49,539.81,400.19,0.8995,30.147
1808,7,281.3,91.81,434.44,310.37,0.8113,30.163
1808,12,29.84,87.11,176.52,341.58,0.8963,30.163
1808,13,361.64,30.55,421.77,122.84,0.754,30.163
1808,14,21.45,183.3,142.85,400.55,0.8596,30.163
1808,11,432.1,123.08,540.0,400.58,0.8981,30.163
1809,7,281.16,91.81,434.48,310.4,0.8162,30.18
1809,12,29.93,86.99,177.13,341.1,0.8956,30.18
1809,13,361.19,30.48,421.65,122.57,0.7388,30.18
1809,14,21.99,183.63,143.11,400.5,0.8635,30.18
1809,11,432.17,123.24,540.1,400.58,0.8982,30.18
1810,7,281.13,91.73,434.54,310.24,0.818,30.197
1810,12,29.2,87.05,176.96,340.72,0.8994,30.197
1810,13,361.33,30.49,422.04,122.36,0.7369,30.197
1810,14,22.26,183.64,143.38,400.59,0.8633,30.197
1810,11,432.53,123.84,540.24,400.61,0.8986,30.197
1811,7,281.02,91.81,434.74,310.6,0.8216,30.214
1811,12,29.1,87.1,177.21,340.24,0.8979,30.214
1811,13,360.65,30.46,421.51,122.23,0.7579,30.214
1811,14,22.6,183.8,143.64,400.65,0.8637,30.214
1811,11,431.77,119.57,540.97,400.67,0.9008,30.214
1812,7,281.16,91.82,434.93,310.53,0.819,30.23
1812,12,28.62,87.09,177.27,340.04,0.9046,30.23
1812,13,360.24,30.46,421.17,121.92,0.7616,30.23
1812,14,22.91,184.16,143.71,400.64,0.8659,30.23
1812,11,432.26,121.21,540.67,400.38,0.8999,30.23
1813,7,281.43,91.84,435.21,310.52,0.8173,30.247
1813,12,27.6,87.05,176.73,339.55,0.908,30.247
1813,13,359.59,30.56,420.61,121.67,0.7491,30.247
1813,14,23.41,184.14,144.24,400.67,0.8708,30.247
1813,11,432.59,121.45,540.74,400.22,0.8974,30.247
1814,7,281.6,91.85,435.24,310.24,0.8174,30.264
1814,12,27.16,87.05,176.83,339.33,0.9076,30.264
1814,13,359.35,30.47,420.7,121.59,0.7411,30.264
1814,14,23.84,184.53,144.44,400.7,0.8752,30.264
1814,11,432.94,120.82,541.13,400.19,0.8987,30.264
1815,7,281.54,91.73,435.34,310.27,0.8157,30.28
1815,12,26.48,87.05,176.83,339.38,0.9072,30.28
1815,13,359.12,30.26,420.85,121.52,0.7298,30.28
1815,14,24.1,184.18,144.84,400.69,0.8752,30.28
1815,11,433.5,119.4,541.92,400.21,0.9,30.28
1816,7,282.22,91.62,435.63,309.66,0.814,30.297
1816,12,25.62,87.08,176.52,339.04,0.9075,30.297
1816,13,358.63,30.27,420.58,121.65,0.7398,30.297
1816,14,24.31,183.97,144.96,400.55,0.8724,30.297
1816,11,434.37,119.74,542.41,400.16,0.9011,30.297
1817,7,282.37,91.82,435.64,309.7,0.8219,30.314
1817,12,25.13,87.11,176.45,338.58,0.9057,30.314
1817,13,358.33,30.34,420.19,121.45,0.7586,30.314
1817,14,24.4,183.27,145.18,400.49,0.8707,30.314
1817,11,434.9,118.68,542.87,399.76,0.8994,30.314
1818,7,282.99,91.92,436.16,309.88,0.8164,30.33
1818,12,24.74,87.12,176.61,338.51,0.9058,30.33
1818,13,358.21,30.45,420.06,121.43,0.7595,30.33
1818,14,24.9,183.77,145.29,400.48,0.8758,30.33
1818,11,435.32,115.06,544.17,399.75,0.9007,30.33
1819,7,283.39,92.1,436.38,310.06,0.8143,30.347
1819,12,24.41,86.99,176.87,338.29,0.906,30.347
1819,13,358.17,30.38,420.01,121.23,0.7566,30.347
1819,14,25.38,183.82,145.6,400.44,0.8742,30.347
1819,11,435.65,111.81,545.2,399.79,0.9019,30.347
1820,7,285.38,92.25,437.71,309.98,0.8126,30.364
1820,12,24.45,86.99,177.28,338.04,0.9041,30.364
1820,13,358.11,30.31,419.98,121.18,0.7586,30.364
1820,14,25.87,184.12,145.85,400.49,0.876,30.364
1820,11,436.41,110.62,545.81,399.89,0.9036,30.364
1821,7,286.84,92.38,438.96,310.89,0.8242,30.38
1821,12,24.75,87.1,177.7,337.73,0.9062,30.38
1821,13,358.05,30.33,419.79,121.05,0.7872,30.38
1821,14,26.28,184.07,146.15,400.53,0.871,30.38
1821,11,437.22,110.99,545.86,400.0,0.9034,30.38
1822,7,288.51,92.41,439.85,311.09,0.8214,30.397
1822,12,24.66,87.11,178.02,337.95,0.9043,30.397
1822,13,358.04,30.34,419.73,121.02,0.7896,30.397
1822,14,26.41,184.0,146.14,400.54,0.8762,30.397
1822,11,438.02,110.69,546.14,400.14,0.9067,30.397
1823,7,289.85,92.43,440.47,311.53,0.8265,30.414
1823,12,24.38,87.1,178.12,338.07,0.9053,30.414
1823,13,357.97,30.29,419.65,121.03,0.798,30.414
1823,14,26.93,183.83,146.61,400.59,0.8737,30.414
1823,11,438.89,111.57,546.19,400.39,0.9096,30.414
1824,7,288.87,92.33,439.32,311.97,0.8307,30.43
1824,12,24.52,87.11,178.12,337.54,0.9079,30.43
1824,13,357.82,30.26,419.47,121.09,0.812,30.43
1824,14,27.31,183.67,146.91,400.56,0.8806,30.43
1824,11,440.29,112.74,546.54,400.3,0.9079,30.43
1825,7,287.63,92.3,438.19,312.47,0.8406,30.447
1825,12,23.98,86.88,178.5,338.72,0.9027,30.447
1825,13,357.61,30.24,419.42,121.53,0.8211,30.447
1825,14,27.59,183.3,147.18,400.61,0.8774,30.447
1825,11,440.56,111.89,546.53,400.43,0.9068,30.447
1826,7,287.63,92.21,437.88,312.37,0.8366,30.464
1826,12,23.1,86.79,178.7,340.41,0.899,30.464
1826,13,357.49,30.2,419.25,121.65,0.8252,30.464
1826,14,27.69,183.11,147.2,400.71,0.8738,30.464
1826,11,441.84,113.05,546.83,400.55,0.9037,30.464
1827,7,288.36,92.05,438.1,312.13,0.835,30.48
1827,12,22.99,86.75,178.16,339.41,0.9012,30.48
1827,13,357.39,30.18,419.14,121.84,0.8258,30.48
1827,14,28.15,182.9,147.57,400.7,0.8734,30.48
1827,11,442.15,111.29,547.25,400.85,0.9096,30.48
1828,7,286.83,91.75,437.26,312.99,0.8424,30.497
1828,12,23.08,86.77,177.38,337.6,0.9044,30.497
1828,13,357.4,30.17,419.06,121.94,0.8281,30.497
1828,14,28.86,182.98,148.13,400.79,0.8776,30.497
1828,11,442.92,110.23,547.76,400.91,0.9158,30.497
1829,7,286.63,91.8,436.7,312.51,0.8389,30.514
1829,12,22.95,86.84,177.04,336.94,0.9015,30.514
1829,13,357.49,30.16,418.99,121.87,0.8257,30.514
1829,14,29.16,182.77,148.32,400.78,0.8741,30.514
1829,11,443.92,109.95,548.15,400.82,0.9146,30.514
1830,7,285.55,92.31,436.34,313.95,0.8505,30.53
1830,12,23.07,86.8,176.05,334.72,0.8967,30.53
1830,13,357.15,30.16,418.78,122.23,0.8473,30.53
1830,14,29.23,183.05,148.89,401.66,0.8609,30.53
1830,11,445.33,110.22,548.67,400.54,0.9092,30.53
1831,7,284.9,92.32,436.31,314.89,0.8559,30.547
1831,12,23.5,86.7,175.72,333.17,0.8934,30.547
1831,13,357.03,30.15,418.7,122.44,0.8466,30.547
1831,14,29.43,182.99,149.37,401.84,0.8575,30.547
1831,11,446.46,110.61,549.01,400.51,0.9097,30.547
1832,7,284.51,92.39,436.12,315.18,0.8704,30.564
1832,12,23.47,86.56,174.83,331.39,0.8944,30.564
1832,13,357.02,30.15,418.65,122.52,0.848,30.564
1832,14,29.59,182.82,149.88,401.91,0.8609,30.564
1832,11,447.63,110.61,549.42,399.72,0.9138,30.564
1833,7,284.13,92.33,435.91,315.25,0.8749,30.581
1833,12,23.3,86.48,174.07,330.24,0.8919,30.581
1833,13,357.04,30.15,418.59,122.52,0.8476,30.581
1833,14,30.17,182.28,150.85,401.91,0.8491,30.581
1833,11,448.49,110.33,549.8,399.42,0.9157,30.581
1834,7,283.97,92.29,435.86,315.23,0.8768,30.597
1834,12,22.7,86.31,173.6,330.38,0.8953,30.597
1834,13,357.09,30.16,418.57,122.52,0.8485,30.597
1834,14,30.46,182.1,151.42,402.01,0.864,30.597
1834,11,449.15,110.02,550.01,399.18,0.9175,30.597
1835,7,283.93,92.22,435.94,315.29,0.8863,30.614
1835,12,23.01,85.99,172.78,328.21,0.886,30.614
1835,13,357.07,30.15,418.51,122.54,0.8497,30.614
1835,14,31.33,181.76,152.71,402.22,0.852,30.614
1835,11,449.73,109.99,550.22,399.33,0.9173,30.614
1836,7,283.93,92.15,436.0,315.26,0.8861,30.631
1836,12,23.93,85.89,172.55,326.36,0.87,30.631
1836,13,357.1,30.15,418.48,122.53,0.8469,30.631
1836,14,31.68,181.15,153.4,402.16,0.8261,30.631
1836,11,450.45,110.04,550.5,399.33,0.9185,30.631
1837,7,284.0,92.01,436.17,315.28,0.8953,30.647
1837,12,26.83,85.79,174.29,324.94,0.8475,30.647
1837,13,357.12,30.15,418.46,122.53,0.8459,30.647
1837,14,33.31,180.05,155.09,401.38,0.8355,30.647
1837,11,451.0,110.21,550.61,399.31,0.9147,30.647
1838,7,283.98,91.78,436.26,315.28,0.8902,30.664
1838,12,28.1,85.41,176.26,327.28,0.8426,30.664
1838,13,357.11,30.14,418.41,122.51,0.8477,30.664
1838,14,32.89,178.94,154.52,401.14,0.8299,30.664
1838,11,451.59,110.57,550.71,399.18,0.9149,30.664
1839,7,284.19,91.57,436.47,315.21,0.8953,30.681
1839,12,28.17,85.01,176.52,328.35,0.8235,30.681
1839,13,357.13,30.13,418.37,122.46,0.8516,30.681
1839,14,33.05,177.79,154.65,401.18,0.8223,30.681
1839,11,451.96,110.31,550.83,399.11,0.9138,30.681
1840,7,284.34,91.52,436.52,315.16,0.8969,30.697
1840,12,32.22,84.96,179.56,328.71,0.8372,30.697
1840,13,357.15,30.13,418.33,122.42,0.8515,30.697
1840,14,33.81,176.62,155.65,401.53,0.8106,30.697
1840,11,452.53,110.35,551.14,399.38,0.9134,30.697
1841,7,284.58,91.54,436.56,315.01,0.8931,30.714
1841,12,32.46,84.99,178.65,328.68,0.8279,30.714
1841,13,357.17,30.13,418.32,122.39,0.8544,30.714
1841,14,34.84,176.78,156.27,401.84,0.7956,30.714
1841,11,452.88,110.03,551.15,398.96,0.9103,30.714
1842,7,285.01,91.46,436.73,314.77,0.9015,30.731
1842,12,35.03,84.75,178.64,326.66,0.836,30.731
1842,13,357.21,30.13,418.33,122.34,0.8535,30.731
1842,14,35.64,175.07,157.35,401.91,0.8528,30.731
1842,11,453.3,109.6,551.2,398.09,0.908,30.731
1843,7,285.44,91.49,436.96,314.82,0.9009,30.747
1843,12,32.0,84.59,175.84,328.39,0.8107,30.747
1843,13,357.28,30.14,418.3,122.2,0.8511,30.747
1843,14,35.93,174.34,157.39,401.78,0.8348,30.747
1843,11,453.51,109.0,551.68,399.08,0.9128,30.747
1844,7,285.71,91.42,437.01,314.74,0.899,30.764
1844,12,32.61,84.46,176.04,329.99,0.8044,30.764
1844,13,357.33,30.15,418.3,122.11,0.8479,30.764
1844,14,36.13,174.49,156.56,401.2,0.7885,30.764
1844,11,453.71,108.68,551.84,399.26,0.9133,30.764
1845,7,286.01,91.43,437.05,314.65,0.9034,30.781
1845,12,35.92,84.12,177.4,330.47,0.8294,30.781
1845,13,357.34,30.14,418.28,122.03,0.8462,30.781
1845,14,37.33,173.6,157.35,401.3,0.8539,30.781
1845,11,454.02,108.65,551.88,398.82,0.9119,30.781
1846,7,286.47,91.51,437.2,314.66,0.9034,30.797
1846,12,38.12,83.91,177.2,330.41,0.8298,30.797
1846,13,357.36,30.15,418.27,121.92,0.8452,30.797
1846,14,38.41,173.11,157.88,401.31,0.8533,30.797
1846,11,454.42,108.43,552.29,398.81,0.9083,30.797
1847,7,287.1,91.55,437.55,314.79,0.9035,30.814
1847,12,38.17,83.56,175.34,330.75,0.7937,30.814
1847,13,357.43,30.16,418.18,121.58,0.8432,30.814
1847,14,38.77,172.7,157.71,401.49,0.8489,30.814
1847,11,454.89,108.65,552.77,399.19,0.9148,30.814
1848,7,287.79,91.53,437.85,314.77,0.904,30.831
1848,12,38.4,83.51,174.31,330.76,0.7745,30.831
1848,13,357.44,30.16,418.15,121.45,0.8411,30.831
1848,14,38.95,172.82,157.1,401.69,0.8559,30.831
1848,11,455.33,108.78,553.09,398.88,0.9147,30.831
1849,7,288.25,91.57,437.87,314.68,0.9041,30.847
1849,12,40.01,83.39,174.51,331.22,0.7838,30.847
1849,13,357.48,30.15,418.07,121.13,0.8371,30.847
1849,14,39.72,172.89,156.97,401.66,0.8543,30.847
1849,11,455.8,108.84,553.43,398.59,0.9115,30.847
1850,7,288.9,91.51,438.16,314.76,0.9065,30.864
1850,12,42.07,83.26,173.51,328.17,0.7924,30.864
1850,13,357.49,30.14,418.02,120.92,0.8354,30.864
1850,14,41.0,173.09,157.43,401.59,0.8555,30.864
1850,11,455.99,109.01,553.63,398.79,0.909,30.864
1851,7,290.05,91.56,438.75,314.88,0.9041,30.881
1851,12,44.62,83.09,173.57,326.39,0.7698,30.881
1851,13,357.61,30.13,417.99,120.5,0.8292,30.881
1851,14,41.74,172.23,157.84,401.19,0.8512,30.881
1851,11,456.04,108.95,553.9,399.49,0.9151,30.881
1852,7,291.0,91.49,439.09,314.88,0.9059,30.898
1852,12,46.33,83.03,172.88,324.37,0.7557,30.898
1852,13,357.61,30.13,418.02,120.36,0.8267,30.898
1852,14,43.06,173.35,158.03,401.05,0.8487,30.898
1852,11,456.26,108.98,554.06,399.39,0.9143,30.898
1853,7,291.84,91.47,439.28,314.87,0.9045,30.914
1853,12,48.25,83.11,171.15,319.57,0.7593,30.914
1853,13,357.56,30.12,418.08,120.37,0.8275,30.914
1853,14,44.7,173.49,159.35,401.02,0.8528,30.914
1853,11,456.46,109.07,554.13,399.07,0.9135,30.914
1854,7,292.34,91.36,439.23,314.89,0.9056,30.931
1854,12,49.56,83.13,170.76,318.18,0.7487,30.931
1854,13,357.62,30.13,418.04,120.0,0.8171,30.931
1854,14,45.86,173.34,160.45,401.04,0.8692,30.931
1854,11,456.61,109.13,554.14,398.63,0.9127,30.931
1855,7,293.08,91.45,439.29,314.9,0.9095,30.948
1855,12,49.95,83.02,171.13,320.06,0.7069,30.948
1855,13,357.57,30.15,418.07,119.95,0.8232,30.948
1855,14,45.8,172.91,160.13,401.04,0.8584,30.948
1855,11,456.74,108.97,554.26,398.24,0.9136,30.948
1856,7,293.64,91.41,439.24,314.83,0.9074,30.964
1856,12,51.8,83.05,167.38,310.12,0.6372,30.964
1856,13,357.52,30.15,418.11,119.9,0.8219,30.964
1856,14,47.19,172.33,161.7,401.11,0.8586,30.964
1856,11,457.06,108.91,554.48,397.87,0.914,30.964
1857,7,294.34,91.46,439.27,314.77,0.9037,30.981
1857,12,53.84,82.98,164.26,300.08,0.6035,30.981
1857,13,357.49,30.15,418.16,119.86,0.8228,30.981
1857,14,48.4,171.64,163.18,401.17,0.8529,30.981
1857,11,458.08,108.76,555.33,397.45,0.9135,30.981
1858,7,294.91,91.44,439.32,314.87,0.9054,30.998
1858,12,57.01,83.0,156.78,277.44,0.6037,30.998
1858,13,357.45,30.12,418.22,119.81,0.8215,30.998
1858,14,49.23,170.53,164.55,401.41,0.8516,30.998
1858,11,458.08,108.77,555.3,397.52,0.9113,30.998
1859,7,295.5,91.28,439.38,314.86,0.9061,31.014
1859,12,59.22,83.06,152.2,261.81,0.645,31.014
1859,13,357.4,30.12,418.32,119.91,0.8199,31.014
1859,14,50.41,169.86,166.06,401.53,0.8627,31.014
1859,11,459.04,108.29,556.24,397.16,0.9115,31.014
1860,7,295.89,91.21,439.22,314.8,0.9045,31.031
1860,12,60.6,83.24,149.1,250.42,0.704,31.031
1860,13,357.36,30.12,418.38,119.96,0.8195,31.031
1860,14,51.48,169.32,167.43,401.59,0.8746,31.031
1860,11,459.71,108.12,556.9,397.32,0.9109,31.031
1861,7,296.28,91.22,439.07,314.78,0.9043,31.048
1861,12,62.14,83.25,145.89,237.56,0.7588,31.048
1861,13,357.33,30.12,418.41,119.95,0.8232,31.048
1861,14,52.57,168.75,168.86,401.66,0.878,31.048
1861,11,460.23,107.5,557.45,397.25,0.9101,31.048
1862,7,296.65,91.22,438.88,314.68,0.9057,31.064
1862,12,62.97,83.35,143.91,228.29,0.7621,31.064
1862,13,357.21,30.11,418.52,120.26,0.8254,31.064
1862,14,53.27,168.42,169.63,401.53,0.8777,31.064
1862,11,460.57,107.2,557.62,396.65,0.9112,31.064
1863,7,297.02,91.31,438.67,314.59,0.9052,31.081
1863,12,62.28,83.33,142.12,222.32,0.7561,31.081
1863,13,357.19,30.15,418.55,120.38,0.831,31.081
1863,14,53.78,168.34,170.26,401.58,0.8625,31.081
1863,11,461.25,107.23,557.81,395.4,0.9117,31.081
1864,7,297.31,91.27,438.64,314.75,0.9022,31.098
1864,12,61.58,83.64,141.09,218.41,0.7445,31.098
1864,13,357.19,30.18,418.55,120.4,0.8296,31.098
1864,14,53.94,168.06,170.44,401.49,0.8685,31.098
1864,11,461.76,106.96,558.08,394.38,0.9127,31.098
1865,7,297.89,91.31,438.74,314.82,0.8993,31.114
1865,12,59.36,83.87,139.5,217.03,0.7621,31.114
1865,13,357.2,30.18,418.56,120.39,0.8317,31.114
1865,14,54.24,167.97,170.39,400.79,0.8546,31.114
1865,11,462.12,106.56,558.25,393.35,0.9109,31.114
1866,7,298.49,91.41,438.8,314.88,0.899,31.131
1866,12,57.56,84.49,138.16,216.24,0.7569,31.131
1866,13,357.24,30.18,418.57,120.35,0.8312,31.131
1866,14,54.26,167.75,170.17,400.35,0.8584,31.131
1866,11,462.2,106.78,558.12,393.15,0.9096,31.131
1867,7,298.88,91.5,438.58,314.68,0.8999,31.148
1867,12,55.43,84.38,138.3,218.38,0.7627,31.148
1867,13,357.26,30.16,418.63,120.44,0.8354,31.148
1867,14,54.86,167.52,170.68,399.93,0.8416,31.148
1867,11,462.73,106.74,558.45,392.45,0.9127,31.148
1868,7,299.47,91.5,438.63,314.58,0.9005,31.164
1868,12,53.43,84.32,139.01,221.65,0.7799,31.164
1868,13,357.26,30.16,418.65,120.5,0.8354,31.164
1868,14,55.38,167.27,171.23,399.65,0.8317,31.164
1868,11,463.05,107.56,558.55,392.47,0.9102,31.164
1869,7,300.0,91.81,438.43,314.29,0.9053,31.181
1869,12,51.64,84.88,139.2,224.57,0.7757,31.181
1869,13,357.32,30.16,418.64,120.4,0.8354,31.181
1869,14,55.64,167.19,171.61,399.82,0.84,31.181
1869,11,463.04,106.66,558.88,392.8,0.912,31.181
1870,7,300.63,91.95,438.42,313.99,0.9071,31.198
1870,12,50.44,84.67,139.35,225.8,0.7834,31.198
1870,13,357.35,30.17,418.7,120.5,0.8354,31.198
1870,14,55.73,166.78,171.97,400.03,0.8296,31.198
1870,11,462.97,106.35,559.11,393.55,0.9163,31.198
1871,7,301.19,91.98,438.51,313.95,0.9102,31.215
1871,12,49.48,84.37,139.55,226.71,0.7928,31.215
1871,13,357.43,30.17,418.8,120.57,0.8367,31.215
1871,14,55.96,166.4,172.51,400.35,0.8382,31.215
1871,11,462.99,106.34,559.2,393.84,0.9159,31.215
1872,7,301.44,91.96,438.44,314.0,0.9127,31.231
1872,12,48.88,84.27,139.5,226.88,0.8013,31.231
1872,13,357.48,30.16,418.83,120.58,0.8375,31.231
1872,14,56.38,165.74,172.94,400.12,0.8229,31.231
1872,11,462.87,106.09,559.27,394.27,0.9179,31.231
1873,7,301.59,91.75,438.44,314.14,0.9132,31.248
1873,12,48.38,84.22,139.35,226.83,0.8187,31.248
1873,13,357.54,30.16,418.87,120.58,0.8362,31.248
1873,14,56.78,165.63,173.58,400.48,0.8352,31.248
1873,11,462.72,105.82,559.33,394.85,0.9136,31.248
1874,7,301.87,91.59,438.44,314.09,0.91,31.265
1874,12,47.97,84.09,139.33,226.77,0.8202,31.265
1874,13,357.55,30.16,418.92,120.68,0.836,31.265
1874,14,57.09,165.46,174.06,400.71,0.8275,31.265
1874,11,462.7,105.64,559.35,394.9,0.9129,31.265
1875,7,302.1,91.31,438.54,314.19,0.9091,31.281
1875,12,47.48,83.82,139.52,227.08,0.8218,31.281
1875,13,357.55,30.18,418.91,120.69,0.835,31.281
1875,14,57.46,165.43,174.51,400.69,0.8267,31.281
1875,11,462.64,105.57,559.32,395.06,0.9157,31.281
1876,7,302.37,91.1,438.64,314.33,0.9081,31.298
1876,12,47.14,83.69,139.51,227.0,0.8194,31.298
1876,13,357.56,30.19,418.93,120.73,0.8344,31.298
1876,14,58.1,165.43,175.11,400.45,0.8225,31.298
1876,11,462.5,105.49,559.16,395.02,0.9145,31.298
1877,7,303.14,90.96,439.04,314.39,0.909,31.315
1877,12,46.87,83.48,139.76,227.13,0.8159,31.315
1877,13,357.6,30.19,418.91,120.64,0.8334,31.315
1877,14,58.67,165.43,175.64,400.31,0.8163,31.315
1877,11,462.26,105.37,559.0,395.06,0.9129,31.315
1878,7,303.76,90.58,439.31,314.34,0.9079,31.331
1878,12,46.63,83.38,139.9,227.18,0.8195,31.331
1878,13,357.73,30.24,418.87,120.38,0.8302,31.331
1878,14,59.15,165.43,176.17,400.34,0.8238,31.331
1878,11,461.91,105.36,558.65,394.88,0.9136,31.331
1879,7,304.23,90.2,439.46,314.33,0.907,31.348
1879,12,46.4,83.19,140.05,227.17,0.8188,31.348
1879,13,357.74,30.24,418.95,120.53,0.8301,31.348
1879,14,59.17,165.18,176.49,400.61,0.8291,31.348
1879,11,461.72,105.29,558.45,394.67,0.9146,31.348
1880,7,304.55,90.1,439.36,314.37,0.9062,31.365
1880,12,46.27,83.14,140.29,227.31,0.8283,31.365
1880,13,357.74,30.25,418.97,120.59,0.8277,31.365
1880,14,59.63,165.16,177.02,400.89,0.8304,31.365
1880,11,461.52,105.21,558.26,394.46,0.9113,31.365
1881,7,304.67,89.76,439.22,314.4,0.9062,31.381
1881,12,46.15,82.91,140.5,227.19,0.8265,31.381
1881,13,357.83,30.25,418.99,120.51,0.8247,31.381
1881,14,60.16,165.03,177.6,401.26,0.8341,31.381
1881,11,461.19,105.21,558.0,394.48,0.9145,31.381
1882,7,305.21,89.51,439.31,314.34,0.901,31.398
1882,12,46.08,82.98,140.64,227.19,0.8209,31.398
1882,13,357.76,30.24,419.0,120.67,0.8238,31.398
1882,14,60.23,164.53,177.69,401.35,0.8339,31.398
1882,11,460.8,105.22,557.59,394.13,0.9147,31.398
1883,7,306.01,89.53,439.47,314.32,0.8978,31.415
1883,12,46.02,82.84,140.89,227.15,0.8133,31.415
1883,13,357.59,30.23,418.94,120.83,0.8202,31.415
1883,14,61.04,164.68,178.13,401.13,0.8381,31.415
1883,11,460.28,105.19,557.16,393.83,0.9123,31.415
1884,7,306.72,89.54,439.5,314.23,0.8993,31.431
1884,12,45.87,82.78,141.06,227.26,0.8267,31.431
1884,13,357.55,30.22,418.92,120.87,0.8196,31.431
1884,14,61.45,164.54,178.37,401.13,0.8436,31.431
1884,11,459.81,105.02,556.8,393.62,0.9145,31.431
1885,7,307.33,89.44,439.49,314.13,0.8986,31.448
1885,12,45.93,82.87,141.3,227.26,0.8348,31.448
1885,13,357.54,30.22,418.88,120.81,0.8152,31.448
1885,14,61.56,164.16,178.31,401.11,0.8464,31.448
1885,11,459.21,104.98,556.36,393.49,0.9122,31.448
1886,7,307.93,89.38,439.45,314.03,0.897,31.465
1886,12,45.85,82.8,141.47,227.22,0.8281,31.465
1886,13,357.52,30.2,418.86,120.82,0.8218,31.465
1886,14,62.02,164.24,178.32,400.64,0.8422,31.465
1886,11,458.74,104.84,556.02,393.36,0.9117,31.465
1887,7,308.6,89.22,439.51,313.92,0.8968,31.481
1887,12,45.73,82.77,141.71,227.42,0.8205,31.481
1887,13,357.55,30.21,418.91,120.86,0.8188,31.481
1887,14,62.41,164.13,178.47,400.47,0.8436,31.481
1887,11,458.35,104.76,555.75,393.34,0.9113,31.481
1888,7,309.45,89.02,439.68,313.8,0.8954,31.498
1888,12,45.67,82.76,141.98,227.59,0.8172,31.498
1888,13,357.6,30.2,418.96,120.88,0.8158,31.498
1888,14,62.76,163.96,178.66,400.38,0.8414,31.498
1888,11,457.82,104.71,555.26,393.05,0.9093,31.498
1889,7,310.1,88.49,439.67,313.33,0.9036,31.515
1889,12,45.51,82.84,142.26,228.02,0.8212,31.515
1889,13,357.47,29.99,419.05,121.03,0.8058,31.515
1889,14,62.85,163.22,178.73,400.12,0.8398,31.515
1889,11,457.52,104.84,554.9,392.89,0.9035,31.515
1890,7,311.08,88.2,439.91,313.11,0.9024,31.532
1890,12,45.39,82.85,142.56,228.34,0.8123,31.532
1890,13,357.14,29.88,418.94,121.2,0.7968,31.532
1890,14,63.31,162.83,178.9,399.72,0.8434,31.532
1890,11,457.14,104.41,554.72,393.03,0.9013,31.532
1891,7,311.82,88.08,439.94,313.07,0.9044,31.548
1891,12,45.35,82.92,142.97,228.71,0.7897,31.548
1891,13,356.97,29.83,418.88,121.29,0.7988,31.548
1891,14,64.27,163.27,179.16,399.26,0.8423,31.548
1891,11,456.49,102.78,554.89,393.86,0.9077,31.548
1892,7,312.6,87.99,440.01,313.09,0.9021,31.565
1892,12,45.47,83.03,143.15,228.43,0.793,31.565
1892,13,356.86,29.83,418.82,121.32,0.8006,31.565
1892,14,64.95,163.24,179.42,399.03,0.8479,31.565
1892,11,456.04,101.82,554.85,394.14,0.9043,31.565
1893,7,313.52,87.91,440.13,313.03,0.9011,31.582
1893,12,45.4,83.11,143.43,228.55,0.7816,31.582
1893,13,356.69,29.8,418.84,121.53,0.8021,31.582
1893,14,65.5,163.0,179.64,398.82,0.8499,31.582
1893,11,455.72,101.0,554.69,394.03,0.9056,31.582
1894,7,314.36,87.92,440.24,313.19,0.8972,31.598
1894,12,45.19,83.17,144.0,229.32,0.7628,31.598
1894,13,356.6,29.82,418.93,121.83,0.7965,31.598
1894,14,66.03,162.82,179.73,398.46,0.8525,31.598
1894,11,455.68,100.62,554.64,393.93,0.9064,31.598
1895,7,315.3,87.89,440.44,313.39,0.8924,31.615
1895,12,45.19,83.27,144.52,229.6,0.7692,31.615
1895,13,356.59,29.83,418.91,121.81,0.7968,31.615
1895,14,66.39,162.57,179.75,398.19,0.8579,31.615
1895,11,455.45,99.89,554.26,393.32,0.9034,31.615
1896,7,316.66,87.75,440.98,313.56,0.8936,31.632
1896,12,45.25,83.38,144.9,229.59,0.7711,31.632
1896,13,356.55,29.82,418.91,121.81,0.7893,31.632
1896,14,67.01,162.31,179.81,397.51,0.8585,31.632
1896,11,455.39,99.83,553.85,392.78,0.9004,31.632
1897,7,317.33,87.62,440.82,313.63,0.895,31.648
1897,12,45.2,83.49,145.09,229.37,0.7823,31.648
1897,13,356.52,29.81,418.99,121.92,0.7841,31.648
1897,14,67.54,162.11,179.8,396.89,0.8619,31.648
1897,11,455.44,99.59,553.46,391.86,0.8983,31.648
1898,7,318.26,87.36,440.94,313.7,0.8974,31.665
1898,12,45.05,83.54,145.65,229.77,0.769,31.665
1898,13,356.39,29.81,418.94,122.02,0.777,31.665
1898,14,68.23,161.94,179.82,395.95,0.8647,31.665
1898,11,455.35,98.74,553.15,391.19,0.8971,31.665
1899,7,319.23,87.28,441.01,313.78,0.8961,31.682
1899,12,44.82,83.58,146.08,230.1,0.7495,31.682
1899,13,356.4,29.8,418.99,122.06,0.7724,31.682
1899,14,68.73,161.4,179.92,395.27,0.8613,31.682
1899,11,455.22,97.76,552.72,390.29,0.8974,31.682
1900,7,319.95,87.17,440.9,313.91,0.9008,31.698
1900,12,44.99,83.76,146.33,229.71,0.7224,31.698
1900,13,356.38,29.79,418.99,122.08,0.7668,31.698
1900,14,69.47,161.03,180.06,394.27,0.8626,31.698
1900,11,455.44,97.55,552.17,388.52,0.8986,31.698
1901,7,320.81,87.24,440.84,314.04,0.9018,31.715
1901,12,44.88,83.86,146.4,229.35,0.73,31.715
1901,13,356.23,29.78,418.97,122.23,0.7647,31.715
1901,14,69.95,160.69,180.17,393.65,0.8586,31.715
1901,11,455.6,97.35,551.78,387.4,0.8961,31.715
1902,7,321.95,87.3,440.98,314.11,0.9032,31.732
1902,12,44.01,83.79,147.36,231.48,0.6779,31.732
1902,13,356.24,29.84,418.98,122.3,0.7656,31.732
1902,14,70.39,160.4,180.25,393.08,0.8528,31.732
1902,11,456.09,98.14,551.68,387.18,0.8956,31.732
1903,7,323.26,87.29,441.24,314.14,0.8996,31.748
1903,12,44.24,83.89,147.48,230.82,0.6734,31.748
1903,13,356.3,29.87,419.04,122.36,0.766,31.748
1903,14,70.64,160.22,180.17,392.69,0.853,31.748
1903,11,456.65,97.08,551.38,384.3,0.8965,31.748
1904,7,324.76,87.37,441.54,314.12,0.9016,31.765
1904,12,44.34,83.93,147.9,230.75,0.6618,31.765
1904,13,356.32,29.88,419.11,122.48,0.7666,31.765
1904,14,70.86,159.93,180.09,392.31,0.8558,31.765
1904,11,457.09,96.17,550.88,381.28,0.8996,31.765
1905,7,326.06,87.5,441.51,313.88,0.8983,31.782
1905,12,44.4,84.06,148.24,230.68,0.6699,31.782
1905,13,356.55,29.94,419.24,122.48,0.7644,31.782
1905,14,71.03,159.62,180.05,392.03,0.8565,31.782
1905,11,457.45,95.42,550.69,379.62,0.8977,31.782
1906,7,327.18,87.51,441.65,314.3,0.8966,31.798
1906,12,44.51,84.2,148.55,230.45,0.6588,31.798
1906,13,356.5,30.02,419.07,122.35,0.7498,31.798
1906,14,71.31,159.29,180.11,391.71,0.8576,31.798
1906,11,457.76,94.79,550.44,378.14,0.9005,31.798
1907,7,328.32,87.53,441.66,314.41,0.8973,31.815
1907,12,44.46,84.26,148.89,230.44,0.6651,31.815
1907,13,356.49,30.05,419.01,122.3,0.7493,31.815
1907,14,71.51,159.14,180.02,391.36,0.8603,31.815
1907,11,458.4,94.74,550.15,376.18,0.9033,31.815
1908,7,329.47,87.47,441.65,314.38,0.8947,31.832
1908,12,44.0,84.21,150.55,232.9,0.6283,31.832
1908,13,356.41,30.06,418.92,122.24,0.7408,31.832
1908,14,71.66,158.83,179.99,391.03,0.8577,31.832
1908,11,459.17,94.1,549.93,373.22,0.9008,31.832
1909,7,330.31,87.35,441.5,314.55,0.8947,31.848
1909,12,44.27,84.31,150.06,231.32,0.6267,31.848
1909,13,356.48,30.11,418.81,121.89,0.7325,31.848
1909,14,71.89,158.43,180.02,390.53,0.8607,31.848
1909,11,459.67,93.71,549.51,370.55,0.8996,31.848
1910,7,330.97,87.41,441.33,315.08,0.8971,31.865
1910,12,44.21,84.34,151.06,232.19,0.6457,31.865
1910,13,356.46,30.06,418.77,121.69,0.7245,31.865
1910,14,72.23,158.07,180.14,390.05,0.8603,31.865
1910,11,460.09,92.74,549.28,368.18,0.8993,31.865
1911,7,331.72,87.42,441.18,315.37,0.8964,31.882
1911,12,44.07,84.34,151.95,233.07,0.6173,31.882
1911,13,356.47,30.04,418.87,121.72,0.7253,31.882
1911,14,72.45,157.72,180.04,389.19,0.859,31.882
1911,11,460.29,91.7,549.0,366.08,0.8971,31.882
1912,7,332.78,87.46,441.23,315.48,0.8971,31.899
1912,12,43.88,84.35,152.6,233.76,0.6007,31.899
1912,13,356.46,30.02,418.87,121.61,0.7188,31.899
1912,14,72.64,157.23,180.01,388.45,0.8578,31.899
1912,11,460.57,92.82,548.2,364.14,0.8916,31.899
1913,7,333.75,87.43,441.21,315.55,0.898,31.915
1913,12,44.74,84.39,151.39,230.11,0.607,31.915
1913,13,356.54,29.96,418.82,121.23,0.6987,31.915
1913,14,72.82,156.81,179.91,387.6,0.8585,31.915
1913,11,461.19,91.95,548.18,361.88,0.8899,31.915
1914,7,334.63,87.41,441.03,315.29,0.8972,31.932
1914,12,44.91,84.46,152.16,230.12,0.6215,31.932
1914,13,356.56,29.95,418.82,121.06,0.6861,31.932
1914,14,73.04,156.51,179.8,386.6,0.8605,31.932
1914,11,461.55,90.94,548.06,360.04,0.8894,31.932
1915,7,335.39,87.37,440.91,315.33,0.8992,31.949
1915,12,44.34,84.47,153.23,231.8,0.5925,31.949
1915,13,356.5,29.94,418.82,120.99,0.6889,31.949
1915,14,73.15,155.98,179.62,385.37,0.8593,31.949
1915,11,462.46,95.87,546.89,358.19,0.8858,31.949
1916,7,335.98,87.31,440.65,315.29,0.9013,31.965
1916,12,44.41,84.49,153.5,231.38,0.6222,31.965
1916,13,356.5,29.93,418.89,120.99,0.6907,31.965
1916,14,73.34,155.55,179.56,384.23,0.8576,31.965
1916,11,462.31,94.6,546.48,356.31,0.8858,31.965
1917,7,336.54,87.22,440.35,314.96,0.9031,31.982
1917,12,45.2,84.55,152.66,228.28,0.6471,31.982
1917,13,356.68,29.87,419.0,120.77,0.6481,31.982
1917,14,73.4,155.24,179.61,383.74,0.8622,31.982
1917,11,461.85,90.95,546.52,354.93,0.8948,31.982
1918,7,336.88,86.92,440.02,314.64,0.9018,31.999
1918,12,44.99,84.71,153.77,229.34,0.6636,31.999
1918,13,356.76,29.86,418.89,120.34,0.6285,31.999
1918,14,73.75,154.9,179.63,382.51,0.8617,31.999
1918,11,461.53,88.27,546.41,353.64,0.8981,31.999
1919,7,337.24,86.8,439.69,314.37,0.8999,32.015
1919,12,44.8,84.79,154.18,229.42,0.6777,32.015
1919,13,356.75,29.86,418.89,120.25,0.6262,32.015
1919,14,73.97,154.69,179.57,381.49,0.8605,32.015
1919,11,461.28,86.56,545.88,351.85,0.8987,32.015
1920,7,337.49,86.76,439.41,314.47,0.8979,32.032
1920,12,44.89,85.23,154.01,228.67,0.6799,32.032
1920,13,356.69,29.87,418.94,120.28,0.6417,32.032
1920,14,74.06,154.47,179.62,380.92,0.8614,32.032
1920,11,461.19,85.14,545.56,350.45,0.9057,32.032
1921,7,337.78,86.7,439.1,314.2,0.8975,32.049
1921,12,44.85,85.49,154.11,228.31,0.6737,32.049
1921,13,356.75,29.87,418.74,119.7,0.6136,32.049
1921,14,73.98,154.13,179.72,380.8,0.8615,32.049
1921,11,461.07,84.12,545.24,349.51,0.9007,32.049
1922,7,338.28,86.68,438.88,313.64,0.8942,32.065
1922,12,44.92,85.69,154.29,227.79,0.6804,32.065
1922,13,356.96,29.88,418.41,118.57,0.589,32.065
1922,14,73.94,154.02,179.67,380.56,0.868,32.065
1922,11,460.98,84.29,544.69,348.86,0.8948,32.065
1923,7,338.66,86.71,438.45,312.73,0.8898,32.082
1923,12,44.65,85.76,154.55,227.82,0.6769,32.082
1923,13,356.95,29.88,418.32,118.12,0.5941,32.082
1923,14,73.95,153.89,179.62,380.15,0.8666,32.082
1923,11,460.89,84.93,544.2,348.71,0.8906,32.082
1924,7,339.31,86.65,438.32,311.76,0.8878,32.099
1924,12,44.51,85.78,154.46,227.21,0.6817,32.099
1924,13,356.81,29.87,418.32,118.01,0.5938,32.099
1924,14,73.94,153.71,179.38,379.21,0.8722,32.099
1924,11,460.87,86.23,543.65,348.78,0.8896,32.099
1925,7,339.7,86.64,438.01,310.83,0.8846,32.115
1925,12,44.48,85.87,154.42,226.62,0.6861,32.115
1925,13,356.75,29.82,418.32,117.75,0.5808,32.115
1925,14,73.74,153.54,179.32,379.12,0.8706,32.115
1925,11,461.28,91.4,542.72,349.5,0.8845,32.115
1926,7,339.99,86.78,437.96,310.83,0.886,32.132
1926,12,43.89,85.58,154.72,227.06,0.6753,32.132
1926,13,356.84,29.83,418.37,117.47,0.6074,32.132
1926,14,73.62,153.27,179.47,379.42,0.8666,32.132
1926,11,462.07,98.46,541.53,349.29,0.8875,32.132
1927,7,340.31,86.83,437.59,309.7,0.8795,32.149
1927,12,43.63,85.46,154.79,226.99,0.6804,32.149
1927,13,356.83,29.83,418.44,117.4,0.6137,32.149
1927,14,73.6,153.07,179.5,379.3,0.8674,32.149
1927,11,461.62,97.57,541.56,349.72,0.8938,32.149
1928,7,340.69,86.81,437.21,308.18,0.8796,32.165
1928,12,43.96,85.4,154.51,225.57,0.6895,32.165
1928,13,356.79,29.83,418.5,117.37,0.6174,32.165
1928,14,73.88,152.93,179.36,378.09,0.8668,32.165
1928,11,460.55,92.81,541.87,349.66,0.899,32.165
1929,7,341.02,86.9,437.21,307.72,0.8808,32.182
1929,12,43.95,85.42,154.52,225.2,0.6842,32.182
1929,13,356.84,29.81,418.53,117.16,0.6309,32.182
1929,14,73.72,152.7,179.51,378.59,0.863,32.182
1929,11,459.72,88.43,542.19,349.64,0.9019,32.182
1930,7,341.48,86.85,437.5,307.61,0.8802,32.199
1930,12,43.89,85.44,154.75,225.17,0.683,32.199
1930,13,356.87,29.8,418.48,116.89,0.6281,32.199
1930,14,73.12,152.52,179.76,380.44,0.8581,32.199
1930,11,459.25,86.84,541.98,349.37,0.9028,32.199
1931,7,341.66,86.75,437.73,308.0,0.8778,32.216
1931,12,43.74,85.44,154.88,225.17,0.6644,32.216
1931,13,356.83,29.8,418.52,116.86,0.6296,32.216
1931,14,72.84,152.48,179.89,381.53,0.8568,32.216
1931,11,459.28,88.24,541.5,349.27,0.8981,32.216
1932,7,341.97,86.65,438.01,308.33,0.8758,32.232
1932,12,43.72,85.42,154.91,224.82,0.6602,32.232
1932,13,356.77,29.8,418.52,116.81,0.6157,32.232
1932,14,72.66,152.2,179.6,381.02,0.8579,32.232
1932,11,458.96,87.79,541.24,349.32,0.8979,32.232
1933,7,342.09,86.35,438.13,308.39,0.8775,32.249
1933,12,43.64,85.43,154.99,224.63,0.6742,32.249
1933,13,356.85,30.15,418.34,116.63,0.6237,32.249
1933,14,72.64,152.01,179.42,380.39,0.8596,32.249
1933,11,458.64,87.22,540.95,349.16,0.8993,32.249
1934,7,342.27,86.38,438.29,308.67,0.8769,32.266
1934,12,44.04,85.4,154.93,223.48,0.6872,32.266
1934,13,357.01,29.93,418.56,116.4,0.5943,32.266
1934,14,72.32,151.88,179.29,380.64,0.8563,32.266
1934,11,458.2,86.18,540.63,349.02,0.9018,32.266
1935,7,342.45,86.38,438.35,308.66,0.8774,32.282
1935,12,43.75,85.38,155.35,223.99,0.676,32.282
1935,13,357.19,30.19,418.54,116.29,0.5941,32.282
1935,14,72.24,151.79,179.29,380.73,0.8553,32.282
1935,11,457.16,87.35,539.21,349.57,0.8965,32.282
1936,7,342.63,86.35,438.38,308.53,0.874,32.299
1936,12,44.4,85.34,155.29,222.47,0.692,32.299
1936,13,356.99,29.93,418.86,116.8,0.5875,32.299
1936,14,72.12,151.66,179.24,380.83,0.8581,32.299
1936,11,456.44,86.35,538.52,349.55,0.8993,32.299
1937,7,342.91,86.39,438.59,308.68,0.8733,32.316
1937,12,44.98,85.6,154.22,219.88,0.701,32.316
1937,13,357.18,29.8,418.96,116.54,0.5861,32.316
1937,14,71.95,151.56,179.36,381.6,0.8543,32.316
1937,11,456.17,86.26,538.07,349.77,0.8958,32.316
1938,7,343.18,86.51,438.75,308.75,0.871,32.332
1938,12,45.29,85.71,153.96,218.52,0.7181,32.332
1938,13,357.25,29.77,418.92,116.36,0.5841,32.332
1938,14,71.77,151.38,179.75,383.16,0.8452,32.332
1938,11,456.1,86.57,537.64,349.79,0.8962,32.332
1939,7,342.98,85.93,439.21,310.22,0.8779,32.349
1939,12,45.33,85.76,153.96,217.78,0.711,32.349
1939,13,357.31,29.76,419.01,116.41,0.5686,32.349
1939,14,71.58,151.32,179.97,384.54,0.8465,32.349
1939,11,456.05,86.86,537.22,349.76,0.8901,32.349
1940,7,343.1,85.93,439.52,311.24,0.876,32.366
1940,12,45.4,85.77,154.09,217.2,0.713,32.366
1940,13,357.32,29.76,419.17,116.72,0.573,32.366
1940,14,71.53,151.12,180.09,385.24,0.8482,32.366
1940,11,456.17,88.16,536.73,349.75,0.883,32.366
1941,7,343.19,85.45,439.82,311.88,0.8818,32.382
1941,12,45.32,85.78,154.45,217.1,0.7115,32.382
1941,13,357.32,29.77,419.33,117.08,0.5568,32.382
1941,14,71.41,151.03,180.2,386.17,0.8483,32.382
1941,11,456.05,87.16,536.55,349.54,0.8905,32.382
1942,7,343.45,85.09,439.97,311.95,0.885,32.399
1942,12,44.93,85.79,154.72,217.4,0.706,32.399
1942,13,357.03,29.7,419.35,117.59,0.5461,32.399
1942,14,71.4,151.01,180.18,386.63,0.8499,32.399
1942,11,457.05,85.56,537.49,348.55,0.8883,32.399
1943,7,343.69,85.01,440.01,312.03,0.8848,32.416
1943,12,44.46,85.78,155.1,218.02,0.6896,32.416
1943,13,356.15,29.74,419.9,120.02,0.5482,32.416
1943,14,70.93,150.74,180.65,389.23,0.8509,32.416
1943,11,457.39,85.26,537.54,348.1,0.8857,32.416
1944,7,344.55,84.82,440.38,311.66,0.8815,32.432
1944,12,43.45,85.52,156.37,220.54,0.6872,32.432
1944,13,355.15,29.75,420.83,123.51,0.5426,32.432
1944,14,70.79,150.47,180.75,390.25,0.8562,32.432
1944,11,457.61,85.35,537.35,347.78,0.8787,32.432
1945,7,345.33,84.56,440.8,311.73,0.8824,32.449
1945,12,42.81,85.44,156.99,222.13,0.6889,32.449
1945,13,354.58,29.72,421.47,126.1,0.5205,32.449
1945,14,70.48,150.34,180.89,392.06,0.8542,32.449
1945,11,457.65,84.96,537.1,347.5,0.8823,32.449
1946,7,346.26,84.39,441.2,311.62,0.8796,32.466
1946,12,42.56,85.42,157.3,223.01,0.6949,32.466
1946,13,353.96,29.71,421.96,128.79,0.5311,32.466
1946,14,70.54,150.25,180.77,392.42,0.8533,32.466
1946,11,457.75,84.73,536.93,347.51,0.8855,32.466
1947,7,347.25,84.43,441.47,311.33,0.8757,32.482
1947,12,42.82,85.44,157.14,222.65,0.7043,32.482
1947,13,353.61,29.73,422.23,130.84,0.5544,32.482
1947,14,70.3,150.02,180.53,393.1,0.8642,32.482
1947,11,457.95,84.47,536.68,347.03,0.8779,32.482
1948,7,348.62,85.59,441.57,310.76,0.8531,32.499
1948,12,43.14,85.55,157.01,222.27,0.6742,32.499
1948,13,352.31,29.66,421.92,133.25,0.5507,32.499
1948,14,69.71,149.93,180.66,395.74,0.8693,32.499
1948,11,457.92,85.28,535.97,346.5,0.8671,32.499
1949,7,349.49,86.85,441.38,310.55,0.8497,32.516
1949,12,43.01,85.57,157.23,222.85,0.6756,32.516
1949,13,351.99,29.64,421.67,134.29,0.5754,32.516
1949,14,69.58,150.0,180.7,397.31,0.8723,32.516
1949,11,458.04,85.25,535.66,346.09,0.8685,32.516
1950,7,350.43,88.4,441.24,310.43,0.8513,32.532
1950,12,43.05,85.57,157.15,222.86,0.6958,32.532
1950,13,351.75,29.64,421.42,135.28,0.6301,32.532
1950,14,70.04,149.85,180.72,397.43,0.869,32.532
1950,11,457.46,86.2,534.27,345.48,0.8718,32.532
1951,7,350.8,87.71,441.43,310.46,0.857,32.549
1951,12,43.26,85.56,156.91,222.38,0.6937,32.549
1951,13,351.93,29.64,421.17,135.46,0.5931,32.549
1951,14,70.26,149.85,180.39,397.37,0.8695,32.549
1951,11,457.42,86.61,533.64,344.96,0.8737,32.549
1952,7,351.28,86.66,441.79,310.41,0.8626,32.566
1952,12,43.06,85.53,157.12,223.09,0.6897,32.566
1952,13,352.18,29.64,420.88,135.38,0.5974,32.566
1952,14,70.66,149.9,180.26,397.28,0.8718,32.566
1952,11,457.58,86.51,533.32,344.41,0.8806,32.566
1953,7,351.73,86.21,441.9,310.32,0.8634,32.583
1953,12,42.89,85.5,157.24,223.67,0.6984,32.583
1953,13,352.57,29.63,420.63,135.11,0.6088,32.583
1953,14,70.94,150.02,180.1,397.4,0.8715,32.583
1953,11,457.64,86.4,533.09,344.59,0.8869,32.583
1954,7,352.59,86.91,442.07,310.54,0.8557,32.599
1954,12,43.11,85.49,157.08,223.43,0.6984,32.599
1954,13,352.77,29.65,420.42,135.22,0.6283,32.599
1954,14,71.54,150.55,180.03,397.3,0.867,32.599
1954,11,457.78,86.26,532.68,343.78,0.8809,32.599
1955,7,353.3,87.07,442.67,311.34,0.8576,32.616
1955,12,42.88,85.48,157.23,224.25,0.7071,32.616
1955,13,352.91,29.67,420.25,135.52,0.6505,32.616
1955,14,72.04,150.27,180.42,397.35,0.8708,32.616
1955,11,458.07,86.85,532.15,342.48,0.8784,32.616
1956,7,353.97,86.43,443.32,311.64,0.8602,32.633
1956,12,42.66,85.47,157.55,225.41,0.7007,32.633
1956,13,353.04,29.68,419.9,135.45,0.6669,32.633
1956,14,72.42,150.17,180.62,397.21,0.8711,32.633
1956,11,458.19,87.73,531.76,342.43,0.8752,32.633
1957,7,354.67,86.21,443.71,311.43,0.8611,32.649
1957,12,42.42,85.41,157.59,226.37,0.6985,32.649
1957,13,353.09,29.69,419.83,135.95,0.6798,32.649
1957,14,72.98,150.53,180.82,396.83,0.8672,32.649
1957,11,459.11,85.98,532.51,341.18,0.8687,32.649
1958,7,355.64,86.57,444.31,311.51,0.853,32.666
1958,12,42.36,85.4,157.26,226.7,0.7027,32.666
1958,13,353.16,29.7,419.55,136.05,0.6906,32.666
1958,14,73.21,150.53,180.95,396.55,0.8666,32.666
1958,11,459.57,85.39,532.6,340.27,0.8767,32.666
1959,7,356.34,86.4,444.8,311.52,0.8526,32.683
1959,12,42.66,85.4,156.47,225.89,0.6989,32.683
1959,13,353.17,29.7,419.33,136.32,0.6806,32.683
1959,14,73.39,150.38,181.36,396.65,0.8689,32.683
1959,11,459.29,84.84,532.29,340.56,0.8662,32.683
1960,7,357.13,86.12,445.31,311.38,0.8507,32.699
1960,12,42.85,85.31,155.77,225.24,0.6957,32.699
1960,13,353.32,29.67,419.15,136.37,0.6683,32.699
1960,14,73.7,150.61,181.74,396.54,0.8726,32.699
1960,11,459.35,84.9,531.78,339.36,0.8543,32.699
1961,7,357.78,86.09,445.63,311.3,0.8539,32.716
1961,12,42.75,85.22,155.19,225.27,0.6878,32.716
1961,13,353.51,29.67,419.1,136.53,0.6821,32.716
1961,14,73.91,150.92,182.04,396.54,0.86,32.716
1961,11,459.48,84.23,531.26,336.79,0.8535,32.716
1962,7,358.59,86.34,445.98,311.05,0.848,32.733
1962,12,42.61,85.18,154.7,225.52,0.6857,32.733
1962,13,353.68,29.67,419.03,136.69,0.6812,32.733
1962,14,74.58,150.94,183.14,396.55,0.864,32.733
1962,11,459.25,83.46,531.25,337.55,0.8489,32.733
1963,7,359.27,86.64,446.27,310.96,0.841,32.749
1963,12,42.76,85.18,153.45,224.43,0.6872,32.749
1963,13,353.63,29.67,419.04,137.32,0.6891,32.749
1963,14,75.47,151.7,184.34,396.37,0.8708,32.749
1963,11,458.91,82.76,530.74,336.74,0.8605,32.749
1964,7,359.84,87.21,446.15,310.63,0.8361,32.766
1964,12,42.65,85.16,152.93,224.72,0.6868,32.766
1964,13,353.72,29.65,418.92,137.53,0.6857,32.766
1964,14,75.85,152.14,185.49,396.98,0.8734,32.766
1964,11,458.74,82.3,530.25,335.29,0.8459,32.766
1965,7,360.56,87.25,446.46,310.57,0.8328,32.783
1965,12,42.74,85.45,152.38,225.24,0.7167,32.783
1965,13,353.9,29.68,418.88,137.76,0.6967,32.783
1965,14,76.13,152.41,186.48,397.35,0.8704,32.783
1965,11,458.86,81.61,529.99,333.43,0.8486,32.783
1966,7,361.26,86.9,446.86,310.42,0.8339,32.799
1966,12,42.99,85.56,151.92,225.37,0.7094,32.799
1966,13,354.15,29.7,419.02,138.09,0.7066,32.799
1966,14,76.31,152.41,187.28,397.19,0.8687,32.799
1966,11,458.96,81.19,529.53,330.83,0.85,32.799
1967,7,361.79,85.99,447.3,310.37,0.8354,32.816
1967,12,43.08,85.6,151.44,225.62,0.7222,32.816
1967,13,354.28,29.71,419.01,138.38,0.6873,32.816
1967,14,76.69,152.35,188.49,397.26,0.8708,32.816
1967,11,458.69,80.83,528.83,328.5,0.8513,32.816
1968,7,362.6,85.77,447.68,310.0,0.8338,32.833
1968,12,43.8,85.63,150.66,224.46,0.7309,32.833
1968,13,354.45,29.71,419.0,138.59,0.6865,32.833
1968,14,76.79,152.4,189.36,397.26,0.876,32.833
1968,11,458.57,80.68,528.13,325.35,0.8539,32.833
1969,7,363.35,85.73,448.12,310.16,0.8297,32.849
1969,12,44.01,85.63,150.2,224.37,0.7189,32.849
1969,13,354.53,29.75,418.99,138.95,0.6873,32.849
1969,14,76.97,152.56,190.15,396.94,0.8741,32.849
1969,11,458.02,79.86,527.66,323.54,0.8481,32.849
1970,7,364.09,85.97,448.39,310.04,0.8245,32.866
1970,12,44.41,85.63,149.7,223.85,0.7296,32.866
1970,13,354.73,29.83,418.94,138.93,0.7094,32.866
1970,14,77.23,152.65,191.2,396.87,0.8745,32.866
1970,11,458.22,80.23,526.93,319.2,0.8519,32.866
1971,7,364.6,85.93,448.58,310.02,0.8078,32.883
1971,12,44.62,85.64,149.18,223.52,0.7308,32.883
1971,13,354.7,29.86,418.79,139.1,0.6931,32.883
1971,14,77.52,152.66,192.41,396.82,0.8751,32.883
1971,11,457.78,80.39,526.35,317.44,0.8536,32.883
1972,7,364.87,85.25,448.74,309.99,0.8062,32.9
1972,12,45.38,85.62,148.16,221.44,0.7432,32.9
1972,13,354.7,29.92,418.8,139.57,0.693,32.9
1972,14,77.09,152.75,192.83,396.83,0.8774,32.9
1972,11,456.75,79.81,525.57,316.36,0.8557,32.9
1973,7,365.54,85.0,449.2,309.97,0.8064,32.916
1973,12,45.63,85.66,147.83,221.06,0.7396,32.916
1973,13,354.72,29.99,418.81,140.0,0.7017,32.916
1973,14,77.01,152.82,193.59,396.54,0.875,32.916
1973,11,456.4,79.07,525.51,315.29,0.8534,32.916
1974,7,366.17,84.84,449.51,309.9,0.8216,32.933
1974,12,45.97,85.67,147.47,220.34,0.7539,32.933
1974,13,354.79,30.03,418.72,140.13,0.7108,32.933
1974,14,77.23,152.89,194.72,396.29,0.8731,32.933
1974,11,455.98,78.74,525.4,314.73,0.8539,32.933
1975,7,366.57,84.47,449.61,309.8,0.8268,32.95
1975,12,46.43,85.67,147.06,219.28,0.7589,32.95
1975,13,354.63,30.05,418.46,140.4,0.7,32.95
1975,14,76.88,152.84,195.28,396.14,0.8638,32.95
1975,11,455.5,78.74,525.15,314.36,0.8561,32.95
1976,7,367.28,84.71,449.9,309.73,0.8265,32.966
1976,12,46.13,85.71,147.35,220.41,0.7518,32.966
1976,13,354.69,30.11,418.37,140.58,0.7094,32.966
1976,14,76.84,152.76,196.06,395.72,0.8624,32.966
1976,11,455.07,78.52,524.97,313.99,0.8563,32.966
1977,7,367.89,84.42,450.29,309.67,0.8345,32.983
1977,12,46.59,85.74,146.97,219.39,0.7685,32.983
1977,13,354.79,30.1,418.48,141.12,0.7221,32.983
1977,14,77.41,151.98,198.02,395.74,0.8606,32.983
1977,11,454.67,78.34,524.81,313.82,0.8629,32.983
1978,7,368.38,84.92,450.25,309.62,0.8335,33.0
1978,12,46.91,85.75,146.77,218.72,0.7742,33.0
1978,13,354.81,30.09,418.5,141.65,0.7236,33.0
1978,14,77.59,151.55,199.5,395.92,0.8627,33.0
1978,11,454.36,78.22,524.68,313.63,0.8598,33.0
1979,7,369.49,85.61,450.93,309.59,0.8449,33.016
1979,12,47.3,85.76,146.43,217.65,0.7785,33.016
1979,13,354.75,30.1,418.53,142.39,0.7246,33.016
1979,14,77.4,151.38,200.4,396.07,0.8701,33.016
1979,11,453.93,78.07,524.47,313.66,0.8528,33.016
1980,7,370.39,86.16,451.3,309.35,0.8521,33.033
1980,12,47.28,85.75,146.66,217.94,0.7659,33.033
1980,13,354.77,30.1,418.48,142.78,0.7279,33.033
1980,14,77.35,151.39,201.44,396.5,0.8745,33.033
1980,11,453.64,77.92,524.38,313.7,0.8548,33.033
1981,7,371.35,87.54,451.4,309.09,0.8472,33.05
1981,12,46.88,85.74,147.19,219.29,0.7382,33.05
1981,13,354.78,30.13,418.41,143.19,0.7299,33.05
1981,14,77.04,151.41,202.11,396.56,0.8741,33.05
1981,11,453.45,77.93,524.34,313.83,0.8622,33.05
1982,7,372.07,88.09,451.6,309.02,0.854,33.066
1982,12,46.57,85.73,147.67,220.55,0.7076,33.066
1982,13,354.79,30.13,418.32,143.5,0.7372,33.066
1982,14,77.09,151.7,202.97,396.6,0.8746,33.066
1982,11,453.24,77.84,524.23,313.74,0.8657,33.066
1983,7,372.68,88.53,451.71,308.94,0.8559,33.083
1983,12,46.53,85.74,147.67,220.82,0.7002,33.083
1983,13,354.69,30.13,418.31,144.2,0.7364,33.083
1983,14,76.63,151.45,203.43,396.49,0.866,33.083
1983,11,452.92,77.94,523.94,313.76,0.8692,33.083
1984,7,373.08,87.89,451.97,308.91,0.8514,33.1
1984,12,46.48,85.75,147.65,221.07,0.7076,33.1
1984,13,354.64,30.16,418.32,144.86,0.7386,33.1
1984,14,76.42,151.2,204.06,396.43,0.8686,33.1
1984,11,452.58,77.91,523.6,313.55,0.8708,33.1
1985,7,373.2,86.75,452.01,308.91,0.8526,33.116
1985,12,45.87,85.77,148.53,223.57,0.6931,33.116
1985,13,354.86,30.19,418.31,145.03,0.7314,33.116
1985,14,76.42,150.92,204.73,396.0,0.87,33.116
1985,11,452.35,78.03,523.37,313.38,0.8673,33.116
1986,7,373.73,86.92,452.11,308.97,0.8477,33.133
1986,12,46.06,85.77,148.2,223.2,0.731,33.133
1986,13,355.02,30.2,418.23,145.1,0.7329,33.133
1986,14,76.55,151.01,205.37,395.61,0.8698,33.133
1986,11,452.0,78.21,522.98,313.33,0.8706,33.133
1987,7,374.16,86.64,452.17,308.91,0.8498,33.15
1987,12,45.9,85.75,147.98,223.53,0.6647,33.15
1987,13,355.13,30.22,418.16,145.27,0.7334,33.15
1987,14,76.77,151.05,205.86,394.62,0.8636,33.15
1987,11,451.72,78.35,522.7,313.31,0.8697,33.15
1988,7,374.6,86.46,452.16,308.82,0.8487,33.166
1988,12,45.08,85.73,148.86,226.62,0.6836,33.166
1988,13,355.36,30.23,418.1,145.17,0.7317,33.166
1988,14,77.07,150.9,206.36,393.63,0.8605,33.166
1988,11,451.58,78.39,522.58,313.16,0.8654,33.166
1989,7,375.0,84.37,452.77,308.99,0.849,33.183
1989,12,44.19,85.78,149.96,230.46,0.7272,33.183
1989,13,355.43,30.21,418.0,145.13,0.7318,33.183
1989,14,77.94,150.81,207.43,393.04,0.8483,33.183
1989,11,452.73,79.69,522.26,309.23,0.8603,33.183
1990,7,375.93,83.54,453.37,309.06,0.8414,33.2
1990,12,44.54,85.79,149.49,230.12,0.7284,33.2
1990,13,355.5,30.2,417.88,145.0,0.733,33.2
1990,14,78.46,151.1,208.2,392.73,0.8483,33.2
1990,11,451.39,79.1,521.86,311.56,0.8584,33.2
1991,7,376.81,86.12,452.87,308.69,0.836,33.217
1991,12,44.17,85.55,149.74,231.7,0.6971,33.217
1991,13,355.49,30.1,417.91,145.25,0.7322,33.217
1991,14,79.92,151.32,209.63,391.5,0.8559,33.217
1991,11,450.73,78.85,521.56,312.33,0.8579,33.217
1992,7,377.28,87.3,452.51,308.41,0.8395,33.233
1992,12,43.85,85.44,149.91,233.37,0.6232,33.233
1992,13,355.5,30.15,417.85,145.38,0.7258,33.233
1992,14,80.29,151.72,210.19,391.01,0.8605,33.233
1992,11,450.06,78.65,520.97,312.39,0.8515,33.233
1993,7,377.57,86.64,452.59,308.29,0.8367,33.25
1993,12,43.71,85.32,149.6,234.14,0.6421,33.25
1993,13,355.45,30.1,417.85,145.64,0.7361,33.25
1993,14,80.81,151.6,210.19,388.65,0.8579,33.25
1993,11,451.22,78.84,521.15,309.33,0.8496,33.25
1994,7,377.94,87.1,452.51,308.21,0.8312,33.267
1994,12,44.3,85.28,148.93,233.18,0.6908,33.267
1994,13,355.39,30.08,417.87,146.04,0.7411,33.267
1994,14,81.5,151.34,210.47,385.91,0.8543,33.267
1994,11,451.54,79.25,520.94,307.96,0.8591,33.267
1995,7,378.31,87.63,452.44,308.19,0.8231,33.283
1995,12,44.22,85.23,148.68,233.89,0.6332,33.283
1995,13,355.33,30.02,417.94,146.48,0.7302,33.283
1995,14,82.25,151.26,210.78,382.98,0.864,33.283
1995,11,451.39,77.34,520.61,305.56,0.857,33.283
1996,7,378.61,88.1,452.29,308.12,0.8212,33.3
1996,12,44.41,85.21,148.57,234.39,0.6075,33.3
1996,13,355.3,30.02,417.97,146.91,0.7348,33.3
1996,14,82.44,151.16,211.52,382.14,0.8601,33.3
1996,11,450.9,77.47,520.39,306.81,0.8628,33.3
1997,7,378.83,87.39,452.39,308.03,0.8239,33.317
1997,12,44.56,85.19,148.57,235.06,0.6178,33.317
1997,13,355.32,30.03,418.15,147.63,0.7395,33.317
1997,14,82.5,151.18,212.0,381.37,0.8644,33.317
1997,11,450.38,76.87,520.24,307.79,0.8689,33.317
1998,7,379.04,86.96,452.42,307.97,0.8239,33.333
1998,12,44.8,85.17,147.96,234.61,0.6652,33.333
1998,13,355.33,30.05,418.2,148.12,0.7429,33.333
1998,14,82.47,151.36,212.34,380.68,0.8581,33.333
1998,11,449.94,76.77,519.92,308.48,0.8704,33.333
1999,7,378.92,86.53,452.22,308.01,0.8231,33.35
1999,12,44.94,85.13,147.34,234.23,0.6517,33.35
1999,13,355.4,30.08,418.22,148.48,0.7438,33.35
1999,14,83.03,150.86,213.29,379.35,0.8515,33.35
1999,11,449.53,76.98,519.41,308.71,0.8748,33.35
2000,7,379.1,86.82,452.07,308.09,0.8242,33.367
2000,12,45.13,85.11,147.33,234.65,0.6803,33.367
2000,13,355.55,30.03,418.29,148.7,0.7483,33.367
2000,14,83.21,150.57,214.66,380.0,0.8604,33.367
2000,11,449.18,76.65,519.04,308.7,0.873,33.367
2001,7,379.7,87.49,452.16,308.18,0.8259,33.383
2001,12,45.15,85.04,147.27,235.23,0.6122,33.383
2001,13,355.61,30.03,418.32,149.12,0.7441,33.383
2001,14,84.25,150.13,214.35,375.36,0.855,33.383
2001,11,448.87,76.54,518.79,309.26,0.8695,33.383
2002,7,380.04,87.94,452.05,308.23,0.8252,33.4
2002,12,45.11,85.04,146.93,235.58,0.6449,33.4
2002,13,355.68,30.02,418.29,149.37,0.7423,33.4
2002,14,85.76,149.57,216.02,372.9,0.8449,33.4
2002,11,448.74,76.26,518.41,308.53,0.8747,33.4
2003,7,379.69,84.45,452.34,308.94,0.8224,33.417
2003,12,44.99,85.03,146.49,235.97,0.6642,33.417
2003,13,355.7,29.96,418.34,149.88,0.7445,33.417
2003,14,86.99,148.97,217.52,370.54,0.8595,33.417
2003,11,447.27,75.42,517.78,310.67,0.8754,33.417
2004,7,380.33,87.7,451.45,308.43,0.8225,33.433
2004,12,45.17,85.07,146.17,235.96,0.7092,33.433
2004,13,355.78,29.95,418.31,150.1,0.7444,33.433
2004,14,87.92,148.81,218.49,368.45,0.8604,33.433
2004,11,446.44,75.09,517.22,311.33,0.8727,33.433
2005,7,380.09,85.42,451.49,308.97,0.8259,33.45
2005,12,45.04,85.04,146.04,236.74,0.6925,33.45
2005,13,355.86,29.98,418.37,150.62,0.7472,33.45
2005,14,88.24,148.12,220.01,367.97,0.8676,33.45
2005,11,445.97,74.94,516.81,311.44,0.8788,33.45
2006,7,380.17,85.26,451.14,309.12,0.8253,33.467
2006,12,44.92,84.97,145.95,237.52,0.7071,33.467
2006,13,355.93,30.05,418.4,151.13,0.7454,33.467
2006,14,88.34,147.67,221.34,367.96,0.8713,33.467
2006,11,445.58,75.18,516.28,311.28,0.8857,33.467
2007,7,380.24,84.22,451.0,309.1,0.8308,33.483
2007,12,44.69,84.95,145.7,238.35,0.6509,33.483
2007,13,356.45,30.29,418.21,150.55,0.7553,33.483
2007,14,88.51,147.59,222.09,367.26,0.8452,33.483
2007,11,444.95,74.98,515.56,310.5,0.8925,33.483
2008,7,380.17,83.31,450.7,309.08,0.8345,33.5
2008,12,44.91,84.94,145.43,238.34,0.6019,33.5
2008,13,356.78,30.51,418.04,150.28,0.7569,33.5
2008,14,89.69,147.81,224.01,366.7,0.8345,33.5
2008,11,444.35,74.78,514.9,309.91,0.8847,33.5
2009,7,380.33,83.34,450.38,308.99,0.8301,33.517
2009,12,44.92,84.96,144.84,238.18,0.6762,33.517
2009,13,356.87,30.59,417.88,150.27,0.7555,33.517
2009,14,91.33,147.63,227.26,366.82,0.8554,33.517
2009,11,443.34,74.21,514.16,309.63,0.8744,33.517
2010,7,380.43,83.28,450.08,308.95,0.829,33.534
2010,12,45.0,84.98,144.41,238.16,0.6621,33.534
2010,13,356.82,30.61,417.77,150.56,0.7606,33.534
2010,14,91.61,147.18,228.83,366.56,0.8604,33.534
2010,11,442.51,73.82,513.53,309.38,0.8654,33.534
2011,7,380.53,83.46,449.75,308.88,0.8256,33.55
2011,12,45.01,84.99,144.25,238.63,0.7419,33.55
2011,13,356.88,30.74,417.57,150.43,0.7532,33.55
2011,14,91.65,146.84,230.35,367.11,0.884,33.55
2011,11,441.76,73.08,513.05,309.1,0.8721,33.55
2012,7,380.61,83.52,449.45,308.73,0.8213,33.567
2012,12,44.79,84.99,144.25,239.79,0.7321,33.567
2012,13,356.96,30.82,417.55,150.63,0.7542,33.567
2012,14,92.82,146.83,232.76,367.44,0.8715,33.567
2012,11,441.29,73.08,512.67,308.82,0.8773,33.567
2013,7,380.41,85.11,448.63,309.16,0.8238,33.584
2013,12,44.9,84.99,144.0,239.97,0.7641,33.584
2013,13,357.02,30.86,417.5,150.71,0.7547,33.584
2013,14,93.15,146.84,234.2,367.57,0.8583,33.584
2013,11,441.03,72.93,512.55,308.69,0.8798,33.584
2014,7,380.51,85.9,448.29,309.33,0.8221,33.6
2014,12,44.7,85.12,143.83,240.91,0.7964,33.6
2014,13,357.14,30.87,417.34,150.43,0.7505,33.6
2014,14,93.88,146.74,236.38,367.97,0.863,33.6
2014,11,440.66,73.86,511.72,306.72,0.8754,33.6
2015,7,380.49,85.88,448.01,309.28,0.8229,33.617
2015,12,45.23,85.54,143.75,240.98,0.7723,33.617
2015,13,357.35,30.94,417.68,151.15,0.7522,33.617
2015,14,94.67,146.41,238.07,367.2,0.8754,33.617
2015,11,441.18,72.16,511.24,300.51,0.8717,33.617
2016,7,380.91,84.55,448.37,308.46,0.8235,33.634
2016,12,45.71,85.7,143.67,240.74,0.7538,33.634
2016,13,357.37,30.86,417.54,151.04,0.7559,33.634
2016,14,94.89,146.48,239.26,367.11,0.8691,33.634
2016,11,441.22,71.59,510.53,296.19,0.8712,33.634
2017,7,380.86,85.53,447.84,308.7,0.8203,33.65
2017,12,45.23,85.46,144.09,242.58,0.7341,33.65
2017,13,357.39,30.83,417.51,151.22,0.7544,33.65
2017,14,94.89,146.44,239.91,366.5,0.8714,33.65
2017,11,440.56,70.54,510.07,294.74,0.8727,33.65
2018,7,380.7,85.38,447.47,308.74,0.8198,33.667
2018,12,45.76,85.77,143.79,241.96,0.7237,33.667
2018,13,357.51,30.8,417.68,151.64,0.7474,33.667
2018,14,94.82,146.38,240.71,366.37,0.8671,33.667
2018,11,440.37,71.31,509.63,293.76,0.8717,33.667
2019,7,381.11,83.82,447.85,307.92,0.8209,33.684
2019,12,46.11,85.85,143.54,241.39,0.5101,33.684
2019,13,357.69,30.74,417.82,151.89,0.7488,33.684
2019,14,95.26,145.58,241.99,365.55,0.828,33.684
2019,11,440.54,75.64,508.44,292.01,0.8786,33.684
2020,7,380.88,84.83,447.29,308.62,0.8201,33.7
2020,12,46.34,85.89,143.16,240.72,0.587,33.7
2020,13,357.83,30.72,417.82,151.92,0.7508,33.7
2020,14,94.85,145.22,242.63,365.63,0.8326,33.7
2020,11,440.25,77.07,507.9,291.07,0.8789,33.7
2021,7,380.78,84.81,447.0,308.79,0.8205,33.717
2021,12,46.38,85.91,142.85,240.43,0.6386,33.717
2021,13,357.98,30.57,417.63,151.52,0.7584,33.717
2021,14,94.49,146.19,243.09,366.71,0.8385,33.717
2021,11,439.34,76.32,507.63,291.02,0.8819,33.717
2022,7,380.84,85.2,446.71,308.72,0.8182,33.734
2022,12,46.42,85.89,142.87,240.58,0.567,33.734
2022,13,358.0,30.46,417.51,151.53,0.7564,33.734
2022,14,94.36,146.52,243.48,367.1,0.8304,33.734
2022,11,438.55,74.21,507.6,290.31,0.874,33.734
2023,7,381.26,85.76,446.71,308.75,0.8127,33.75
2023,12,46.46,85.86,143.04,240.99,0.3986,33.75
2023,13,357.76,30.6,417.14,151.61,0.7508,33.75
2023,14,94.8,146.85,244.81,367.81,0.8231,33.75
2023,11,438.15,73.78,507.37,289.26,0.8822,33.75
2024,7,381.2,84.66,446.74,308.93,0.8139,33.767
2024,12,46.35,85.86,143.14,241.61,0.49,33.767
2024,13,357.91,30.63,417.32,151.93,0.7527,33.767
2024,14,94.84,146.95,245.13,367.55,0.8318,33.767
2024,11,437.62,74.25,507.15,289.78,0.8763,33.767
2025,7,381.05,84.3,446.53,309.07,0.8125,33.784
2025,12,44.04,84.69,145.28,248.68,0.444,33.784
2025,13,358.04,30.63,417.4,152.08,0.7537,33.784
2025,14,95.28,146.89,246.01,367.59,0.8338,33.784
2025,11,436.45,71.3,507.14,290.34,0.8733,33.784
2026,7,381.51,83.91,446.73,308.91,0.8093,33.8
2026,12,43.04,85.16,146.19,253.66,0.6299,33.8
2026,13,357.93,30.63,417.27,152.22,0.7614,33.8
2026,14,95.7,146.76,246.88,367.9,0.8365,33.8
2026,11,436.13,69.99,507.13,289.86,0.8724,33.8
2027,7,381.87,83.65,446.81,308.74,0.8167,33.817
2027,12,43.88,85.3,145.92,252.76,0.7022,33.817
2027,13,357.71,30.62,417.09,152.4,0.7573,33.817
2027,14,95.24,146.51,247.17,368.51,0.8539,33.817
2027,11,435.83,69.37,506.79,289.08,0.8753,33.817
2028,7,381.95,83.3,446.7,308.65,0.818,33.834
2028,12,44.14,85.33,145.8,253.02,0.6854,33.834
2028,13,357.66,30.62,416.98,152.34,0.7587,33.834
2028,14,95.37,146.32,247.87,369.06,0.8533,33.834
2028,11,435.65,69.49,506.5,288.92,0.8765,33.834
2029,7,382.15,83.89,446.53,308.67,0.8228,33.85
2029,12,44.2,85.31,145.8,253.8,0.6136,33.85
2029,13,357.65,30.61,416.92,152.32,0.7515,33.85
2029,14,95.61,146.27,248.01,368.83,0.8459,33.85
2029,11,435.44,69.15,506.13,288.17,0.8855,33.85
2030,7,382.26,83.89,446.39,308.47,0.8203,33.867
2030,12,43.88,85.29,146.31,256.23,0.637,33.867
2030,13,357.55,30.58,416.9,152.47,0.7456,33.867
2030,14,96.23,146.19,248.24,368.33,0.8516,33.867
2030,11,435.52,69.25,506.02,287.75,0.8815,33.867
2031,7,382.46,84.13,446.38,308.57,0.8287,33.884
2031,12,44.07,85.27,146.68,257.38,0.5436,33.884
2031,13,357.46,30.58,416.91,152.72,0.7549,33.884
2031,14,96.74,146.19,248.32,367.65,0.8559,33.884
2031,11,435.94,69.95,506.0,286.97,0.8772,33.884
2032,7,382.61,84.22,446.38,308.7,0.8274,33.901
2032,12,44.1,85.24,147.09,258.89,0.6569,33.901
2032,13,357.45,30.57,416.9,152.74,0.7555,33.901
2032,14,96.98,146.12,248.34,367.33,0.8597,33.901
2032,11,435.9,70.27,505.72,286.59,0.8744,33.901
2033,7,383.13,84.45,446.66,308.77,0.8278,33.917
2033,12,44.84,85.26,146.88,257.77,0.7646,33.917
2033,13,357.38,30.57,416.86,152.79,0.7568,33.917
2033,14,97.12,146.06,248.4,367.19,0.8645,33.917
2033,11,435.93,70.2,505.41,285.67,0.8742,33.917
2034,7,383.61,84.69,446.91,308.98,0.8291,33.934
2034,12,44.81,85.29,147.01,258.7,0.7383,33.934
2034,13,357.31,30.53,416.68,152.54,0.7575,33.934
2034,14,97.85,145.87,248.86,366.87,0.8702,33.934
2034,11,436.06,70.55,505.05,284.61,0.875,33.934
2035,7,384.15,84.97,447.11,309.07,0.8327,33.951
2035,12,45.77,85.31,146.02,255.42,0.5664,33.951
2035,13,357.22,30.54,416.62,152.6,0.77,33.951
2035,14,98.38,145.71,249.0,366.34,0.8641,33.951
2035,11,436.07,71.08,504.55,283.71,0.879,33.951
2036,7,384.67,85.05,447.29,309.01,0.8319,33.967
2036,12,44.99,85.31,146.34,257.77,0.5536,33.967
2036,13,357.14,30.55,416.64,152.86,0.7715,33.967
2036,14,98.59,145.69,248.98,366.19,0.8617,33.967
2036,11,436.25,71.52,504.26,282.71,0.8793,33.967
2037,7,385.09,85.17,447.39,309.07,0.8308,33.984
2037,12,41.39,85.0,148.84,269.61,0.538,33.984
2037,13,357.0,30.57,416.77,153.57,0.7724,33.984
2037,14,98.93,145.66,249.16,366.24,0.8583,33.984
2037,11,436.34,71.8,504.06,282.12,0.8781,33.984
2038,7,385.52,85.25,447.44,308.94,0.8316,34.001
2038,12,40.56,84.88,149.42,273.48,0.5874,34.001
2038,13,356.79,30.59,416.91,154.51,0.7782,34.001
2038,14,99.7,145.44,249.18,365.31,0.8654,34.001
2038,11,436.43,71.48,504.06,281.68,0.8771,34.001
2039,7,386.27,84.96,447.22,305.84,0.835,34.017
2039,12,35.07,84.99,155.26,297.76,0.5807,34.017
2039,13,356.45,30.63,417.16,156.18,0.7942,34.017
2039,14,100.24,145.13,249.22,364.7,0.8641,34.017
2039,11,436.59,72.0,503.88,281.15,0.8744,34.017
2040,7,386.68,84.82,447.14,304.68,0.8344,34.034
2040,12,38.39,84.95,151.48,286.38,0.5807,34.034
2040,13,356.27,30.65,417.3,157.3,0.7954,34.034
2040,14,100.35,145.04,249.14,364.73,0.8648,34.034
2040,11,436.8,72.51,503.85,281.05,0.8702,34.034
2041,7,387.02,84.82,447.21,304.38,0.8356,34.051
2041,12,40.06,84.94,149.21,280.2,0.5681,34.051
2041,13,356.17,30.65,417.4,158.2,0.7984,34.051
2041,14,100.3,144.91,248.83,364.63,0.8566,34.051
2041,11,437.12,74.57,503.39,280.49,0.871,34.051
2042,7,387.22,85.12,447.13,304.16,0.8348,34.067
2042,12,40.79,85.0,148.28,278.17,0.5677,34.067
2042,13,356.12,30.66,417.42,158.83,0.8001,34.067
2042,14,100.55,144.89,248.55,364.21,0.8589,34.067
2042,11,437.6,76.43,503.16,279.9,0.8696,34.067
2043,7,387.16,85.07,447.03,304.09,0.8306,34.084
2043,12,33.34,85.06,154.18,306.52,0.5632,34.084
2043,13,356.18,30.66,417.32,158.9,0.8082,34.084
2043,14,100.99,144.71,248.47,363.67,0.8514,34.084
2043,11,437.95,77.32,503.29,280.01,0.868,34.084
2044,7,386.94,85.54,447.37,307.21,0.8298,34.101
2044,12,28.5,85.06,153.46,316.86,0.5812,34.101
2044,13,356.17,30.66,417.31,159.34,0.8049,34.101
2044,14,101.16,144.59,248.44,363.64,0.8506,34.101
2044,11,438.12,77.83,503.35,280.11,0.8661,34.101
2045,7,386.6,85.76,447.22,308.32,0.8264,34.117
2045,12,27.39,85.03,152.98,320.82,0.5816,34.117
2045,13,356.13,30.65,417.38,160.04,0.8042,34.117
2045,14,101.23,144.6,248.29,363.69,0.8503,34.117
2045,11,438.2,77.05,503.7,280.46,0.8647,34.117
2046,7,386.46,85.86,447.15,308.64,0.8292,34.134
2046,12,25.12,85.06,150.42,321.61,0.6622,34.134
2046,13,356.1,30.64,417.33,160.43,0.8037,34.134
2046,14,101.8,144.39,248.46,363.4,0.8511,34.134
2046,11,438.7,76.69,504.09,280.26,0.8627,34.134
2047,7,386.29,86.08,447.06,308.87,0.8355,34.151
2047,12,22.77,85.01,148.37,322.74,0.6865,34.151
2047,13,356.09,30.71,417.24,160.7,0.8018,34.151
2047,14,102.3,144.23,248.64,363.48,0.8528,34.151
2047,11,438.69,74.94,504.43,280.39,0.8631,34.151
2048,7,386.16,86.15,447.04,309.0,0.8354,34.167
2048,12,23.91,84.99,149.07,323.65,0.6581,34.167
2048,13,356.14,30.74,417.13,160.75,0.8001,34.167
2048,14,102.65,144.21,248.66,363.57,0.8551,34.167
2048,11,438.71,74.51,504.46,280.7,0.8625,34.167
2049,7,386.91,89.24,446.94,308.01,0.8393,34.184
2049,12,24.63,84.96,149.28,324.4,0.676,34.184
2049,13,356.17,30.76,417.05,160.86,0.7963,34.184
2049,14,103.1,144.29,248.68,363.56,0.854,34.184
2049,11,438.7,74.37,504.3,280.79,0.8644,34.184
2050,7,386.82,90.43,446.78,307.55,0.844,34.201
2050,12,23.7,85.06,148.18,325.24,0.7277,34.201
2050,13,356.18,30.81,416.88,160.74,0.7914,34.201
2050,14,103.55,144.15,248.4,362.89,0.8569,34.201
2050,11,438.77,73.9,504.25,280.73,0.8617,34.201
2051,7,386.68,90.95,446.9,307.7,0.8468,34.218
2051,12,21.24,85.14,146.83,327.73,0.775,34.218
2051,13,356.0,30.86,416.94,161.58,0.7858,34.218
2051,14,103.72,143.9,248.05,362.43,0.8575,34.218
2051,11,438.93,73.32,504.34,280.91,0.8626,34.218
2052,7,386.59,91.15,447.08,307.73,0.8442,34.234
2052,12,20.23,85.18,146.07,328.37,0.7808,34.234
2052,13,355.92,30.89,416.98,162.14,0.7858,34.234
2052,14,103.93,143.82,247.81,362.14,0.8579,34.234
2052,11,438.88,73.16,504.19,281.14,0.8655,34.234
2053,7,386.56,91.4,447.28,307.73,0.8436,34.251
2053,12,20.15,85.22,145.68,327.83,0.7761,34.251
2053,13,355.39,30.94,417.13,164.11,0.7822,34.251
2053,14,103.82,143.75,247.35,362.11,0.8545,34.251
2053,11,438.82,73.03,504.0,281.26,0.8644,34.251
2054,7,386.51,91.41,447.53,307.66,0.845,34.268
2054,12,20.64,85.32,146.67,329.72,0.7697,34.268
2054,13,355.15,30.95,417.19,165.22,0.783,34.268
2054,14,103.75,143.48,246.84,361.8,0.8508,34.268
2054,11,439.01,72.87,504.01,281.24,0.8621,34.268
2055,7,386.44,91.86,447.7,307.7,0.848,34.284
2055,12,21.09,85.33,147.31,330.97,0.768,34.284
2055,13,355.12,31.01,417.18,165.71,0.7872,34.284
2055,14,103.92,143.43,246.63,361.64,0.8504,34.284
2055,11,439.03,72.28,503.95,281.15,0.8636,34.284
2056,7,386.32,91.97,447.86,307.67,0.8471,34.301
2056,12,20.62,85.35,146.91,331.51,0.7887,34.301
2056,13,355.1,31.03,417.2,166.2,0.7873,34.301
2056,14,104.14,143.42,246.59,361.61,0.8517,34.301
2056,11,439.09,72.08,503.9,281.29,0.8634,34.301
2057,7,386.47,92.01,448.21,307.57,0.8475,34.318
2057,12,20.34,85.39,146.49,331.54,0.7986,34.318
2057,13,355.14,31.03,417.2,166.46,0.7883,34.318
2057,14,104.37,143.42,246.06,360.76,0.847,34.318
2057,11,439.22,72.11,503.77,281.29,0.8621,34.318
2058,7,386.44,91.71,448.49,307.51,0.8476,34.334
2058,12,19.98,85.35,146.45,332.4,0.7923,34.334
2058,13,355.17,31.09,417.1,166.5,0.7837,34.334
2058,14,104.39,143.38,245.85,360.77,0.8406,34.334
2058,11,439.23,72.36,503.46,281.27,0.859,34.334
2059,7,386.36,90.1,449.09,307.67,0.848,34.351
2059,12,19.83,85.35,146.26,332.47,0.8025,34.351
2059,13,355.36,31.14,416.96,166.0,0.7754,34.351
2059,14,104.63,143.37,245.7,360.48,0.8385,34.351
2059,11,439.37,72.77,503.22,281.01,0.8674,34.351
2060,7,386.36,89.28,449.5,307.72,0.8474,34.368
2060,12,19.66,85.35,145.93,332.13,0.7974,34.368
2060,13,355.42,31.16,416.9,165.94,0.7755,34.368
2060,14,104.79,143.35,245.55,360.29,0.8384,34.368
2060,11,439.44,72.91,503.05,280.86,0.8655,34.368
2061,7,386.33,89.02,449.65,307.75,0.8475,34.384
2061,12,19.72,85.35,145.9,332.01,0.7885,34.384
2061,13,355.58,31.17,416.76,165.38,0.7729,34.384
2061,14,104.56,143.34,245.05,360.29,0.8273,34.384
2061,11,439.55,73.07,502.88,280.58,0.8652,34.384
2062,7,386.25,88.58,449.89,307.72,0.8475,34.401
2062,12,19.94,85.41,145.84,331.73,0.7872,34.401
2062,13,356.32,31.16,416.05,161.77,0.7681,34.401
2062,14,103.9,143.23,243.62,359.82,0.7864,34.401
2062,11,439.62,73.45,502.63,280.31,0.8672,34.401
2063,7,386.25,88.38,450.22,307.82,0.8463,34.418
2063,12,20.36,85.43,145.59,330.51,0.7823,34.418
2063,13,356.81,31.15,415.57,159.11,0.7672,34.418
2063,14,104.04,143.17,243.64,360.11,0.8202,34.418
2063,11,439.45,73.37,502.35,280.28,0.869,34.418
2064,7,386.24,88.56,450.4,307.89,0.8458,34.434
2064,12,20.52,85.42,145.48,330.06,0.7752,34.434
2064,13,357.08,31.14,415.31,157.37,0.7665,34.434
2064,14,102.31,143.16,241.08,360.28,0.8001,34.434
2064,11,439.37,73.3,502.19,280.26,0.8702,34.434
2065,7,386.31,88.95,450.59,307.81,0.8463,34.451
2065,12,20.87,85.45,145.62,329.91,0.7762,34.451
2065,13,357.4,31.1,415.08,155.42,0.7698,34.451
2065,14,100.04,142.9,237.29,360.1,0.7785,34.451
2065,11,439.27,73.17,502.0,280.24,0.8707,34.451
2066,7,386.62,89.05,451.05,307.77,0.8522,34.468
2066,12,19.73,85.92,146.65,335.73,0.8459,34.468
2066,13,357.58,31.17,415.08,154.54,0.7809,34.468
2066,14,98.19,143.02,233.77,360.64,0.705,34.468
2066,11,439.23,72.7,501.59,279.36,0.8539,34.468
2067,7,386.85,88.8,451.45,307.59,0.854,34.484
2067,12,19.16,85.76,147.26,339.14,0.8481,34.484
2067,13,357.67,31.16,415.05,153.71,0.7838,34.484
2067,14,95.97,143.35,228.78,360.59,0.688,34.484
2067,11,439.14,72.39,501.33,279.08,0.8537,34.484
2068,7,387.0,88.66,451.73,307.36,0.8515,34.501
2068,12,19.09,85.68,147.25,340.33,0.8443,34.501
2068,13,357.62,31.15,415.11,153.44,0.7871,34.501
2068,14,99.14,143.28,230.95,360.83,0.7154,34.501
2068,11,439.17,72.09,501.18,278.89,0.8555,34.501
2069,7,387.09,88.48,452.03,307.35,0.8512,34.518
2069,12,19.21,85.65,147.3,341.32,0.8446,34.518
2069,13,357.48,31.15,415.25,153.6,0.7881,34.518
2069,14,100.8,143.34,231.59,360.98,0.7092,34.518
2069,11,439.14,72.03,500.97,278.91,0.854,34.518
2070,7,387.08,88.01,452.3,307.27,0.851,34.535
2070,12,19.84,85.59,146.94,340.09,0.834,34.535
2070,13,357.57,31.11,415.19,152.73,0.79,34.535
2070,14,101.51,143.48,230.71,360.25,0.7445,34.535
2070,11,439.14,71.58,500.85,278.83,0.8478,34.535
2071,7,387.18,87.96,452.54,307.19,0.8486,34.551
2071,12,20.22,85.57,146.76,339.74,0.8334,34.551
2071,13,357.55,31.09,415.22,152.35,0.7892,34.551
2071,14,99.83,143.76,226.86,359.91,0.7947,34.551
2071,11,439.13,71.29,500.67,278.84,0.8459,34.551
2072,7,387.3,88.11,452.74,307.05,0.8486,34.568
2072,12,20.57,85.59,146.52,339.27,0.8311,34.568
2072,13,357.47,31.08,415.3,152.25,0.7881,34.568
2072,14,100.47,143.65,226.24,360.07,0.8111,34.568
2072,11,439.07,71.15,500.53,279.35,0.8468,34.568
2073,7,387.29,86.9,453.33,307.4,0.8508,34.585
2073,12,20.9,85.61,146.26,338.61,0.8283,34.585
2073,13,357.42,31.08,415.37,152.09,0.787,34.585
2073,14,102.18,143.71,226.69,359.45,0.8218,34.585
2073,11,439.15,71.06,500.4,279.5,0.8445,34.585
2074,7,387.29,86.61,453.67,307.83,0.858,34.601
2074,12,21.15,85.64,145.89,337.95,0.8279,34.601
2074,13,357.29,31.08,415.41,152.11,0.7838,34.601
2074,14,101.41,143.98,224.36,359.46,0.8015,34.601
2074,11,439.27,70.47,500.34,279.31,0.8422,34.601
2075,7,387.36,86.57,454.01,308.2,0.8603,34.618
2075,12,20.74,85.47,145.94,339.54,0.8291,34.618
2075,13,357.09,31.08,415.62,152.78,0.7799,34.618
2075,14,101.09,144.05,223.26,360.63,0.7818,34.618
2075,11,439.51,70.28,500.26,279.05,0.8291,34.618
2076,7,387.37,86.51,454.11,308.02,0.8597,34.635
2076,12,20.81,85.41,145.92,339.98,0.8267,34.635
2076,13,356.97,31.08,415.73,153.1,0.7805,34.635
2076,14,100.69,143.92,221.77,361.4,0.7849,34.635
2076,11,439.68,70.18,500.09,278.56,0.8339,34.635
2077,7,387.46,86.56,454.37,308.12,0.8625,34.651
2077,12,21.16,85.39,145.93,339.71,0.8311,34.651
2077,13,356.94,31.09,415.77,153.08,0.7824,34.651
2077,14,97.86,143.72,216.71,361.75,0.8051,34.651
2077,11,439.97,70.35,499.94,278.1,0.8234,34.651
2078,7,387.54,86.77,454.58,308.27,0.8659,34.668
2078,12,21.31,85.3,145.9,339.7,0.8287,34.668
2078,13,356.72,31.09,416.02,154.07,0.7747,34.668
2078,14,97.29,143.51,214.05,362.35,0.8072,34.668
2078,11,440.18,70.23,499.71,277.04,0.8203,34.668
2079,7,387.51,87.19,454.69,308.61,0.8663,34.685
2079,12,20.88,85.26,145.91,341.22,0.8253,34.685
2079,13,356.52,31.07,416.22,155.0,0.7687,34.685
2079,14,99.07,143.37,214.39,363.04,0.7676,34.685
2079,11,440.1,69.8,499.35,276.03,0.7996,34.685
2080,7,387.52,87.31,454.82,308.59,0.8696,34.701
2080,12,20.98,85.24,145.87,341.41,0.8224,34.701
2080,13,356.47,31.06,416.26,155.29,0.7701,34.701
2080,14,100.26,143.38,214.55,364.18,0.7871,34.701
2080,11,440.16,69.73,499.18,275.46,0.8003,34.701
2081,7,387.57,87.54,454.88,308.31,0.872,34.718
2081,12,21.13,85.22,145.89,341.56,0.8276,34.718
2081,13,356.43,31.05,416.33,155.62,0.7705,34.718
2081,14,101.21,143.35,214.25,364.73,0.818,34.718
2081,11,440.18,69.41,499.08,275.08,0.791,34.718
2082,7,387.68,88.13,454.99,308.18,0.8772,34.735
2082,12,21.06,85.22,145.91,342.28,0.8353,34.735
2082,13,356.34,31.04,416.38,156.1,0.7658,34.735
2082,14,101.58,143.28,213.15,364.98,0.8089,34.735
2082,11,440.2,69.55,498.94,274.91,0.7926,34.735
2083,7,387.79,88.4,455.38,308.79,0.874,34.751
2083,12,20.92,85.19,145.7,342.58,0.835,34.751
2083,13,356.32,30.99,416.48,156.59,0.7643,34.751
2083,14,102.46,143.49,212.59,364.89,0.7985,34.751
2083,11,440.11,69.46,498.9,275.27,0.7954,34.751
2084,7,387.87,88.51,455.63,308.89,0.8764,34.768
2084,12,20.93,85.17,145.44,342.4,0.8326,34.768
2084,13,356.36,30.98,416.47,156.76,0.7652,34.768
2084,14,102.95,143.59,211.81,364.89,0.7987,34.768
2084,11,440.29,69.45,498.82,274.46,0.7824,34.768
2085,7,388.12,88.59,456.02,308.7,0.8825,34.785
2085,12,20.97,85.18,145.45,342.73,0.8377,34.785
2085,13,356.39,30.97,416.46,156.92,0.7678,34.785
2085,14,104.24,143.71,212.15,364.83,0.8041,34.785
2085,11,440.54,69.46,498.75,273.46,0.7856,34.785
2086,7,388.14,88.38,456.27,308.62,0.8833,34.801
2086,12,21.12,85.15,145.07,341.89,0.8298,34.801
2086,13,356.6,30.95,416.28,156.23,0.7701,34.801
2086,14,105.05,143.96,212.14,364.8,0.8142,34.801
2086,11,440.67,69.64,498.55,272.45,0.7857,34.801
2087,7,388.45,88.55,456.66,308.14,0.882,34.818
2087,12,21.39,85.17,144.89,341.16,0.8329,34.818
2087,13,356.74,30.95,416.21,155.9,0.7686,34.818
2087,14,105.56,144.43,211.91,364.7,0.8172,34.818
2087,11,440.86,69.36,498.54,271.34,0.7806,34.818
2088,7,388.61,88.56,457.02,307.87,0.8802,34.835
2088,12,21.6,85.19,144.68,340.49,0.8282,34.835
2088,13,356.81,30.96,416.16,155.77,0.7688,34.835
2088,14,105.27,144.58,210.9,364.67,0.8101,34.835
2088,11,441.12,69.26,498.61,270.54,0.7827,34.835
2089,7,388.82,88.57,457.38,307.32,0.8769,34.851
2089,12,21.71,85.17,144.62,340.29,0.8321,34.851
2089,13,356.64,30.98,416.16,156.25,0.7662,34.851
2089,14,105.6,144.65,210.69,364.58,0.8082,34.851
2089,11,441.05,68.68,498.56,269.91,0.759,34.851
2090,7,389.04,88.61,457.82,306.98,0.8809,34.868
2090,12,21.92,85.11,144.85,340.37,0.8288,34.868
2090,13,356.49,31.01,416.2,156.84,0.7683,34.868
2090,14,105.84,144.91,210.37,364.32,0.7949,34.868
2090,11,441.18,68.62,498.62,269.56,0.7754,34.868
2091,7,389.3,88.68,458.44,307.36,0.886,34.885
2091,12,21.95,85.06,144.8,340.21,0.8265,34.885
2091,13,356.35,31.02,416.12,157.16,0.7685,34.885
2091,14,103.9,144.82,207.57,364.34,0.8007,34.885
2091,11,441.12,68.15,498.58,269.06,0.7793,34.885
2092,7,389.41,88.74,458.62,306.79,0.8872,34.902
2092,12,22.08,85.04,144.69,339.66,0.8253,34.902
2092,13,356.33,31.02,416.08,157.31,0.7693,34.902
2092,14,103.07,144.76,205.76,364.22,0.8039,34.902
2092,11,441.25,67.78,498.34,267.01,0.7679,34.902
2093,7,389.6,88.7,459.02,306.49,0.8929,34.918
2093,12,22.06,85.0,144.67,339.64,0.8248,34.918
2093,13,356.21,31.01,416.17,157.96,0.7707,34.918
2093,14,102.75,144.75,204.41,364.08,0.8062,34.918
2093,11,441.48,67.77,498.12,264.87,0.7589,34.918
2094,7,389.76,88.76,459.32,306.25,0.8928,34.935
2094,12,22.08,84.9,144.58,339.3,0.8131,34.935
2094,13,356.19,30.99,416.03,157.91,0.7718,34.935
2094,14,103.54,144.74,204.41,363.71,0.8024,34.935
2094,11,441.71,67.81,498.12,263.67,0.7459,34.935
2095,7,389.93,88.98,459.9,306.9,0.8963,34.952
2095,12,21.99,84.87,144.19,338.61,0.8074,34.952
2095,13,356.0,30.95,416.12,158.75,0.7675,34.952
2095,14,104.1,144.88,204.48,363.85,0.8016,34.952
2095,11,441.73,66.67,498.36,263.24,0.7397,34.952
2096,7,390.04,89.03,460.3,307.01,0.8964,34.968
2096,12,21.82,84.84,144.18,338.94,0.8116,34.968
2096,13,355.69,30.67,416.19,159.69,0.7744,34.968
2096,14,104.85,144.94,204.91,363.95,0.799,34.968
2096,11,441.57,65.43,498.35,262.37,0.7533,34.968
2097,7,390.24,89.26,460.76,307.14,0.8964,34.985
2097,12,21.77,84.83,144.17,338.99,0.8081,34.985
2097,13,355.66,30.56,416.12,159.8,0.7691,34.985
2097,14,104.15,144.92,203.66,364.17,0.7965,34.985
2097,11,441.27,64.98,498.34,262.87,0.7494,34.985
2098,7,390.26,89.17,461.02,306.93,0.8907,35.002
2098,12,21.82,84.78,144.05,338.59,0.8056,35.002
2098,13,355.6,30.53,416.08,160.17,0.7675,35.002
2098,14,104.1,145.04,203.09,364.36,0.798,35.002
2098,11,441.17,64.86,498.25,262.6,0.7364,35.002
2099,7,390.34,89.35,461.34,306.91,0.8948,35.018
2099,12,21.67,84.72,144.05,338.93,0.8088,35.018
2099,13,355.48,30.49,416.19,160.96,0.7736,35.018
2099,14,104.96,145.1,203.7,364.31,0.797,35.018
2099,11,441.07,64.13,498.29,262.24,0.7481,35.018
2100,7,390.43,89.4,461.69,306.76,0.892,35.035
2100,12,21.66,84.68,144.05,339.0,0.8052,35.035
2100,13,355.48,30.48,416.2,161.3,0.7731,35.035
2100,14,104.97,145.11,203.41,364.32,0.797,35.035
2100,11,440.87,63.37,498.22,261.79,0.7569,35.035
2101,7,390.59,89.47,462.09,306.43,0.888,35.052
2101,12,21.8,84.67,144.02,338.69,0.7986,35.052
2101,13,355.49,30.48,416.21,161.61,0.7772,35.052
2101,14,105.46,145.12,203.74,364.15,0.8006,35.052
2101,11,440.73,62.71,498.11,261.17,0.7663,35.052
2102,7,390.63,89.48,462.35,306.0,0.8864,35.068
2102,12,21.95,84.62,144.02,338.38,0.7873,35.068
2102,13,355.69,30.73,416.1,161.42,0.7704,35.068
2102,14,105.33,145.15,203.64,364.49,0.7998,35.068
2102,11,440.67,62.74,497.95,260.63,0.7699,35.068
2103,7,390.4,89.39,462.63,306.58,0.8841,35.085
2103,12,21.94,84.52,144.17,338.83,0.7909,35.085
2103,13,355.81,30.53,416.28,161.66,0.7749,35.085
2103,14,105.11,145.16,203.92,365.97,0.8005,35.085
2103,11,440.17,61.72,497.7,260.4,0.7739,35.085
2104,7,390.24,89.23,462.83,306.7,0.8848,35.102
2104,12,22.09,84.48,144.36,339.14,0.7835,35.102
2104,13,355.92,30.45,416.32,161.7,0.7737,35.102
2104,14,104.87,145.14,203.73,366.58,0.7968,35.102
2104,11,439.95,61.33,497.63,260.47,0.7739,35.102
2105,7,390.13,89.16,463.05,306.82,0.8832,35.118
2105,12,22.32,84.48,144.37,338.9,0.7718,35.118
2105,13,355.98,30.41,416.36,161.88,0.7721,35.118
2105,14,104.73,145.13,203.85,367.6,0.7961,35.118
2105,11,439.76,60.88,497.5,260.29,0.7748,35.118
2106,7,390.04,89.14,463.15,306.63,0.8875,35.135
2106,12,22.31,84.39,144.46,339.35,0.784,35.135
2106,13,356.04,30.56,416.61,162.94,0.7705,35.135
2106,14,104.9,145.14,203.94,367.71,0.8029,35.135
2106,11,439.61,61.24,497.26,260.22,0.7725,35.135
2107,7,390.15,89.78,463.33,306.65,0.8904,35.152
2107,12,22.53,84.23,144.6,339.31,0.7809,35.152
2107,13,356.38,30.47,416.66,162.55,0.7665,35.152
2107,14,104.76,145.16,203.55,367.53,0.8029,35.152
2107,11,439.55,60.95,497.23,260.2,0.779,35.152
2108,7,390.06,89.73,463.55,306.82,0.8916,35.168
2108,12,23.15,84.17,145.02,339.38,0.7736,35.168
2108,13,356.61,30.43,416.63,162.26,0.7661,35.168
2108,14,104.72,145.18,203.36,367.43,0.8017,35.168
2108,11,439.66,60.48,497.43,260.25,0.7745,35.168
2109,7,389.95,89.78,463.7,307.04,0.8924,35.185
2109,12,23.35,84.13,145.08,339.6,0.7766,35.185
2109,13,356.85,30.48,416.65,162.19,0.7666,35.185
2109,14,104.28,145.18,202.65,367.37,0.803,35.185
2109,11,439.59,60.04,497.44,260.25,0.7565,35.185
2110,7,389.95,89.94,463.89,307.16,0.8914,35.202
2110,12,23.08,84.01,144.7,339.36,0.7908,35.202
2110,13,357.21,30.5,416.69,161.95,0.7623,35.202
2110,14,104.23,145.17,202.42,367.29,0.7995,35.202
2110,11,439.87,60.25,497.54,260.18,0.7487,35.202
2111,7,389.82,89.91,463.88,307.06,0.892,35.219
2111,12,24.41,83.9,146.09,340.45,0.7673,35.219
2111,13,357.24,30.55,416.71,162.55,0.7631,35.219
2111,14,104.48,145.21,202.64,367.46,0.7908,35.219
2111,11,440.02,60.48,497.48,259.98,0.7566,35.219
2112,7,389.72,89.93,463.86,307.01,0.8946,35.235
2112,12,24.84,83.88,146.28,340.76,0.7781,35.235
2112,13,357.34,30.6,416.7,162.92,0.7642,35.235
2112,14,104.45,145.21,202.54,367.47,0.7894,35.235
2112,11,440.3,61.35,497.36,259.96,0.7559,35.235
2113,7,389.59,89.55,463.91,306.89,0.8925,35.252
2113,12,27.25,83.93,147.87,341.04,0.7656,35.252
2113,13,357.44,30.62,416.56,162.94,0.7658,35.252
2113,14,104.53,145.25,202.52,367.39,0.7881,35.252
2113,11,440.41,62.29,497.02,259.94,0.7383,35.252
2114,7,389.58,89.79,463.82,306.72,0.8963,35.269
2114,12,30.33,83.92,149.88,341.7,0.7584,35.269
2114,13,357.44,30.69,416.41,163.16,0.7574,35.269
2114,14,104.8,145.32,202.8,367.25,0.7853,35.269
2114,11,440.24,62.42,496.61,259.84,0.7382,35.269
2115,7,389.44,89.77,463.66,306.56,0.8955,35.285
2115,12,33.95,83.99,151.42,340.85,0.7755,35.285
2115,13,357.63,30.86,416.27,163.13,0.7611,35.285
2115,14,105.1,145.47,203.25,367.39,0.7856,35.285
2115,11,440.33,64.19,496.11,259.91,0.7373,35.285
2116,7,389.38,90.03,463.5,306.47,0.8953,35.302
2116,12,35.98,84.03,151.8,340.72,0.7817,35.302
2116,13,358.0,30.9,416.3,163.02,0.7631,35.302
2116,14,105.35,145.54,203.68,367.46,0.7855,35.302
2116,11,440.34,64.36,495.89,259.93,0.7413,35.302
2117,7,389.23,89.91,463.37,306.54,0.8969,35.319
2117,12,37.35,84.04,151.74,340.87,0.7943,35.319
2117,13,358.82,31.13,416.57,162.78,0.7614,35.319
2117,14,105.63,145.59,204.21,367.5,0.7815,35.319
2117,11,440.32,63.54,495.82,259.92,0.7334,35.319
2118,7,389.17,90.19,463.2,306.62,0.8948,35.335
2118,12,38.56,84.03,151.32,340.05,0.7988,35.335
2118,13,358.87,31.25,416.57,163.53,0.7537,35.335
2118,14,105.37,145.71,204.21,367.89,0.7892,35.335
2118,11,440.31,63.61,495.51,259.91,0.7321,35.335
2119,7,389.19,90.52,463.05,306.59,0.8986,35.352
2119,12,39.38,84.04,151.0,340.07,0.8036,35.352
2119,13,359.1,31.33,416.1,162.5,0.7514,35.352
2119,14,105.42,145.83,204.55,368.11,0.7901,35.352
2119,11,439.95,60.99,495.14,258.7,0.7176,35.352
2120,7,389.16,90.5,462.92,306.46,0.8937,35.369
2120,12,39.94,84.02,150.54,340.05,0.8014,35.369
2120,13,359.67,31.36,415.36,159.6,0.7645,35.369
2120,14,105.28,145.87,204.59,368.17,0.7894,35.369
2120,11,440.01,61.71,494.86,259.43,0.7154,35.369
2121,7,389.05,90.29,462.98,307.05,0.8954,35.385
2121,12,40.49,84.05,150.03,339.76,0.8016,35.385
2121,13,359.85,31.31,415.15,158.84,0.7642,35.385
2121,14,105.17,145.87,204.7,368.11,0.7921,35.385
2121,11,439.67,59.77,494.77,259.64,0.7129,35.385
2122,7,389.07,90.45,462.9,307.24,0.8924,35.402
2122,12,40.97,84.14,149.57,339.59,0.8064,35.402
2122,13,360.32,31.34,414.74,156.79,0.7721,35.402
2122,14,104.84,145.95,204.65,368.36,0.7908,35.402
2122,11,439.7,60.41,494.31,259.72,0.7091,35.402
2123,7,389.04,90.42,462.82,307.45,0.8895,35.419
2123,12,41.43,84.18,149.23,339.57,0.8108,35.419
2123,13,360.53,31.32,414.42,155.42,0.7772,35.419
2123,14,104.5,146.0,204.6,368.71,0.7881,35.419
2123,11,439.41,59.7,493.83,259.8,0.7241,35.419
2124,7,388.96,90.41,462.71,307.74,0.8899,35.435
2124,12,41.73,84.23,148.94,339.99,0.8133,35.435
2124,13,360.72,31.34,414.15,154.14,0.7812,35.435
2124,14,104.31,146.02,204.66,368.93,0.7874,35.435
2124,11,439.36,59.66,493.41,259.87,0.7275,35.435
2125,7,388.88,90.39,462.73,308.43,0.8814,35.452
2125,12,42.09,84.17,147.85,337.98,0.8026,35.452
2125,13,360.92,31.53,414.02,153.41,0.7895,35.452
2125,14,104.13,146.22,204.27,368.44,0.8198,35.452
2125,11,438.9,59.53,492.1,257.99,0.7021,35.452
2126,7,388.58,89.94,462.64,309.2,0.8786,35.469
2126,12,42.29,84.07,147.11,336.95,0.8,35.469
2126,13,360.95,31.53,414.03,153.07,0.7925,35.469
2126,14,104.14,146.28,204.4,368.47,0.8202,35.469
2126,11,438.65,58.73,491.57,257.28,0.7188,35.469
2127,7,388.4,90.19,462.67,310.68,0.8779,35.485
2127,12,42.4,84.04,146.45,336.14,0.7999,35.485
2127,13,360.95,31.54,414.02,152.8,0.7908,35.485
2127,14,104.05,146.3,204.45,368.51,0.8197,35.485
2127,11,438.38,58.33,490.98,257.22,0.711,35.485
2128,7,388.12,90.51,462.59,312.34,0.8769,35.502
2128,12,42.49,84.08,146.02,335.8,0.8007,35.502
2128,13,360.97,31.55,414.05,152.57,0.7893,35.502
2128,14,103.88,146.3,204.37,368.55,0.8201,35.502
2128,11,438.33,58.39,490.59,257.31,0.7305,35.502
2129,7,387.91,90.49,462.45,313.27,0.8737,35.519
2129,12,42.72,83.98,145.44,334.47,0.7969,35.519
2129,13,360.95,31.68,413.69,151.65,0.7868,35.519
2129,14,103.91,146.3,204.39,368.18,0.8245,35.519
2129,11,437.97,58.42,489.87,257.37,0.7251,35.519
2130,7,387.67,90.67,462.16,313.95,0.8731,35.535
2130,12,42.66,83.92,145.1,334.51,0.7932,35.535
2130,13,360.92,31.81,413.53,151.23,0.7837,35.535
2130,14,103.74,146.3,204.43,368.42,0.8236,35.535
2130,11,437.78,58.59,489.3,257.38,0.7176,35.535
2131,7,387.77,91.5,461.87,314.06,0.8724,35.552
2131,12,42.66,83.88,144.94,334.68,0.7901,35.552
2131,13,360.9,31.85,413.51,150.99,0.7855,35.552
2131,14,103.69,146.29,204.51,368.49,0.8242,35.552
2131,11,437.21,58.65,488.45,257.44,0.7387,35.552
2132,7,387.81,91.82,461.61,313.83,0.8754,35.569
2132,12,42.73,83.9,144.82,334.7,0.7942,35.569
2132,13,360.94,31.87,413.47,150.53,0.7845,35.569
2132,14,103.61,146.3,204.53,368.54,0.8237,35.569
2132,11,436.8,58.73,487.73,257.49,0.7291,35.569
2133,7,387.77,92.25,461.33,313.85,0.875,35.586
2133,12,42.83,83.89,144.58,334.25,0.7935,35.586
2133,13,360.88,31.92,413.44,150.32,0.7854,35.586
2133,14,103.47,146.26,204.41,368.4,0.8219,35.586
2133,11,436.18,58.66,486.97,257.49,0.7221,35.586
2134,7,387.56,92.25,461.09,313.93,0.8754,35.602
2134,12,42.85,83.85,144.49,334.27,0.7954,35.602
2134,13,360.88,31.87,413.32,149.64,0.7808,35.602
2134,14,103.37,146.24,204.48,368.56,0.821,35.602
2134,11,435.78,58.72,486.47,257.47,0.7152,35.602
2135,7,387.34,92.12,460.82,314.01,0.8732,35.619
2135,12,42.88,83.82,144.4,334.23,0.7941,35.619
2135,13,360.82,31.86,413.29,149.38,0.7775,35.619
2135,14,103.32,146.23,204.53,368.61,0.8214,35.619
2135,11,435.58,58.72,486.19,257.57,0.7205,35.619
2136,7,387.22,92.09,460.55,313.73,0.8733,35.636
2136,12,42.84,83.86,144.2,334.14,0.7962,35.636
2136,13,360.96,31.73,413.57,149.21,0.7792,35.636
2136,14,103.3,146.24,204.58,368.6,0.8223,35.636
2136,11,435.4,58.68,485.95,257.54,0.707,35.636
2137,7,387.06,92.23,460.22,313.48,0.8735,35.652
2137,12,42.81,83.83,144.0,333.94,0.794,35.652
2137,13,360.93,31.59,413.7,149.09,0.7786,35.652
2137,14,103.16,146.24,204.47,368.5,0.8219,35.652
2137,11,435.14,58.73,485.6,257.49,0.7081,35.652
2138,7,386.91,92.32,460.12,313.91,0.8762,35.669
2138,12,42.99,83.72,143.84,333.04,0.7928,35.669
2138,13,360.8,31.41,413.8,149.1,0.7794,35.669
2138,14,103.19,146.26,204.62,368.55,0.8221,35.669
2138,11,435.03,58.94,485.27,257.22,0.7014,35.669
2139,7,386.81,92.65,459.99,314.36,0.877,35.686
2139,12,43.07,83.68,143.81,332.78,0.7938,35.686
2139,13,360.72,31.34,413.9,149.15,0.7782,35.686
2139,14,103.15,146.28,204.7,368.59,0.8213,35.686
2139,11,435.14,59.24,485.24,257.03,0.7003,35.686
2140,7,386.72,92.82,459.84,314.54,0.8739,35.702
2140,12,43.13,83.67,143.81,332.71,0.7964,35.702
2140,13,360.61,31.34,414.01,149.4,0.7812,35.702
2140,14,103.04,146.28,204.67,368.62,0.8191,35.702
2140,11,434.8,59.43,484.72,256.93,0.6658,35.702
2141,7,386.52,92.77,459.68,315.0,0.8776,35.719
2141,12,43.18,83.6,143.72,332.32,0.7972,35.719
2141,13,360.52,31.28,414.09,149.46,0.7831,35.719
2141,14,102.82,146.24,204.5,368.6,0.8177,35.719
2141,11,435.36,58.93,484.91,255.24,0.6749,35.719
2142,7,386.28,92.75,459.46,315.51,0.8725,35.736
2142,12,42.96,83.56,143.86,333.29,0.7915,35.736
2142,13,360.49,31.18,414.17,149.37,0.778,35.736
2142,14,102.86,146.26,204.64,368.68,0.8181,35.736
2142,11,435.54,59.0,484.78,254.26,0.6629,35.736
2143,7,386.29,92.9,459.29,315.48,0.878,35.752
2143,12,42.9,83.55,143.9,333.65,0.7921,35.752
2143,13,360.46,31.14,414.22,149.28,0.7786,35.752
2143,14,102.86,146.26,204.7,368.71,0.8181,35.752
2143,11,435.45,58.95,484.71,254.36,0.6612,35.752
2144,7,386.36,93.88,459.46,317.31,0.8681,35.769
2144,12,42.91,83.54,143.94,333.81,0.7933,35.769
2144,13,360.47,31.13,414.22,149.02,0.7768,35.769
2144,14,102.84,146.27,204.73,368.75,0.8166,35.769
2144,11,435.41,59.16,484.39,253.35,0.6619,35.769
2145,7,386.53,94.27,459.39,317.38,0.8699,35.786
2145,12,42.9,83.56,143.96,333.99,0.7926,35.786
2145,13,360.46,31.07,414.33,149.0,0.7724,35.786
2145,14,102.63,146.26,204.49,368.73,0.8143,35.786
2145,11,435.37,59.38,484.19,252.7,0.659,35.786
2146,7,386.47,94.64,459.55,318.87,0.8696,35.802
2146,12,43.07,83.53,143.84,333.15,0.7954,35.802
2146,13,360.55,31.04,414.47,148.79,0.7711,35.802
2146,14,102.41,146.25,204.08,368.49,0.806,35.802
2146,11,434.98,59.75,483.67,251.7,0.6745,35.802
2147,7,386.52,94.96,459.47,319.22,0.8728,35.819
2147,12,43.14,83.45,143.83,332.73,0.7925,35.819
2147,13,360.56,31.02,414.56,148.71,0.7735,35.819
2147,14,102.21,146.25,203.69,368.41,0.8021,35.819
2147,11,434.75,59.84,483.5,251.28,0.6693,35.819
2148,7,386.67,95.09,459.42,319.02,0.8749,35.836
2148,12,43.16,83.43,143.86,332.7,0.7931,35.836
2148,13,360.56,31.02,414.59,148.5,0.7754,35.836
2148,14,102.01,146.25,203.27,368.35,0.8025,35.836
2148,11,434.47,59.75,483.15,249.93,0.6562,35.836
2149,7,386.64,95.07,459.32,319.13,0.872,35.852
2149,12,43.25,83.34,143.81,332.09,0.7933,35.852
2149,13,360.6,31.01,414.75,148.48,0.7746,35.852
2149,14,101.21,146.2,202.08,368.4,0.7966,35.852
2149,11,434.09,59.47,482.9,249.1,0.6678,35.852
2150,7,386.66,95.49,459.31,319.66,0.8714,35.869
2150,12,43.5,83.33,144.0,331.51,0.7997,35.869
2150,13,360.69,31.07,414.88,148.29,0.7752,35.869
2150,14,101.17,146.18,201.87,368.77,0.7932,35.869
2150,11,433.29,59.43,482.34,248.5,0.6611,35.869
2151,7,386.74,95.53,459.4,319.98,0.8724,35.886
2151,12,43.52,83.29,144.13,331.49,0.7992,35.886
2151,13,360.67,31.08,414.97,148.23,0.7746,35.886
2151,14,100.66,146.15,200.9,368.87,0.7953,35.886
2151,11,432.95,59.43,482.22,247.89,0.6492,35.886
2152,7,386.76,95.86,459.37,320.28,0.8741,35.903
2152,12,43.58,83.27,144.36,331.71,0.8,35.903
2152,13,360.71,31.13,415.01,147.94,0.7757,35.903
2152,14,100.17,146.11,199.82,368.9,0.7993,35.903
2152,11,432.48,59.34,481.94,247.13,0.6528,35.903
2153,7,386.86,96.15,459.29,320.07,0.8721,35.919
2153,12,43.75,83.28,144.46,331.14,0.7961,35.919
2153,13,360.76,31.23,415.11,147.78,0.7704,35.919
2153,14,99.98,146.1,199.2,369.29,0.7938,35.919
2153,11,432.04,59.04,481.74,246.29,0.6429,35.919
2154,7,386.9,96.45,459.4,320.68,0.8684,35.936
2154,12,43.56,83.16,144.81,331.97,0.7952,35.936
2154,13,360.76,31.29,415.16,147.58,0.7726,35.936
2154,14,100.27,146.15,199.16,369.72,0.7895,35.936
2154,11,431.62,58.48,481.31,243.96,0.6317,35.936
2155,7,386.88,96.8,459.36,321.11,0.8683,35.953
2155,12,43.4,83.15,144.72,331.68,0.8011,35.953
2155,13,360.69,31.29,415.2,147.49,0.7733,35.953
2155,14,100.48,146.17,198.94,369.77,0.7965,35.953
2155,11,431.45,58.42,481.28,242.81,0.6464,35.953
2156,7,386.85,96.78,459.37,321.31,0.864,35.969
2156,12,43.23,83.1,144.67,331.46,0.7977,35.969
2156,13,360.69,31.21,415.33,147.33,0.7771,35.969
2156,14,101.12,146.16,199.28,369.72,0.7965,35.969
2156,11,430.55,58.33,481.64,246.24,0.6271,35.969
2157,7,386.9,96.67,459.34,321.02,0.864,35.986
2157,12,43.17,83.09,144.89,331.68,0.7983,35.986
2157,13,360.62,31.1,415.46,147.34,0.7765,35.986
2157,14,101.18,146.14,199.14,369.9,0.7944,35.986
2157,11,430.21,58.12,481.77,246.64,0.6313,35.986
2158,7,386.66,95.86,459.53,321.84,0.8588,36.003
2158,12,42.74,82.97,145.18,333.03,0.7996,36.003
2158,13,360.55,31.01,415.53,147.2,0.7795,36.003
2158,14,101.3,146.17,199.09,369.99,0.7879,36.003
2158,11,430.02,57.8,482.01,247.25,0.6509,36.003
2159,7,386.52,95.28,459.59,322.19,0.8551,36.019
2159,12,42.43,82.94,145.67,334.73,0.8059,36.019
2159,13,360.47,30.91,415.63,147.16,0.7823,36.019
2159,14,101.07,146.17,198.66,370.09,0.7804,36.019
2159,11,430.02,57.67,482.17,247.12,0.6655,36.019
2160,7,386.5,94.9,459.68,322.39,0.8494,36.036
2160,12,42.14,82.92,145.85,335.54,0.8095,36.036
2160,13,360.44,30.8,415.75,147.07,0.7822,36.036
2160,14,100.96,146.18,198.29,370.08,0.7795,36.036
2160,11,430.13,57.54,482.38,246.95,0.6855,36.036
2161,7,386.47,94.41,459.54,321.82,0.849,36.053
2161,12,41.74,82.98,146.0,336.78,0.8161,36.053
2161,13,360.47,30.71,415.95,147.08,0.7819,36.053
2161,14,101.03,146.21,198.09,369.78,0.7748,36.053
2161,11,430.01,57.58,482.45,247.28,0.6868,36.053
2162,7,386.47,94.61,459.43,321.91,0.8494,36.069
2162,12,41.4,82.86,146.11,337.31,0.8089,36.069
2162,13,360.34,30.62,415.93,147.01,0.7787,36.069
2162,14,101.17,146.2,198.04,369.77,0.7684,36.069
2162,11,429.79,57.4,482.42,247.37,0.6685,36.069
2163,7,386.52,95.03,459.24,321.75,0.8502,36.086
2163,12,41.19,82.74,146.23,337.75,0.8067,36.086
2163,13,360.33,30.55,416.06,147.0,0.7807,36.086
2163,14,101.19,146.18,197.89,369.72,0.7694,36.086
2163,11,429.66,57.34,482.41,247.3,0.6908,36.086
2164,7,386.6,94.76,459.34,321.6,0.8528,36.103
2164,12,40.99,82.65,146.32,338.15,0.7995,36.103
2164,13,360.19,30.44,415.97,146.85,0.7812,36.103
2164,14,101.66,146.23,198.45,369.73,0.7705,36.103
2164,11,430.13,56.99,481.78,242.1,0.6926,36.103
2165,7,386.74,95.18,458.92,320.23,0.8535,36.119
2165,12,40.96,82.56,146.31,337.75,0.8105,36.119
2165,13,360.37,30.39,416.26,146.9,0.7781,36.119
2165,14,101.87,146.23,198.9,370.08,0.77,36.119
2165,11,430.27,56.84,481.68,240.42,0.7095,36.119
2166,7,387.0,97.39,458.49,320.08,0.855,36.136
2166,12,40.94,82.22,146.55,337.65,0.7963,36.136
2166,13,360.68,30.25,416.69,146.81,0.7833,36.136
2166,14,102.19,146.13,199.45,369.96,0.7638,36.136
2166,11,430.22,56.76,481.66,239.86,0.7133,36.136
2167,7,387.19,98.44,458.44,320.05,0.8538,36.153
2167,12,40.54,82.11,146.6,338.45,0.7998,36.153
2167,13,360.73,30.23,416.81,146.75,0.7825,36.153
2167,14,102.87,146.22,200.5,369.86,0.758,36.153
2167,11,430.16,56.77,481.67,239.55,0.712,36.153
2168,7,387.5,99.38,458.65,320.08,0.8497,36.169
2168,12,40.43,82.05,146.56,338.38,0.7918,36.169
2168,13,360.95,30.27,416.94,146.61,0.7863,36.169
2168,14,102.35,146.21,200.4,369.75,0.7483,36.169
2168,11,430.17,56.73,481.73,239.14,0.6988,36.169
2169,7,387.5,99.19,458.97,320.38,0.8491,36.186
2169,12,40.65,82.05,147.06,338.75,0.7822,36.186
2169,13,361.1,30.34,417.05,146.43,0.7821,36.186
2169,14,102.45,146.41,200.78,369.11,0.745,36.186
2169,11,429.86,56.66,482.33,242.17,0.7007,36.186
2170,7,387.47,98.76,459.3,320.51,0.8509,36.203
2170,12,40.76,81.78,147.43,338.21,0.779,36.203
2170,13,361.47,30.28,417.47,146.4,0.7777,36.203
2170,14,102.48,146.12,201.33,368.92,0.7486,36.203
2170,11,430.0,56.38,481.96,239.57,0.7085,36.203
2171,7,387.53,99.4,459.38,320.53,0.8496,36.22
2171,12,41.08,81.71,148.17,338.43,0.7595,36.22
2171,13,361.6,30.14,417.74,146.4,0.777,36.22
2171,14,101.76,145.98,200.79,368.84,0.7552,36.22
2171,11,430.01,56.33,481.85,238.52,0.7037,36.22
2172,7,387.59,99.34,459.79,320.82,0.8479,36.236
2172,12,41.25,81.66,148.34,337.46,0.7405,36.236
2172,13,362.32,29.98,418.46,146.4,0.7628,36.236
2172,14,101.31,145.9,200.42,368.7,0.7609,36.236
2172,11,429.99,56.3,481.83,238.01,0.6908,36.236
2173,7,387.86,100.24,459.96,320.35,0.8492,36.253
2173,12,41.38,81.57,148.73,336.9,0.7129,36.253
2173,13,362.88,30.02,418.95,146.5,0.7668,36.253
2173,14,101.4,145.83,200.68,368.73,0.7603,36.253
2173,11,429.84,56.31,481.78,237.85,0.6865,36.253
2174,7,387.58,100.47,459.88,320.38,0.8498,36.27
2174,12,41.46,81.36,149.04,336.03,0.6942,36.27
2174,13,363.72,30.13,419.25,146.07,0.7671,36.27
2174,14,101.73,145.76,201.11,368.64,0.76,36.27
2174,11,429.84,56.35,481.84,237.51,0.6834,36.27
2175,7,387.36,100.52,459.83,320.24,0.8503,36.286
2175,12,41.42,81.22,149.01,334.9,0.6663,36.286
2175,13,363.98,29.84,419.46,146.05,0.7768,36.286
2175,14,101.88,145.89,201.25,368.58,0.7638,36.286
2175,11,429.79,56.37,481.87,237.22,0.6858,36.286
2176,7,387.07,100.74,459.67,320.23,0.8507,36.303
2176,12,41.18,81.09,148.95,334.09,0.6532,36.303
2176,13,364.66,29.62,419.98,146.05,0.7747,36.303
2176,14,101.83,145.88,201.15,368.49,0.766,36.303
2176,11,429.7,56.38,481.9,237.08,0.6893,36.303
2177,7,386.92,101.34,459.39,319.91,0.8504,36.32
2177,12,41.32,81.04,149.21,333.16,0.6108,36.32
2177,13,365.24,29.4,420.38,146.27,0.7854,36.32
2177,14,102.4,145.88,201.94,368.44,0.7682,36.32
2177,11,429.68,56.44,482.04,237.15,0.689,36.32
2178,7,386.79,102.48,459.17,320.25,0.8531,36.336
2178,12,40.8,80.91,149.91,334.9,0.5433,36.336
2178,13,365.98,29.28,420.9,146.36,0.7853,36.336
2178,14,101.71,145.91,201.44,368.49,0.76,36.336
2178,11,429.92,56.61,482.01,235.37,0.6751,36.336
2179,7,386.67,102.92,459.11,320.4,0.8543,36.353
2179,12,40.52,80.8,150.41,335.73,0.541,36.353
2179,13,366.4,29.16,421.15,146.43,0.78,36.353
2179,14,101.35,145.93,200.97,368.41,0.767,36.353
2179,11,429.94,56.7,482.09,234.78,0.6741,36.353
2180,7,386.58,103.26,459.07,320.43,0.8557,36.37
2180,12,40.47,80.54,151.06,336.62,0.5127,36.37
2180,13,367.12,29.26,421.74,146.47,0.7717,36.37
2180,14,100.99,145.89,200.56,368.41,0.7628,36.37
2180,11,429.75,56.49,482.2,234.87,0.6904,36.37
2181,7,386.47,103.65,458.97,320.41,0.8569,36.386
2181,12,40.45,80.42,151.82,338.14,0.4806,36.386
2181,13,368.0,29.33,422.6,146.44,0.7698,36.386
2181,14,100.77,145.87,200.38,368.44,0.7589,36.386
2181,11,429.69,56.51,482.3,234.77,0.6793,36.386
2182,7,386.24,102.84,459.11,320.41,0.8555,36.403
2182,12,40.51,80.35,152.12,338.42,0.4841,36.403
2182,13,368.55,29.36,423.19,146.42,0.7541,36.403
2182,14,100.69,145.85,200.42,368.6,0.7725,36.403
2182,11,429.75,56.55,482.4,234.28,0.6867,36.403
2183,7,386.11,102.26,459.1,319.98,0.8542,36.42
2183,12,40.46,80.47,152.28,338.82,0.4943,36.42
2183,13,368.98,29.18,423.72,146.4,0.7446,36.42
2183,14,100.62,145.81,200.41,368.81,0.7795,36.42
2183,11,430.0,56.86,482.33,232.66,0.6896,36.42
2184,7,386.21,100.48,459.25,318.17,0.8559,36.436
2184,13,369.51,29.09,424.21,145.77,0.7497,36.436
2184,14,99.5,146.02,199.4,369.06,0.7777,36.436
2184,11,430.42,56.54,482.63,231.33,0.7019,36.436
2185,7,386.33,100.51,459.27,317.7,0.8562,36.453
2185,13,370.03,29.04,424.89,145.81,0.7349,36.453
2185,14,99.04,146.09,198.83,369.03,0.7778,36.453
2185,11,430.69,56.32,482.9,230.48,0.7126,36.453
2186,7,386.36,100.66,459.26,317.54,0.8568,36.47
2186,13,370.23,28.93,425.35,146.2,0.7338,36.47
2186,14,98.72,146.12,198.47,368.98,0.7748,36.47
2186,11,430.76,56.3,483.1,230.3,0.7155,36.47
2186,12,54.91,80.25,138.32,261.91,0.3508,36.47
2187,7,386.44,100.76,459.36,317.51,0.8564,36.486
2187,13,370.85,28.88,425.9,146.12,0.728,36.486
2187,14,98.18,146.14,197.91,368.97,0.7734,36.486
2187,11,430.8,56.32,483.22,229.97,0.7164,36.486
2188,7,386.57,101.05,459.34,317.24,0.856,36.503
2188,13,371.5,28.87,426.47,145.92,0.7333,36.503
2188,14,98.02,146.14,197.79,368.94,0.7553,36.503
2188,11,430.84,56.33,483.45,230.08,0.7261,36.503
2189,7,386.62,100.72,459.45,317.07,0.8587,36.52
2189,13,372.01,29.39,427.01,146.25,0.7282,36.52
2189,14,97.99,146.06,197.77,368.86,0.7573,36.52
2189,11,430.83,56.25,483.68,230.3,0.7397,36.52
2190,7,386.62,100.63,459.44,316.94,0.8588,36.537
2190,13,372.27,29.56,427.31,146.36,0.7291,36.537
2190,14,98.29,146.05,197.99,368.82,0.7634,36.537
2190,11,430.81,56.29,483.8,230.38,0.7447,36.537
2191,7,386.62,100.33,459.54,316.89,0.8569,36.553
2191,13,372.88,29.6,427.98,146.42,0.7345,36.553
2191,14,98.08,145.95,197.83,368.74,0.7632,36.553
2191,11,430.76,56.33,483.81,230.12,0.7459,36.553
2192,7,386.65,99.95,459.57,316.53,0.8602,36.57
2192,13,373.19,29.21,428.52,146.62,0.7364,36.57
2192,14,98.18,145.98,198.05,368.83,0.7544,36.57
2192,11,430.66,56.55,483.84,230.3,0.7485,36.57
2193,7,386.56,99.51,459.64,316.64,0.8613,36.587
2193,13,373.9,28.94,429.33,146.7,0.7297,36.587
2193,14,98.24,145.95,198.24,368.81,0.7502,36.587
2193,11,430.54,56.85,483.77,230.21,0.7538,36.587
2194,7,386.55,99.46,459.65,316.69,0.862,36.603
2194,13,374.24,28.81,429.69,146.75,0.7278,36.603
2194,14,98.17,145.85,198.34,368.79,0.7515,36.603
2194,11,430.48,57.07,483.79,230.18,0.7531,36.603
2195,7,386.64,100.17,459.54,316.72,0.862,36.62
2195,13,374.65,28.77,430.11,146.74,0.7338,36.62
2195,14,98.11,145.82,198.39,368.76,0.7615,36.62
2195,11,430.38,57.09,483.82,230.2,0.7521,36.62
2196,7,386.54,99.67,459.62,316.81,0.8632,36.637
2196,13,374.92,28.65,430.38,146.66,0.7333,36.637
2196,14,98.26,145.9,198.64,368.75,0.7491,36.637
2196,11,430.36,57.39,483.88,230.35,0.7527,36.637
2197,7,386.68,99.89,459.74,316.91,0.8621,36.653
2197,13,374.94,28.55,430.49,146.6,0.7421,36.653
2197,14,98.2,146.01,198.47,368.64,0.7751,36.653
2197,11,430.32,57.43,483.9,230.19,0.7531,36.653
2198,7,386.71,99.85,459.8,316.92,0.862,36.67
2198,13,374.92,28.51,430.52,146.56,0.7399,36.67
2198,14,98.37,146.05,198.58,368.58,0.775,36.67
2198,11,430.26,57.41,483.94,230.16,0.7548,36.67
2199,7,386.82,100.71,459.68,316.95,0.8628,36.687
2199,13,374.82,28.45,430.5,146.58,0.7376,36.687
2199,14,98.56,146.08,198.63,368.51,0.7874,36.687
2199,11,430.28,57.43,484.06,230.22,0.7567,36.687
2200,7,386.81,100.14,459.82,316.75,0.8623,36.703
2200,13,375.01,28.35,430.87,146.6,0.7401,36.703
2200,14,98.71,146.09,198.64,368.46,0.7835,36.703
2200,11,430.37,57.45,484.18,230.08,0.7422,36.703
2200,16,33.1,79.92,142.16,255.18,0.3631,36.703
2201,7,386.78,100.33,460.03,317.64,0.8646,36.72
2201,13,375.17,28.28,431.35,146.69,0.7409,36.72
2201,14,98.94,146.06,198.79,368.45,0.7889,36.72
2201,11,430.52,57.42,484.33,229.98,0.7404,36.72
2201,16,34.31,79.77,140.69,250.48,0.4219,36.72
2202,7,386.76,100.44,460.1,317.97,0.8647,36.737
2202,13,375.05,28.27,431.47,146.69,0.7438,36.737
2202,14,99.0,146.02,198.78,368.41,0.7852,36.737
2202,11,430.62,57.59,484.38,229.92,0.7396,36.737
2202,16,30.68,79.74,143.2,260.27,0.3787,36.737
2203,7,386.85,101.47,459.92,318.0,0.8673,36.753
2203,13,374.96,28.25,431.58,146.49,0.7405,36.753
2203,14,99.22,146.03,198.91,368.34,0.7893,36.753
2203,11,430.99,58.27,484.4,229.59,0.7504,36.753
2203,16,30.85,79.7,142.3,258.19,0.4171,36.753
2204,7,386.94,102.1,459.7,317.45,0.8667,36.77
2204,13,374.79,28.14,431.72,146.52,0.7463,36.77
2204,14,99.23,145.99,198.75,368.1,0.788,36.77
2204,11,431.07,58.39,484.41,229.59,0.7561,36.77
2204,16,33.36,79.42,140.85,250.99,0.4128,36.77
2205,7,386.92,102.06,459.7,317.14,0.8664,36.787
2205,13,374.57,28.11,431.72,146.41,0.7484,36.787
2205,14,99.47,145.93,198.77,367.85,0.7868,36.787
2205,11,431.12,57.75,484.58,229.54,0.7509,36.787
2206,7,386.91,102.1,459.73,317.03,0.866,36.803
2206,13,374.37,28.1,431.75,146.43,0.7492,36.803
2206,14,99.54,145.92,198.66,367.74,0.7817,36.803
2206,11,431.23,57.83,484.57,229.44,0.7514,36.803
2207,7,386.9,102.1,459.64,316.48,0.866,36.82
2207,13,374.32,28.1,431.83,146.31,0.7463,36.82
2207,14,99.56,145.9,198.52,367.59,0.7821,36.82
2207,11,431.29,58.25,484.48,229.52,0.7571,36.82
2208,7,386.89,101.8,459.67,316.04,0.8661,36.837
2208,13,374.19,28.07,431.82,146.17,0.7468,36.837
2208,14,99.81,145.93,198.48,367.35,0.7788,36.837
2208,11,431.19,58.0,484.5,229.8,0.7499,36.837
2209,7,386.75,101.05,459.73,315.69,0.8667,36.853
2209,13,374.08,28.07,431.8,145.88,0.7466,36.853
2209,14,100.07,145.79,198.3,366.6,0.7688,36.853
2209,11,431.18,57.47,484.63,229.91,0.7501,36.853
2210,7,386.68,100.82,459.76,315.56,0.8669,36.87
2210,13,373.98,28.09,431.76,145.65,0.7462,36.87
2210,14,100.16,145.7,198.12,366.29,0.7652,36.87
2210,11,431.26,57.7,484.59,229.85,0.7531,36.87
2211,7,386.64,101.18,459.64,315.46,0.868,36.887
2211,13,373.89,28.11,431.64,145.28,0.7402,36.887
2211,14,100.45,145.6,197.98,365.5,0.7457,36.887
2211,11,431.32,57.86,484.57,229.84,0.7599,36.887
2212,7,386.52,101.14,459.63,315.6,0.8673,36.904
2212,13,373.63,28.11,431.46,145.06,0.7335,36.904
2212,14,100.71,145.49,197.92,364.84,0.7512,36.904
2212,11,431.42,58.09,484.6,230.02,0.7576,36.904
2213,7,386.49,101.1,459.75,315.93,0.8669,36.92
2213,13,373.55,28.12,431.43,144.88,0.7267,36.92
2213,14,101.16,145.43,198.09,364.18,0.7576,36.92
2213,11,431.4,57.74,484.71,230.29,0.7495,36.92
2214,7,386.44,100.99,459.82,316.09,0.8671,36.937
2214,13,373.52,28.13,431.48,144.77,0.7225,36.937
2214,14,101.32,145.39,198.21,364.06,0.7614,36.937
2214,11,431.56,58.69,484.6,230.41,0.7473,36.937
2214,16,54.09,78.12,153.68,241.44,0.3585,36.937
2215,7,386.51,101.15,459.85,316.04,0.8674,36.954
2215,13,373.58,28.14,431.56,144.58,0.7194,36.954
2215,14,101.33,145.36,198.19,364.13,0.7497,36.954
2215,11,431.54,58.6,484.61,230.48,0.749,36.954
2216,7,386.43,100.17,460.19,316.25,0.8683,36.97
2216,13,373.61,28.15,431.68,144.52,0.7067,36.97
2216,14,101.57,145.4,198.45,364.09,0.7429,36.97
2216,11,431.69,58.76,484.66,230.52,0.7341,36.97
2217,7,386.49,100.09,460.29,316.15,0.8691,36.987
2217,13,373.85,28.22,431.86,144.19,0.6943,36.987
2217,14,102.53,145.8,199.28,363.48,0.7262,36.987
2217,11,431.9,59.32,484.55,229.99,0.7551,36.987
2218,7,386.46,99.92,460.34,316.15,0.8692,37.004
2218,13,374.0,28.27,432.07,144.17,0.6971,37.004
2218,14,102.01,145.53,199.37,364.2,0.7718,37.004
2218,11,432.0,59.72,484.48,229.72,0.755,37.004
2218,16,58.17,77.7,153.73,238.66,0.3753,37.004
2219,7,386.52,100.52,460.19,315.97,0.8703,37.02
2219,13,374.16,28.27,432.04,143.46,0.6891,37.02
2219,14,101.8,145.38,199.43,364.17,0.7947,37.02
2219,11,432.08,60.16,484.4,229.59,0.7581,37.02
2219,16,60.2,77.71,152.7,236.37,0.4464,37.02
2220,7,386.67,101.9,459.96,315.87,0.8695,37.037
2220,13,373.94,28.36,431.85,143.47,0.6858,37.037
2220,14,101.62,145.34,199.5,364.43,0.7971,37.037
2220,11,432.16,60.59,484.36,229.48,0.7642,37.037
2220,16,62.83,77.59,151.59,231.37,0.5294,37.037
2221,7,386.45,101.39,460.12,316.46,0.8673,37.054
2221,13,374.31,28.34,432.24,143.3,0.6803,37.054
2221,14,102.77,145.37,200.8,363.94,0.7878,37.054
2221,11,432.19,60.9,484.38,229.73,0.765,37.054
2221,16,63.82,77.46,152.11,231.99,0.5135,37.054
2222,7,386.27,100.55,460.27,316.61,0.8674,37.07
2222,13,374.34,28.34,432.38,143.29,0.6753,37.07
2222,14,103.97,145.54,202.54,363.76,0.7874,37.07
2222,11,432.25,61.19,484.39,229.8,0.7643,37.07
2222,16,64.81,77.43,152.31,231.79,0.4924,37.07
2223,7,386.25,100.52,460.3,316.74,0.8666,37.087
2223,13,374.3,28.39,432.21,143.06,0.6807,37.087
2223,14,104.95,145.64,204.06,363.32,0.7846,37.087
2223,11,432.28,61.03,484.49,229.9,0.7568,37.087
2223,16,65.64,77.33,152.3,231.1,0.51,37.087
2224,7,385.99,99.23,460.51,317.04,0.8657,37.104
2224,13,374.14,28.28,431.89,142.83,0.6623,37.104
2224,14,104.07,145.62,203.16,362.73,0.7648,37.104
2224,11,432.19,61.03,484.6,230.69,0.748,37.104
2224,16,65.75,77.27,152.7,232.61,0.4815,37.104
2225,7,385.82,98.07,460.59,316.96,0.8651,37.12
2225,13,373.61,27.77,431.27,142.74,0.6699,37.12
2225,14,104.18,145.57,203.69,363.02,0.7645,37.12
2225,11,431.97,60.34,484.76,231.55,0.7448,37.12
2225,16,66.15,77.3,152.82,232.93,0.4683,37.12
2226,7,385.72,97.27,460.69,317.1,0.8657,37.137
2226,13,373.6,27.54,431.04,142.65,0.6828,37.137
2226,14,104.7,145.66,205.09,363.7,0.7629,37.137
2226,11,431.96,60.26,484.76,231.77,0.7467,37.137
2226,16,67.01,77.38,152.83,231.89,0.4922,37.137
2227,7,385.89,97.98,460.45,316.78,0.8656,37.154
2227,13,373.54,27.1,431.02,142.85,0.6872,37.154
2227,14,106.56,145.72,208.32,364.31,0.7759,37.154
2227,11,431.79,59.18,484.91,232.2,0.757,37.154
2227,16,67.67,77.35,153.3,231.73,0.4994,37.154
2228,7,385.91,97.7,460.43,316.58,0.8638,37.17
2228,13,373.05,26.83,430.31,142.9,0.6896,37.17
2228,14,107.51,145.53,210.86,365.01,0.7987,37.17
2228,11,431.74,58.62,484.97,232.38,0.7564,37.17
2228,16,68.31,77.46,153.42,230.92,0.5833,37.17
2229,7,385.85,97.39,460.42,316.69,0.8635,37.187
2229,13,372.7,26.37,429.77,142.91,0.6862,37.187
2229,14,107.09,145.59,212.11,366.27,0.8119,37.187
2229,11,431.71,58.01,485.11,232.69,0.7669,37.187
2229,16,68.59,77.28,153.95,231.15,0.5751,37.187
2230,7,385.96,97.87,460.31,316.68,0.8624,37.204
2230,13,372.39,26.04,429.33,143.29,0.7025,37.204
2230,14,106.97,145.59,213.36,366.73,0.8256,37.204
2230,11,431.82,58.19,485.03,232.42,0.7699,37.204
2230,16,69.15,77.34,154.92,231.71,0.5566,37.204
2231,7,385.86,97.1,460.37,316.66,0.8632,37.221
2231,13,372.17,25.77,428.74,143.22,0.7083,37.221
2231,14,105.41,145.31,212.31,366.98,0.7976,37.221
2231,11,431.84,57.81,485.12,232.54,0.776,37.221
2231,16,69.15,77.38,156.43,234.45,0.5661,37.221
2232,7,385.74,96.46,460.38,316.75,0.8635,37.237
2232,13,372.15,25.54,428.34,143.18,0.7078,37.237
2232,14,106.16,145.23,214.0,367.03,0.7923,37.237
2232,11,431.83,57.97,485.12,232.79,0.7722,37.237
2232,16,69.75,77.28,156.51,233.02,0.5854,37.237
2233,7,385.56,95.57,460.36,316.83,0.8654,37.254
2233,13,372.25,25.42,428.11,143.36,0.7249,37.254
2233,14,105.88,145.21,214.27,366.86,0.8145,37.254
2233,11,431.62,58.11,485.01,233.31,0.7661,37.254
2233,16,70.37,77.24,156.9,231.91,0.6458,37.254
2234,7,385.61,95.39,460.31,316.72,0.8654,37.271
2234,13,372.36,25.38,427.96,143.78,0.7301,37.271
2234,14,106.33,145.17,215.49,366.79,0.7986,37.271
2234,11,431.61,58.12,484.94,233.09,0.7657,37.271
2234,16,70.58,77.22,157.75,232.39,0.6468,37.271
2235,7,385.68,95.35,460.25,316.6,0.8661,37.287
2235,13,372.55,25.44,427.69,143.77,0.7342,37.287
2235,14,104.32,145.01,213.61,366.86,0.7673,37.287
2235,11,431.61,58.09,484.92,233.09,0.7637,37.287
2235,16,71.1,77.01,158.59,231.98,0.6751,37.287
2236,7,385.68,95.3,460.24,316.84,0.8677,37.304
2236,13,372.63,25.51,427.43,143.98,0.7414,37.304
2236,14,105.06,144.87,214.58,366.57,0.7796,37.304
2236,11,431.53,58.02,484.88,233.13,0.7435,37.304
2236,16,71.43,76.9,159.53,232.18,0.6704,37.304
2237,7,385.75,96.84,459.87,317.3,0.8645,37.321
2237,13,373.15,25.71,427.24,143.38,0.7454,37.321
2237,14,105.84,144.7,215.96,366.72,0.8038,37.321
2237,11,431.12,57.76,484.78,233.82,0.7434,37.321
2237,16,71.67,76.9,160.03,231.81,0.6744,37.321
2238,7,385.81,97.52,459.69,317.43,0.865,37.337
2238,13,373.45,25.78,427.05,143.04,0.7442,37.337
2238,14,107.01,144.56,217.86,366.67,0.7904,37.337
2238,11,430.97,57.6,484.78,234.1,0.7419,37.337
2238,16,71.83,76.75,160.68,231.88,0.6022,37.337
2239,7,386.09,100.24,459.12,317.49,0.8675,37.354
2239,13,373.49,25.48,426.94,143.14,0.7372,37.354
2239,14,110.38,144.55,222.8,366.49,0.8136,37.354
2239,11,430.65,57.63,484.62,234.39,0.7418,37.354
2239,16,72.69,76.38,161.49,230.49,0.6706,37.354
2240,7,386.04,101.04,458.87,317.73,0.8644,37.371
2240,13,373.57,25.46,426.72,143.16,0.7462,37.371
2240,14,112.37,144.69,226.68,366.58,0.8378,37.371
2240,11,430.38,57.42,484.57,234.6,0.7399,37.371
2240,16,73.54,76.06,162.77,229.72,0.6704,37.371
2241,7,385.98,101.18,458.77,317.76,0.8645,37.387
2241,13,373.74,25.51,426.5,142.97,0.7434,37.387
2241,14,113.04,144.64,229.35,366.74,0.8405,37.387
2241,11,430.56,57.63,484.59,233.97,0.7425,37.387
2241,16,74.11,75.59,163.96,229.13,0.6507,37.387
2242,7,385.88,100.49,458.81,317.66,0.8649,37.404
2242,13,374.0,25.47,426.25,142.26,0.733,37.404
2242,14,112.19,144.75,229.98,366.69,0.8174,37.404
2242,11,430.59,57.31,484.66,233.58,0.7314,37.404
2242,16,74.62,75.31,164.37,227.55,0.6157,37.404
2243,7,385.0,98.05,459.41,320.48,0.8584,37.421
2243,13,374.11,24.8,426.21,141.78,0.7274,37.421
2243,14,112.75,144.77,232.15,366.33,0.8248,37.421
2243,11,430.86,57.35,484.77,232.77,0.7546,37.421
2243,16,76.02,75.12,164.86,224.4,0.6331,37.421
2244,7,384.65,96.21,459.73,321.49,0.8583,37.437
2244,13,374.29,24.72,426.15,141.59,0.7319,37.437
2244,14,112.65,144.73,233.7,366.16,0.8339,37.437
2244,11,430.49,56.39,484.86,233.1,0.7622,37.437
2244,16,76.37,75.12,165.08,222.92,0.6246,37.437
2245,7,384.53,95.55,459.66,321.84,0.8593,37.454
2245,13,374.49,24.67,426.14,141.47,0.7288,37.454
2245,14,112.22,144.57,234.9,366.01,0.8373,37.454
2245,11,430.69,56.89,484.82,232.53,0.7426,37.454
2245,16,76.54,75.21,165.56,222.26,0.6449,37.454
2246,7,384.57,95.31,459.56,321.95,0.8589,37.471
2246,13,374.62,24.6,426.06,141.28,0.7234,37.471
2246,14,111.78,144.52,235.94,365.92,0.8394,37.471
2246,11,430.77,57.68,484.69,232.21,0.7453,37.471
2246,16,76.95,75.33,167.1,223.0,0.6115,37.471
2247,7,384.67,95.4,459.4,321.95,0.8592,37.487
2247,13,374.66,24.49,426.08,141.57,0.7138,37.487
2247,14,110.82,144.51,236.03,365.59,0.8261,37.487
2247,11,430.39,57.61,484.76,233.29,0.7315,37.487
2247,16,77.25,75.41,167.97,222.83,0.5912,37.487
2248,7,384.82,95.66,459.26,321.9,0.8593,37.504
2248,13,374.76,24.7,426.04,141.85,0.7221,37.504
2248,14,108.48,144.52,234.43,365.78,0.8144,37.504
2248,11,430.07,57.49,484.6,233.18,0.7386,37.504
2248,16,77.07,75.26,169.48,224.49,0.6117,37.504
2249,7,384.87,95.62,459.13,321.86,0.8579,37.521
2249,13,374.87,24.81,426.0,141.98,0.7135,37.521
2249,14,105.89,144.36,232.15,365.85,0.8088,37.521
2249,11,430.11,57.72,484.69,233.11,0.7444,37.521
2249,16,77.61,75.25,169.93,223.08,0.6199,37.521
2250,7,384.9,95.34,459.05,321.8,0.8569,37.538
2250,13,374.99,24.91,426.01,142.06,0.7153,37.538
2250,14,106.75,144.36,233.77,365.84,0.8221,37.538
2250,11,430.27,58.65,484.69,233.1,0.7408,37.538
2250,16,77.66,75.3,170.73,223.26,0.585,37.538
2251,7,384.9,95.29,458.87,321.75,0.8544,37.554
2251,13,375.1,25.07,426.11,142.41,0.7106,37.554
2251,14,106.18,144.27,233.81,365.77,0.8159,37.554
2251,11,430.21,58.98,484.72,233.27,0.7445,37.554
2251,16,77.72,75.34,171.02,222.69,0.608,37.554
2252,7,385.06,96.12,458.62,321.68,0.8545,37.571
2252,13,375.14,25.12,426.19,142.83,0.7261,37.571
2252,14,105.18,144.26,233.2,365.78,0.8151,37.571
2252,11,429.68,58.44,484.52,233.31,0.7513,37.571
2252,16,78.67,75.26,170.98,219.72,0.6759,37.571
2253,7,385.11,96.32,458.45,321.63,0.8533,37.588
2253,13,375.19,25.06,426.22,142.94,0.7297,37.588
2253,14,103.76,144.21,231.54,365.22,0.8141,37.588
2253,11,429.48,58.25,484.48,233.08,0.769,37.588
2253,16,79.09,75.17,171.32,218.25,0.715,37.588
2254,7,385.17,96.15,458.44,321.6,0.8523,37.604
2254,13,375.33,25.2,426.25,142.97,0.7291,37.604
2254,14,104.91,144.24,233.33,365.16,0.8202,37.604
2254,11,429.13,58.05,484.41,233.29,0.7261,37.604
2254,16,79.54,75.12,172.11,217.53,0.732,37.604
2255,7,385.27,96.13,458.42,321.58,0.8506,37.621
2255,13,375.28,25.02,426.31,143.22,0.7322,37.621
2255,14,106.5,144.29,235.77,364.8,0.8329,37.621
2255,11,428.96,58.15,484.31,233.23,0.7315,37.621
2255,16,79.7,74.96,172.92,217.28,0.7212,37.621
2256,7,385.51,97.13,458.18,321.23,0.8529,37.638
2256,13,375.43,24.93,426.36,143.05,0.7437,37.638
2256,14,107.26,144.18,237.59,364.61,0.8391,37.638
2256,11,428.11,57.58,483.81,233.13,0.7278,37.638
2256,16,79.73,74.29,174.7,218.42,0.7165,37.638
2257,7,385.62,97.62,458.05,321.06,0.851,37.654
2257,13,375.48,24.92,426.37,143.09,0.744,37.654
2257,14,107.14,144.12,238.66,364.9,0.8391,37.654
2257,11,427.56,57.29,483.54,233.22,0.7273,37.654
2257,16,79.73,74.1,175.68,218.99,0.7149,37.654
2258,7,385.71,98.12,457.93,320.96,0.8516,37.671
2258,13,375.44,24.61,426.49,143.32,0.7414,37.671
2258,14,106.99,144.14,239.55,365.09,0.843,37.671
2258,11,427.28,56.75,483.47,232.97,0.7185,37.671
2258,16,79.75,74.07,176.24,219.16,0.7118,37.671
2259,7,385.75,98.43,457.82,320.89,0.8512,37.688
2259,13,375.45,24.47,426.49,143.3,0.741,37.688
2259,14,106.85,144.14,240.42,365.32,0.847,37.688
2259,11,427.39,57.29,483.39,232.85,0.7036,37.688
2259,16,79.67,74.12,176.72,219.55,0.6953,37.688
2260,7,385.96,99.56,457.69,320.83,0.8497,37.704
2260,13,375.92,24.6,426.65,142.79,0.7366,37.704
2260,14,106.32,143.99,240.6,365.38,0.8398,37.704
2260,11,427.05,57.78,482.74,232.41,0.695,37.704
2260,16,79.82,74.15,177.37,219.87,0.7199,37.704
2261,7,385.97,99.24,457.83,320.85,0.848,37.721
2261,13,376.06,24.88,426.53,142.66,0.7306,37.721
2261,14,105.8,143.88,240.68,365.29,0.8413,37.721
2261,11,426.65,57.39,482.44,232.51,0.6831,37.721
2261,16,79.77,74.21,177.87,220.31,0.7162,37.721
2262,7,385.97,99.31,457.8,320.81,0.8495,37.738
2262,13,376.24,24.56,426.51,141.95,0.702,37.738
2262,14,105.67,143.7,240.81,364.85,0.8406,37.738
2262,11,426.2,57.19,482.12,232.91,0.6241,37.738
2262,16,80.07,74.12,178.15,219.77,0.7499,37.738
2263,7,385.96,98.99,457.88,320.75,0.8481,37.754
2263,13,376.37,24.46,426.64,142.03,0.7078,37.754
2263,14,104.82,143.74,240.07,364.93,0.8327,37.754
2263,11,425.85,56.88,481.84,233.19,0.6256,37.754
2263,16,80.02,74.09,178.27,219.6,0.7542,37.754
2264,7,385.83,98.0,458.04,320.74,0.8488,37.771
2264,13,376.48,24.01,427.09,142.66,0.7352,37.771
2264,14,104.73,143.77,240.1,364.84,0.8297,37.771
2264,11,425.27,56.77,481.44,233.6,0.6813,37.771
2264,16,80.07,74.14,178.27,219.1,0.7495,37.771
2265,7,385.88,98.18,457.99,320.69,0.8468,37.788
2265,13,376.55,23.71,427.24,142.85,0.7327,37.788
2265,14,104.6,143.78,240.2,365.0,0.8293,37.788
2265,11,425.0,56.99,481.13,233.67,0.6313,37.788
2265,16,80.03,74.12,178.28,218.68,0.7509,37.788
2266,7,385.88,98.29,457.96,320.7,0.8485,37.804
2266,13,376.62,23.46,427.55,143.47,0.7241,37.804
2266,14,104.54,143.8,240.17,364.98,0.8301,37.804
2266,11,424.58,57.5,480.71,234.08,0.623,37.804
2266,16,80.06,74.19,178.29,218.25,0.7544,37.804
2267,7,385.93,98.95,457.79,320.67,0.8474,37.821
2267,13,376.37,23.46,427.39,143.87,0.7291,37.821
2267,14,104.04,143.85,239.4,364.85,0.8287,37.821
2267,11,424.37,57.86,480.47,234.44,0.5983,37.821
2267,16,79.88,74.22,178.36,218.21,0.7599,37.821
2268,7,386.69,101.42,457.84,320.23,0.8493,37.838
2268,13,377.01,23.68,427.34,142.82,0.7109,37.838
2268,14,104.78,143.78,240.23,364.64,0.8352,37.838
2268,11,424.07,57.95,480.01,233.77,0.6077,37.838
2268,16,79.76,74.31,178.5,218.24,0.7788,37.838
2269,7,386.77,101.21,458.09,320.09,0.8479,37.854
2269,13,377.3,23.78,427.11,141.97,0.7115,37.854
2269,14,104.18,143.51,239.79,364.62,0.8417,37.854
2269,11,423.9,58.29,479.67,233.4,0.5981,37.854
2269,16,79.68,74.34,178.51,217.98,0.7911,37.854
2270,7,386.97,102.93,457.96,320.11,0.8471,37.871
2270,13,377.48,24.45,426.58,141.09,0.7053,37.871
2270,14,103.94,143.4,239.68,364.72,0.8405,37.871
2270,11,423.57,58.14,479.39,233.22,0.6004,37.871
2270,16,79.68,74.37,178.48,217.48,0.7903,37.871
2271,7,387.02,103.17,458.19,320.28,0.8442,37.888
2271,13,377.59,24.6,426.37,140.57,0.6959,37.888
2271,14,103.98,143.25,239.84,364.75,0.8452,37.888
2271,11,423.42,58.16,479.31,233.41,0.5604,37.888
2271,16,79.55,74.44,178.38,217.05,0.7966,37.888
2272,7,387.08,103.02,458.39,320.03,0.8515,37.905
2272,13,377.99,24.43,426.57,140.15,0.6844,37.905
2272,14,104.89,143.25,241.28,365.1,0.853,37.905
2272,11,423.03,57.94,478.99,233.45,0.479,37.905
2272,16,79.3,74.49,178.46,216.97,0.7944,37.905
2273,7,387.16,103.72,458.39,319.91,0.8521,37.921
2273,13,377.69,24.36,426.37,140.28,0.686,37.921
2273,14,105.21,143.27,241.89,365.09,0.8572,37.921
2273,11,422.8,57.83,478.66,233.35,0.5139,37.921
2273,16,78.88,74.5,178.57,217.19,0.7943,37.921
2274,7,387.31,105.44,458.22,319.94,0.8515,37.938
2274,13,377.85,24.23,426.26,139.61,0.6424,37.938
2274,14,105.27,143.21,242.35,365.15,0.8678,37.938
2274,11,422.23,57.2,478.2,233.43,0.4983,37.938
2274,16,78.82,74.52,178.42,216.45,0.8078,37.938
2275,7,387.49,107.27,457.99,319.76,0.8546,37.955
2275,13,377.55,23.92,426.16,139.84,0.6555,37.955
2275,14,105.12,143.17,242.58,365.32,0.8674,37.955
2275,11,422.42,57.69,478.13,233.69,0.4498,37.955
2275,16,78.5,74.52,178.54,216.44,0.8053,37.955
2276,7,387.2,106.46,458.21,320.0,0.8525,37.971
2276,13,377.35,23.85,426.25,140.26,0.6446,37.971
2276,14,105.12,143.05,243.08,365.53,0.876,37.971
2276,11,422.26,57.56,477.8,233.73,0.4531,37.971
2276,16,78.33,74.49,178.88,216.56,0.8069,37.971
2277,7,387.27,107.58,458.14,320.08,0.8511,37.988
2277,13,377.06,23.53,426.09,139.91,0.623,37.988
2277,14,105.02,143.0,243.32,365.6,0.8743,37.988
2277,11,422.18,57.62,477.47,233.66,0.4183,37.988
2277,16,77.91,74.49,178.97,216.67,0.8047,37.988
2278,7,386.76,108.24,457.74,320.84,0.8504,38.005
2278,13,377.17,23.35,426.36,139.64,0.604,38.005
2278,14,104.92,142.98,243.47,365.57,0.877,38.005
2278,11,421.77,57.54,476.97,233.76,0.4064,38.005
2278,16,77.48,74.48,179.02,216.79,0.8036,38.005
2279,7,386.69,108.62,457.76,321.2,0.8519,38.021
2279,13,377.06,22.88,426.64,139.64,0.6322,38.021
2279,14,104.78,142.9,243.61,365.56,0.8794,38.021
2279,16,77.2,74.46,179.08,216.72,0.8032,38.021
2280,7,386.29,105.28,458.6,321.64,0.8477,38.038
2280,13,377.56,22.09,427.5,139.28,0.668,38.038
2280,14,104.55,142.89,243.56,365.56,0.88,38.038
2280,16,76.85,74.41,179.01,216.54,0.8077,38.038
2280,11,421.87,56.81,475.48,227.77,0.4679,38.038
2281,7,386.07,103.42,459.0,321.82,0.8462,38.055
2281,13,378.24,21.49,428.29,138.54,0.6714,38.055
2281,14,104.41,142.89,243.56,365.55,0.8792,38.055
2281,16,76.47,74.41,179.02,216.6,0.8063,38.055
2281,11,421.78,56.8,475.13,226.75,0.4881,38.055
2282,7,385.95,101.91,459.42,322.16,0.848,38.071
2282,13,378.33,20.96,428.6,138.43,0.604,38.071
2282,14,104.3,142.9,243.59,365.56,0.8809,38.071
2282,16,76.18,74.42,178.95,216.38,0.8133,38.071
2282,11,421.47,56.65,474.62,225.51,0.4794,38.071
2283,7,386.48,100.98,460.05,321.42,0.8456,38.088
2283,13,378.5,20.77,428.8,138.24,0.6122,38.088
2283,14,104.23,142.92,243.68,365.64,0.8821,38.088
2283,16,76.21,74.91,178.66,215.91,0.8122,38.088
2283,11,421.44,56.65,474.5,224.85,0.4789,38.088
2284,7,386.41,100.63,460.3,321.98,0.8448,38.105
2284,13,378.94,20.48,429.22,138.09,0.622,38.105
2284,14,104.21,142.95,243.83,365.76,0.8831,38.105
2284,16,76.13,75.21,178.61,215.69,0.8156,38.105
2284,11,421.58,56.42,474.28,223.1,0.4798,38.105
2285,7,386.36,100.44,460.39,322.22,0.845,38.121
2285,13,378.24,20.29,428.85,138.58,0.5652,38.121
2285,14,104.18,142.99,243.92,365.8,0.882,38.121
2285,16,76.02,75.33,178.69,215.58,0.8151,38.121
2285,11,421.62,56.33,474.25,222.57,0.4609,38.121
2286,7,386.5,100.47,460.59,322.26,0.8474,38.138
2286,13,378.79,20.21,429.09,137.86,0.614,38.138
2286,14,104.15,143.05,243.97,365.81,0.8815,38.138
2286,16,75.88,75.37,178.79,215.45,0.8145,38.138
2286,11,421.8,55.95,474.2,221.27,0.4684,38.138
2287,7,386.41,99.69,460.73,322.18,0.8461,38.155
2287,13,379.06,20.18,429.22,137.45,0.6266,38.155
2287,14,104.02,143.1,243.93,365.92,0.8793,38.155
2287,16,75.74,75.4,178.83,215.28,0.8158,38.155
2287,11,422.13,56.07,474.28,220.5,0.463,38.155
2288,7,386.56,99.32,461.04,322.21,0.8487,38.171
2288,13,379.85,20.1,429.71,136.95,0.6545,38.171
2288,14,103.79,143.2,243.64,365.96,0.8637,38.171
2288,16,75.33,75.36,179.02,215.71,0.7963,38.171
2288,11,422.37,55.66,474.12,218.56,0.4674,38.171
2289,7,386.54,98.67,461.24,322.21,0.847,38.188
2289,13,380.47,20.05,429.94,136.46,0.6625,38.188
2289,14,103.7,143.23,243.52,365.98,0.865,38.188
2289,16,75.11,75.36,179.13,215.87,0.7978,38.188
2289,11,422.51,55.55,474.13,217.82,0.4775,38.188
2290,7,386.68,97.28,461.7,321.67,0.8455,38.205
2290,13,380.88,19.92,429.96,135.94,0.6539,38.205
2290,14,103.68,143.23,243.49,365.99,0.8631,38.205
2290,16,74.97,75.33,179.12,215.66,0.7985,38.205
2290,11,424.36,56.2,472.25,204.53,0.4434,38.205
2291,7,386.61,96.6,461.92,321.87,0.8462,38.222
2291,13,381.12,19.93,429.91,135.74,0.6505,38.222
2291,14,103.39,143.26,242.98,365.85,0.8542,38.222
2291,16,74.72,75.25,179.23,215.81,0.7915,38.222
2291,11,423.26,55.99,473.44,211.2,0.4371,38.222
2292,7,386.7,96.46,462.12,322.01,0.8453,38.238
2292,13,381.14,19.9,429.71,135.57,0.6442,38.238
2292,14,103.42,143.33,242.93,365.86,0.8547,38.238
2292,16,74.74,75.25,179.21,215.42,0.797,38.238
2292,11,424.88,56.47,471.81,199.29,0.4385,38.238
2293,7,386.7,96.39,462.19,322.09,0.8451,38.255
2293,13,381.51,19.85,429.89,135.6,0.6354,38.255
2293,14,103.4,143.36,242.85,365.88,0.853,38.255
2293,16,74.65,75.25,179.32,215.42,0.7939,38.255
2293,11,425.06,56.46,471.5,195.91,0.4542,38.255
2294,7,386.74,96.51,462.22,322.12,0.8465,38.272
2294,13,382.02,19.82,430.11,135.41,0.6184,38.272
2294,14,103.44,143.38,242.84,365.88,0.8523,38.272
2294,16,74.61,75.27,179.43,215.36,0.794,38.272
2294,11,425.29,56.6,471.28,192.7,0.4672,38.272
2295,7,386.82,96.58,462.31,322.09,0.8447,38.288
2295,13,382.63,19.88,430.36,135.3,0.6239,38.288
2295,14,103.65,143.41,243.16,366.0,0.8545,38.288
2295,16,74.64,75.3,179.6,215.3,0.7939,38.288
2295,11,425.2,56.53,471.23,190.96,0.4729,38.288
2296,7,386.87,96.29,462.44,321.86,0.8457,38.305
2296,13,384.08,20.26,431.0,134.45,0.6538,38.305
2296,14,103.5,143.41,243.17,366.25,0.8537,38.305
2296,16,74.5,75.3,179.72,215.42,0.7965,38.305
2296,11,424.62,56.07,471.49,191.39,0.5166,38.305
2297,7,386.91,96.18,462.48,321.63,0.8457,38.322
2297,13,385.0,20.42,431.35,134.02,0.6656,38.322
2297,14,103.41,143.44,243.08,366.33,0.8513,38.322
2297,16,74.35,75.28,179.84,215.54,0.7975,38.322
2297,11,424.29,55.81,471.67,191.15,0.521,38.322
2298,7,386.86,96.09,462.43,321.38,0.845,38.338
2298,13,385.88,20.47,431.8,133.78,0.6556,38.338
2298,14,103.38,143.44,243.05,366.37,0.8513,38.338
2298,16,74.25,75.24,179.9,215.54,0.7985,38.338
2298,11,423.57,55.46,471.9,192.2,0.5318,38.338
2299,7,386.92,95.78,462.45,320.85,0.8445,38.355
2299,13,386.45,20.46,432.16,133.84,0.6763,38.355
2299,14,103.35,143.37,243.1,366.37,0.8616,38.355
2299,16,74.3,75.25,179.85,215.17,0.8149,38.355
2299,11,423.55,55.37,471.74,190.13,0.5336,38.355
2300,7,386.96,95.68,462.42,320.33,0.8434,38.372
2300,13,386.78,20.4,432.28,133.78,0.6735,38.372
2300,14,103.17,143.32,242.95,366.42,0.8584,38.372
2300,16,74.27,75.28,179.82,214.96,0.818,38.372
2300,11,423.45,55.27,471.54,188.08,0.5423,38.372
2301,7,387.13,95.82,462.17,318.86,0.8417,38.388
2301,13,386.94,20.32,432.2,133.75,0.6656,38.388
2301,14,103.09,143.3,242.86,366.46,0.8579,38.388
2301,16,74.23,75.31,179.85,214.83,0.8216,38.388
2301,11,423.05,55.09,471.65,187.83,0.5548,38.388
2302,7,387.41,95.92,461.91,316.83,0.8432,38.405
2302,13,387.1,19.92,432.45,134.21,0.6629,38.405
2302,14,103.17,143.43,242.77,366.33,0.8627,38.405
2302,16,74.22,75.21,180.19,214.95,0.8117,38.405
2302,11,423.12,55.0,471.46,185.11,0.5499,38.405
2303,7,387.27,94.82,461.61,314.89,0.8455,38.422
2303,13,387.14,19.69,432.33,134.19,0.6553,38.422
2303,14,103.29,143.5,242.88,366.32,0.8617,38.422
2303,16,74.09,75.16,180.44,215.22,0.8084,38.422
2303,11,423.09,55.0,471.51,183.55,0.5373,38.422
2304,7,387.21,94.45,461.48,313.94,0.8462,38.438
2304,13,387.21,19.53,432.3,134.33,0.6553,38.438
2304,14,103.38,143.53,243.01,366.32,0.8623,38.438
2304,16,74.0,75.13,180.58,215.34,0.8081,38.438
2304,11,422.72,55.02,471.86,184.05,0.549,38.438
2305,7,387.3,94.29,461.35,312.64,0.8464,38.455
2305,13,387.15,19.14,432.39,134.99,0.6508,38.455
2305,14,103.29,143.55,242.91,366.31,0.858,38.455
2305,16,73.93,75.13,180.67,215.39,0.8054,38.455
2305,11,422.38,55.01,472.16,184.43,0.5642,38.455
2306,7,387.49,95.56,461.5,313.27,0.8408,38.472
2306,13,387.12,18.96,432.23,135.07,0.6509,38.472
2306,14,104.22,143.6,244.28,366.69,0.8563,38.472
2306,16,73.92,75.15,180.78,215.43,0.799,38.472
2306,11,422.29,54.78,472.12,182.96,0.5522,38.472
2307,7,387.48,95.88,461.56,313.32,0.8455,38.488
2307,13,386.97,18.83,431.92,135.21,0.6414,38.488
2307,14,104.43,143.6,244.82,366.88,0.8597,38.488
2307,16,73.91,75.17,180.85,215.41,0.8059,38.488
2307,11,422.16,54.61,471.99,181.37,0.5631,38.488
2308,7,387.66,95.91,461.4,311.71,0.8455,38.505
2308,13,386.99,18.79,431.79,135.41,0.6315,38.505
2308,14,103.67,143.56,243.99,366.67,0.8611,38.505
2308,16,73.85,75.17,180.87,215.39,0.8071,38.505
2308,11,422.21,54.59,471.92,179.63,0.5501,38.505
2309,7,387.99,95.91,461.09,308.94,0.8438,38.522
2309,13,387.01,18.78,431.7,135.61,0.6308,38.522
2309,14,104.15,143.61,244.76,366.87,0.8597,38.522
2309,16,73.78,75.15,180.9,215.39,0.8083,38.522
2309,11,421.95,54.58,472.19,179.78,0.5511,38.522
2310,7,388.52,95.82,460.55,304.44,0.8435,38.538
2310,13,387.06,18.72,431.65,135.78,0.6345,38.538
2310,14,103.45,143.53,244.04,366.72,0.8634,38.538
2310,16,73.72,75.14,180.85,215.31,0.8129,38.538
2310,11,421.66,54.43,472.35,179.69,0.5706,38.538
2311,7,388.83,95.55,460.31,301.22,0.8459,38.555
2311,13,386.8,18.73,431.38,136.12,0.6609,38.555
2311,14,102.92,143.48,243.5,366.77,0.8573,38.555
2311,16,73.62,75.15,180.9,215.42,0.812,38.555
2311,11,421.32,54.47,472.59,180.31,0.6121,38.555
2312,7,388.81,95.49,460.36,300.14,0.8454,38.572
2312,13,386.75,18.74,431.18,136.1,0.6639,38.572
2312,14,102.73,143.46,243.29,366.79,0.8578,38.572
2312,16,73.57,75.15,180.93,215.45,0.8123,38.572
2312,11,421.04,54.46,472.81,180.79,0.612,38.572
2313,7,387.67,94.54,461.11,304.31,0.8475,38.589
2313,13,386.65,18.77,430.95,135.94,0.6656,38.589
2313,14,102.7,143.47,243.21,366.81,0.858,38.589
2313,16,73.56,75.22,180.93,215.43,0.8113,38.589
2313,11,420.72,54.71,473.06,181.95,0.621,38.589
2314,7,387.19,94.05,461.44,305.83,0.8472,38.605
2314,13,386.51,18.76,430.72,136.01,0.661,38.605
2314,14,102.55,143.44,243.07,366.92,0.8566,38.605
2314,16,73.57,75.25,180.97,215.43,0.8126,38.605
2314,11,421.36,54.78,472.54,178.1,0.5767,38.605
2315,7,386.89,93.73,461.63,306.71,0.8507,38.622
2315,13,385.96,18.75,430.02,136.02,0.6457,38.622
2315,14,103.38,143.49,244.44,367.56,0.8534,38.622
2315,16,73.46,75.26,181.07,215.73,0.8044,38.622
2315,11,421.77,54.75,472.44,175.84,0.5579,38.622
2316,7,386.73,93.59,461.75,307.26,0.8499,38.639
2316,13,385.71,18.81,429.65,136.04,0.6413,38.639
2316,14,103.61,143.49,244.98,367.78,0.8551,38.639
2316,16,73.38,75.26,181.1,215.86,0.808,38.639
2316,11,421.84,54.78,472.48,174.89,0.5572,38.639
2317,7,386.7,93.53,461.81,307.26,0.8517,38.655
2317,13,385.51,18.82,429.32,135.96,0.6259,38.655
2317,14,103.58,143.47,245.14,367.87,0.8502,38.655
2317,16,73.39,75.28,181.11,215.89,0.8036,38.655
2317,11,421.69,54.65,472.61,174.63,0.5746,38.655
2318,7,386.59,93.4,461.91,307.68,0.8548,38.672
2318,13,385.17,18.89,428.89,135.98,0.6152,38.672
2318,14,101.95,143.42,243.23,367.83,0.848,38.672
2318,16,73.49,75.31,181.16,215.89,0.8085,38.672
2318,11,421.73,54.7,472.82,174.44,0.5536,38.672
2319,7,386.42,93.16,462.19,308.64,0.852,38.689
2319,13,384.98,19.03,428.69,136.13,0.622,38.689
2319,14,101.19,143.38,242.04,367.61,0.8465,38.689
2319,16,73.66,75.33,181.0,215.45,0.8127,38.689
2319,11,421.52,54.44,473.15,174.94,0.566,38.689
2320,7,386.71,91.42,461.42,303.29,0.8521,38.705
2320,13,384.92,19.04,428.58,135.99,0.6108,38.705
2320,14,100.96,143.38,241.5,367.52,0.8465,38.705
2320,16,73.73,75.34,180.96,215.31,0.8111,38.705
2320,11,421.36,54.24,473.35,175.15,0.5596,38.705
2321,7,386.72,90.46,461.18,301.05,0.851,38.722
2321,13,384.91,19.08,428.54,135.83,0.5952,38.722
2321,14,101.16,143.33,241.59,367.5,0.8551,38.722
2321,16,73.94,75.37,180.72,214.64,0.8188,38.722
2321,11,421.4,54.27,473.34,174.59,0.5286,38.722
2322,7,386.68,90.05,461.11,300.05,0.8499,38.739
2322,13,384.79,19.11,428.46,135.64,0.5851,38.739
2322,14,101.22,143.3,241.43,367.17,0.8591,38.739
2322,16,74.05,75.38,180.58,214.22,0.822,38.739
2322,11,421.33,54.23,473.32,174.18,0.518,38.739
2323,7,386.03,90.71,462.14,305.69,0.8484,38.755
2323,13,385.04,19.39,428.57,135.21,0.5997,38.755
2323,14,101.37,143.31,241.56,367.0,0.8615,38.755
2323,16,73.97,75.36,180.49,214.09,0.8171,38.755
2323,11,421.46,53.96,473.28,172.98,0.4999,38.755
2324,7,385.76,91.06,462.49,308.02,0.8475,38.772
2324,13,385.05,19.58,428.53,134.89,0.5991,38.772
2324,14,101.38,143.31,241.61,366.91,0.8615,38.772
2324,16,73.88,75.34,180.45,214.04,0.8177,38.772
2324,11,421.51,53.92,473.32,172.39,0.4842,38.772
2325,7,386.07,89.8,461.73,303.27,0.846,38.789
2325,13,384.94,19.42,428.46,134.64,0.599,38.789
2325,14,101.48,143.28,241.88,366.88,0.8682,38.789
2325,16,73.99,75.34,180.39,213.7,0.8242,38.789
2325,11,421.52,53.63,473.75,172.88,0.4783,38.789
2326,7,385.36,89.98,462.55,308.32,0.8456,38.805
2326,13,385.07,19.72,428.38,134.02,0.5945,38.805
2326,14,101.34,143.3,241.92,366.96,0.8626,38.805
2326,16,73.96,75.34,180.54,213.84,0.8175,38.805
2326,11,421.66,53.57,473.8,172.3,0.4785,38.805
2327,7,384.78,89.84,463.02,311.95,0.8442,38.822
2327,13,385.21,19.85,428.42,133.4,0.6229,38.822
2327,14,101.34,143.33,242.24,367.13,0.866,38.822
2327,16,73.89,75.35,180.48,213.78,0.8198,38.822
2327,11,421.21,53.47,474.31,174.48,0.4911,38.822
2328,7,384.6,89.84,463.1,313.45,0.8446,38.839
2328,13,385.04,19.43,428.6,133.62,0.6143,38.839
2328,14,101.13,143.36,242.26,367.2,0.8641,38.839
2328,16,73.83,75.34,180.51,213.8,0.819,38.839
2328,11,421.24,53.41,474.21,173.93,0.4739,38.839
2329,7,384.42,89.36,462.97,313.87,0.8463,38.855
2329,13,384.85,19.03,428.72,133.55,0.6263,38.855
2329,14,101.0,143.38,242.32,367.22,0.8632,38.855
2329,16,73.87,75.32,180.53,213.65,0.8157,38.855
2329,11,421.33,53.39,474.06,173.1,0.4348,38.855
2330,7,384.33,89.16,462.81,314.23,0.8483,38.872
2330,13,384.57,19.0,428.69,133.54,0.6363,38.872
2330,14,100.65,143.4,242.11,367.2,0.8631,38.872
2330,16,73.9,75.35,180.41,213.35,0.8222,38.872
2330,11,420.85,53.46,474.4,175.14,0.4472,38.872
2331,7,384.38,89.18,462.56,314.12,0.851,38.889
2331,13,384.41,18.71,428.73,133.26,0.6593,38.889
2331,14,100.63,143.44,242.18,367.02,0.8638,38.889
2331,16,73.99,75.35,180.56,213.28,0.8251,38.889
2331,11,418.78,53.67,476.46,186.34,0.482,38.889
2332,7,384.38,89.04,462.27,313.86,0.8511,38.906
2332,13,384.31,18.52,428.76,132.85,0.6512,38.906
2332,14,100.51,143.45,242.19,366.94,0.8626,38.906
2332,16,73.98,75.35,180.68,213.28,0.8243,38.906
2332,11,418.64,53.76,476.55,188.09,0.4578,38.906
2333,7,384.38,88.8,461.96,313.43,0.8555,38.922
2333,13,384.24,18.17,428.91,132.47,0.6483,38.922
2333,14,100.25,143.45,242.15,366.96,0.8635,38.922
2333,16,74.13,75.35,180.6,212.77,0.8282,38.922
2333,11,418.57,54.06,476.97,190.99,0.462,38.922
2334,7,384.39,88.66,461.53,312.65,0.8561,38.939
2334,13,384.16,18.05,428.94,132.05,0.6398,38.939
2334,14,100.21,143.44,242.17,366.71,0.8636,38.939
2334,16,74.15,75.37,180.72,212.71,0.8277,38.939
2334,11,418.64,54.15,477.03,192.53,0.4524,38.939
2335,7,384.33,88.45,461.23,312.46,0.8551,38.956
2335,13,383.64,17.79,428.41,131.16,0.6242,38.956
2335,14,99.98,143.5,242.12,366.61,0.8668,38.956
2335,16,74.11,75.37,180.65,212.49,0.8274,38.956
2335,11,418.07,54.04,477.22,195.98,0.4373,38.956
2336,7,384.41,88.43,461.28,313.0,0.8489,38.972
2336,13,383.42,17.68,428.22,130.57,0.6113,38.972
2336,14,99.87,143.54,242.21,366.56,0.8666,38.972
2336,16,74.08,75.37,180.7,212.4,0.8263,38.972
2336,11,417.61,53.99,477.59,199.99,0.4343,38.972
2337,7,384.42,88.13,461.14,312.97,0.8445,38.989
2337,13,383.13,17.47,428.0,129.87,0.6117,38.989
2337,14,99.86,143.54,242.44,366.54,0.8694,38.989
2337,16,74.02,75.37,180.77,212.38,0.8255,38.989
2337,11,417.48,54.04,477.96,203.51,0.4397,38.989
2338,7,384.44,88.01,460.7,312.16,0.8476,39.006
2338,13,382.78,17.33,427.78,129.37,0.6247,39.006
2338,14,99.39,143.58,242.12,366.59,0.8631,39.006
2338,16,73.94,75.38,180.46,211.92,0.8261,39.006
2338,11,417.24,54.11,477.91,206.36,0.42,39.006
2339,7,384.71,87.65,460.73,311.66,0.8418,39.022
2339,13,382.2,17.31,427.43,129.2,0.6463,39.022
2339,14,99.1,143.62,242.11,366.9,0.8652,39.022
2339,16,73.97,75.39,180.42,211.64,0.826,39.022
2339,11,421.88,54.77,472.81,180.58,0.4075,39.022
2340,7,384.8,87.55,460.58,311.4,0.8425,39.039
2340,13,381.97,17.29,427.37,128.94,0.6522,39.039
2340,14,99.23,143.7,242.41,367.01,0.8624,39.039
2340,16,73.86,75.36,180.51,211.73,0.8196,39.039
2340,11,420.06,54.73,475.19,192.33,0.4149,39.039
2341,7,384.73,87.53,460.33,311.55,0.8302,39.056
2341,13,380.97,16.87,427.32,129.71,0.6871,39.056
2341,14,99.3,143.69,242.7,367.05,0.8676,39.056
2341,16,73.8,75.35,180.51,211.68,0.8217,39.056
2341,11,419.32,54.97,476.74,200.35,0.4567,39.056
2342,7,384.66,87.48,460.01,311.53,0.8301,39.072
2342,13,380.19,16.66,427.2,129.89,0.6973,39.072
2342,14,99.18,143.67,242.83,367.19,0.8683,39.072
2342,16,74.05,75.34,180.33,210.93,0.8254,39.072
2342,11,419.01,55.08,477.33,204.95,0.4779,39.072
2343,7,385.28,88.67,460.12,311.41,0.8274,39.089
2343,13,379.93,17.03,426.93,128.93,0.6898,39.089
2343,14,99.37,143.73,243.3,367.28,0.8706,39.089
2343,16,73.9,75.38,180.43,211.23,0.8211,39.089
2343,11,419.81,55.32,476.7,203.08,0.4561,39.089
2344,7,385.01,87.77,459.77,310.93,0.8261,39.106
2344,13,379.74,17.15,427.02,128.56,0.6841,39.106
2344,14,99.28,143.77,243.39,367.32,0.8642,39.106
2344,16,73.91,75.39,180.46,211.17,0.8211,39.106
2344,11,419.95,55.4,476.65,204.4,0.4618,39.106
2345,7,385.39,88.04,459.05,308.15,0.8223,39.122
2345,13,379.5,17.07,427.16,128.42,0.6963,39.122
2345,14,99.19,143.74,243.52,367.33,0.8671,39.122
2345,16,74.03,75.4,180.44,210.87,0.8192,39.122
2345,11,419.91,55.44,477.01,207.56,0.4637,39.122
2346,7,384.99,87.3,459.19,309.7,0.822,39.139
2346,13,379.3,17.03,427.36,128.24,0.6932,39.139
2346,14,99.01,143.69,243.8,367.67,0.8721,39.139
2346,16,74.14,75.44,180.25,210.36,0.8224,39.139
2346,11,420.91,55.63,476.22,204.25,0.4453,39.139
2347,7,385.07,88.74,459.25,311.7,0.8239,39.156
2347,13,379.3,17.06,427.74,128.27,0.7114,39.156
2347,14,99.45,143.94,244.86,368.47,0.8757,39.156
2347,16,74.25,75.43,180.41,210.29,0.8187,39.156
2347,11,421.1,55.93,476.32,205.88,0.4698,39.156
2348,7,384.78,87.48,459.19,312.04,0.827,39.172
2348,13,379.05,17.06,427.77,128.28,0.7114,39.172
2348,14,99.53,144.11,245.27,368.74,0.8733,39.172
2348,16,74.42,75.43,180.54,210.08,0.8197,39.172
2348,11,421.12,55.91,476.29,207.25,0.4824,39.172
2349,7,384.83,86.73,458.87,310.88,0.8337,39.189
2349,13,378.92,17.0,427.81,128.31,0.7161,39.189
2349,14,99.49,144.18,245.48,368.79,0.879,39.189
2349,16,74.43,75.44,180.58,209.99,0.8173,39.189
2349,11,421.5,56.02,476.28,207.86,0.471,39.189
2350,7,384.84,86.66,458.83,311.42,0.8325,39.206
2350,13,378.63,17.17,427.49,127.84,0.7158,39.206
2350,14,99.31,144.31,245.5,368.87,0.8797,39.206
2350,16,74.39,75.4,180.5,209.85,0.813,39.206
2350,11,421.82,56.32,476.04,207.85,0.4656,39.206
2351,7,385.3,87.45,459.35,312.8,0.8302,39.223
2351,13,378.47,17.26,427.5,127.7,0.7084,39.223
2351,14,98.46,144.08,244.87,368.67,0.881,39.223
2351,16,74.37,75.38,180.48,209.8,0.8164,39.223
2351,11,422.1,56.63,476.34,209.81,0.4578,39.223
2352,7,385.75,88.22,459.04,311.4,0.8311,39.239
2352,13,378.54,17.29,427.85,127.68,0.6993,39.239
2352,14,98.48,144.36,245.17,369.0,0.8795,39.239
2352,16,74.32,75.34,180.56,209.94,0.8106,39.239
2352,11,422.16,56.98,476.52,212.11,0.4687,39.239
2353,7,385.23,87.49,458.92,312.72,0.8302,39.256
2353,13,378.23,17.28,427.76,127.5,0.6962,39.256
2353,14,98.35,144.58,245.26,369.15,0.8803,39.256
2353,16,74.51,75.32,180.62,209.71,0.8129,39.256
2353,11,422.5,57.45,476.63,213.57,0.4605,39.256
2354,7,385.12,87.52,458.65,313.02,0.8329,39.273
2354,13,378.12,17.27,427.93,127.54,0.6873,39.273
2354,14,98.08,144.65,245.33,369.39,0.8759,39.273
2354,16,74.61,75.31,180.43,209.26,0.8136,39.273
2354,11,422.92,57.98,476.57,214.18,0.469,39.273
2355,7,385.2,87.33,458.53,312.93,0.8403,39.289
2355,13,377.62,16.57,428.45,128.7,0.7064,39.289
2355,14,97.77,144.65,245.37,369.63,0.8761,39.289
2355,16,74.55,75.22,180.18,208.97,0.8107,39.289
2355,11,423.5,58.51,476.85,215.29,0.4599,39.289
2356,7,385.35,87.05,458.36,312.35,0.8388,39.306
2356,13,377.51,16.27,428.79,128.96,0.7032,39.306
2356,14,97.51,144.83,245.29,369.72,0.874,39.306
2356,16,74.58,75.18,179.99,208.65,0.8113,39.306
2356,11,423.79,58.56,476.86,215.99,0.4543,39.306
2357,7,385.5,86.83,458.11,311.5,0.8482,39.323
2357,13,377.39,16.08,428.9,128.88,0.708,39.323
2357,14,97.21,144.92,245.23,369.8,0.8763,39.323
2357,16,74.86,75.14,179.67,207.75,0.8119,39.323
2357,11,424.16,58.4,476.92,216.44,0.441,39.323
2358,7,385.67,86.57,457.96,310.91,0.8474,39.339
2358,13,377.41,16.06,429.04,128.74,0.7057,39.339
2358,14,97.0,145.0,245.24,369.89,0.8728,39.339
2358,16,74.78,75.09,179.47,207.58,0.8097,39.339
2358,11,424.39,58.27,476.98,217.31,0.4486,39.339
2359,7,385.9,86.5,457.83,310.18,0.8429,39.356
2359,13,377.58,16.17,429.2,128.54,0.6936,39.356
2359,14,96.67,145.06,245.29,370.19,0.8757,39.356
2359,16,74.8,75.04,179.44,207.47,0.8005,39.356
2359,11,424.82,57.98,476.84,216.75,0.4372,39.356
2360,7,386.11,86.36,457.66,309.1,0.8456,39.373
2360,13,377.84,16.79,428.62,127.26,0.6903,39.373
2360,14,96.36,145.12,245.47,370.73,0.8763,39.373
2360,16,74.88,75.06,179.38,207.32,0.7995,39.373
2360,11,425.55,58.65,476.45,215.27,0.4279,39.373
2361,7,386.17,87.84,457.33,309.83,0.8489,39.389
2361,13,377.72,17.4,427.89,126.56,0.6958,39.389
2361,14,95.91,145.12,245.33,371.01,0.8623,39.389
2361,16,74.88,75.13,179.39,207.41,0.7638,39.389
2361,11,424.93,58.5,477.73,223.48,0.4967,39.389
2362,7,386.03,87.38,457.38,310.51,0.8481,39.406
2362,13,378.0,17.27,428.66,127.14,0.704,39.406
2362,14,95.56,145.13,245.2,371.06,0.864,39.406
2362,16,74.81,75.12,179.46,207.6,0.7689,39.406
2362,11,425.37,60.28,477.86,226.66,0.4845,39.406
2363,7,385.85,86.75,457.62,311.9,0.8467,39.423
2363,13,378.19,17.25,429.16,127.41,0.7118,39.423
2363,14,95.35,145.13,245.31,371.16,0.8729,39.423
2363,16,74.82,75.1,179.28,207.35,0.7791,39.423
2363,11,425.78,61.37,477.61,227.8,0.5055,39.423
2364,7,385.97,86.56,457.55,311.75,0.8547,39.439
2364,13,378.0,17.19,429.11,127.46,0.713,39.439
2364,14,95.15,145.11,245.45,371.25,0.8744,39.439
2364,16,74.81,75.12,179.17,207.25,0.7847,39.439
2364,11,426.29,62.68,477.28,228.25,0.5412,39.439
2365,7,386.15,86.43,457.54,311.57,0.8542,39.456
2365,13,377.59,17.29,428.52,127.3,0.7103,39.456
2365,14,94.93,145.18,245.56,371.47,0.8744,39.456
2365,16,74.66,75.11,179.06,207.35,0.7848,39.456
2365,11,426.73,64.59,476.99,229.18,0.5598,39.456
2366,7,386.51,86.88,457.43,310.72,0.8587,39.473
2366,13,377.33,17.37,428.01,127.13,0.7066,39.473
2366,14,94.82,145.27,245.81,371.69,0.8725,39.473
2366,16,74.69,75.04,178.94,207.16,0.7881,39.473
2366,11,427.44,66.65,476.66,229.01,0.574,39.473
2367,7,386.65,86.78,457.6,310.95,0.8629,39.489
2367,13,377.34,17.41,427.86,127.02,0.7036,39.489
2367,14,94.67,145.38,245.91,371.82,0.8668,39.489
2367,16,74.54,74.98,178.7,207.1,0.7785,39.489
2367,11,428.4,67.08,476.87,228.2,0.5444,39.489
2368,7,386.72,86.61,457.61,310.79,0.8618,39.506
2368,13,377.3,17.42,427.74,127.02,0.7024,39.506
2368,14,94.43,145.54,245.83,371.83,0.8623,39.506
2368,16,74.38,74.94,178.54,207.2,0.7565,39.506
2368,11,429.35,67.82,477.1,227.69,0.5263,39.506
2369,7,386.9,86.93,457.58,310.48,0.8628,39.523
2369,13,377.34,17.41,427.66,126.96,0.6973,39.523
2369,14,92.92,145.58,244.17,371.89,0.8439,39.523
2369,16,74.44,74.89,178.38,207.01,0.7638,39.523
2369,11,429.79,68.36,477.12,227.74,0.5188,39.523
2370,7,387.13,86.95,457.51,309.49,0.8634,39.54
2370,13,377.51,17.34,427.7,126.72,0.6958,39.54
2370,14,91.21,145.58,242.02,371.91,0.8367,39.54
2370,16,74.49,74.81,178.23,206.71,0.7825,39.54
2370,11,430.29,68.92,477.35,228.24,0.4994,39.54
2371,7,387.41,87.58,457.38,308.58,0.8631,39.556
2371,13,377.61,17.34,427.66,126.57,0.695,39.556
2371,14,87.01,145.41,235.78,371.05,0.8217,39.556
2371,16,74.47,74.78,177.77,206.15,0.7914,39.556
2371,11,430.11,66.72,477.75,228.91,0.4786,39.556
2372,7,387.7,88.75,457.24,308.08,0.8665,39.573
2372,13,377.97,17.47,427.76,126.51,0.7007,39.573
2372,14,85.7,145.39,233.14,371.33,0.8494,39.573
2372,16,74.4,74.8,177.64,206.16,0.788,39.573
2372,11,430.3,67.18,477.74,229.11,0.5252,39.573
2373,7,387.95,89.08,457.29,307.39,0.8731,39.59
2373,13,378.37,17.73,427.27,125.4,0.6995,39.59
2373,14,83.11,145.39,228.62,371.81,0.8462,39.59
2373,16,74.14,74.78,177.57,206.49,0.788,39.59
2373,11,430.8,69.5,477.59,229.34,0.4323,39.59
2374,7,388.12,88.47,457.47,306.47,0.8711,39.606
2374,13,379.22,17.81,427.68,125.24,0.6933,39.606
2374,14,82.94,145.14,226.38,371.25,0.8472,39.606
2374,16,74.09,74.77,177.44,206.46,0.7915,39.606
2374,11,433.02,71.4,478.6,227.5,0.4017,39.606
2375,7,388.34,88.18,457.51,305.1,0.874,39.623
2375,13,379.6,17.84,427.68,125.08,0.6982,39.623
2375,14,82.77,145.27,224.06,370.93,0.8388,39.623
2375,16,73.98,74.76,177.32,206.56,0.7886,39.623
2375,11,433.93,72.34,478.92,226.67,0.4029,39.623
2376,7,388.46,88.67,457.32,304.08,0.8742,39.64
2376,13,380.44,17.88,427.97,124.88,0.7138,39.64
2376,14,83.94,145.49,224.22,371.79,0.8657,39.64
2376,16,73.84,74.85,177.21,206.86,0.7797,39.64
2376,11,434.86,75.21,479.03,226.56,0.4381,39.64
2377,7,388.5,88.47,457.44,303.68,0.8696,39.656
2377,13,380.8,17.82,428.06,125.14,0.7101,39.656
2377,14,83.75,145.5,222.94,372.58,0.8717,39.656
2377,16,73.8,74.89,177.07,207.03,0.789,39.656
2377,11,435.19,75.7,479.23,226.43,0.4148,39.656
2378,7,388.33,88.38,457.55,304.09,0.8709,39.673
2378,13,380.71,17.69,427.93,125.52,0.7229,39.673
2378,14,84.18,145.5,222.32,373.12,0.8779,39.673
2378,16,73.96,74.96,177.15,207.21,0.7777,39.673
2378,11,435.63,77.33,479.28,226.34,0.4429,39.673
2379,7,388.1,88.18,457.67,304.74,0.8746,39.69
2379,13,380.78,17.62,427.78,125.49,0.7304,39.69
2379,14,83.59,145.67,220.06,373.13,0.8629,39.69
2379,16,73.8,74.98,176.44,206.95,0.7669,39.69
2379,11,435.89,79.89,479.05,226.27,0.3829,39.69
2380,7,387.9,87.73,457.63,304.61,0.8776,39.706
2380,13,380.72,17.58,427.27,124.9,0.7296,39.706
2380,14,82.76,145.6,217.69,373.28,0.8479,39.706
2380,16,73.99,75.05,176.0,206.57,0.769,39.706
2380,11,436.05,82.2,478.8,226.27,0.3697,39.706
2381,7,387.86,87.97,457.63,304.76,0.8795,39.723
2381,13,380.98,17.49,427.14,124.42,0.7271,39.723
2381,14,80.31,145.59,212.43,372.06,0.8371,39.723
2381,16,74.03,75.24,175.72,206.72,0.7683,39.723
2381,11,436.47,84.97,478.7,226.38,0.4169,39.723
2382,7,387.73,87.79,457.84,305.54,0.8788,39.74
2382,13,380.46,17.31,426.53,124.28,0.7282,39.74
2382,14,79.85,145.86,209.65,371.66,0.8346,39.74
2382,16,74.3,75.36,175.79,206.97,0.7503,39.74
2382,11,436.99,87.36,478.74,226.09,0.4433,39.74
2383,7,387.58,87.39,458.01,306.0,0.8822,39.756
2383,13,380.34,17.25,426.29,124.15,0.7183,39.756
2383,14,79.69,145.95,207.56,371.47,0.8401,39.756
2383,16,74.43,75.44,175.56,206.96,0.7548,39.756
2383,11,437.13,87.2,479.1,225.91,0.4664,39.756
2384,7,387.58,87.49,458.06,306.09,0.8826,39.773
2384,13,380.0,17.12,426.21,125.11,0.7119,39.773
2384,14,79.57,146.02,205.72,371.31,0.8477,39.773
2384,16,74.68,75.54,175.34,206.88,0.7558,39.773
2384,11,438.02,91.05,479.12,225.85,0.4851,39.773
2385,7,387.52,87.54,458.04,306.07,0.88,39.79
2385,13,380.08,17.0,426.22,125.15,0.7155,39.79
2385,14,79.3,146.15,203.82,371.16,0.8462,39.79
2385,16,74.7,75.64,175.06,207.05,0.7489,39.79
2385,11,438.27,92.1,479.32,225.77,0.4868,39.79
2386,7,387.47,87.53,458.1,306.16,0.8806,39.806
2386,13,380.28,16.88,425.96,124.48,0.7219,39.806
2386,14,79.02,146.25,201.86,370.73,0.8461,39.806
2386,16,74.97,75.62,174.94,206.88,0.7465,39.806
2386,11,438.77,93.18,479.8,225.71,0.5168,39.806
2387,7,387.32,87.25,458.11,306.24,0.8771,39.823
2387,13,380.43,16.84,425.81,124.18,0.7241,39.823
2387,14,79.07,146.37,200.46,370.56,0.8603,39.823
2387,16,74.51,75.98,173.84,206.92,0.7637,39.823
2387,11,439.26,93.81,480.36,225.66,0.4886,39.823
2388,7,387.27,87.38,458.11,306.35,0.8818,39.84
2388,13,380.68,16.87,425.73,124.0,0.7314,39.84
2388,14,79.28,146.46,199.27,370.06,0.865,39.84
2388,16,74.5,76.24,173.28,206.93,0.7963,39.84
2388,11,439.97,95.64,480.8,225.7,0.5288,39.84
2389,7,387.17,87.4,458.13,306.52,0.8826,39.856
2389,13,380.74,16.66,425.61,123.92,0.7356,39.856
2389,14,79.59,146.52,198.53,369.99,0.8687,39.856
2389,16,74.02,76.31,172.39,207.12,0.8086,39.856
2389,11,440.32,96.55,481.07,225.62,0.5047,39.856
2390,7,387.01,86.61,458.28,306.73,0.8859,39.873
2390,13,380.61,16.3,425.47,124.13,0.7369,39.873
2390,14,79.72,146.48,197.66,369.66,0.8707,39.873
2390,16,74.8,76.64,172.38,206.67,0.8129,39.873
2390,11,440.27,95.4,481.52,225.59,0.4531,39.873
2391,7,386.78,86.34,458.21,306.74,0.8841,39.89
2391,13,380.51,16.18,425.44,124.79,0.737,39.89
2391,14,79.7,146.59,197.09,370.15,0.8711,39.89
2391,16,74.67,76.61,171.74,206.31,0.7948,39.89
2391,11,440.72,95.35,482.19,225.41,0.4516,39.89
2392,7,386.78,86.33,458.23,306.67,0.883,39.907
2392,13,380.6,16.17,425.25,124.65,0.7401,39.907
2392,14,79.93,146.81,196.26,369.52,0.8717,39.907
2392,16,73.24,76.89,169.3,206.16,0.7746,39.907
2392,11,441.05,95.14,482.84,225.29,0.505,39.907
2393,7,386.73,86.45,458.13,306.48,0.8825,39.923
2393,13,380.72,16.02,425.1,124.43,0.7434,39.923
2393,14,80.08,146.83,195.94,369.76,0.8773,39.923
2393,16,71.46,77.31,165.95,205.79,0.7954,39.923
2393,11,441.74,95.51,483.8,225.3,0.4943,39.923
2394,7,386.55,86.01,458.14,306.58,0.8813,39.94
2394,13,380.61,16.08,424.91,124.82,0.7314,39.94
2394,14,80.09,147.06,195.34,369.78,0.8749,39.94
2394,16,70.93,77.69,164.1,205.45,0.7873,39.94
2394,11,442.0,95.77,484.46,225.56,0.4644,39.94
2395,7,386.28,85.59,458.0,306.65,0.8717,39.957
2395,13,380.42,16.11,424.92,125.94,0.7334,39.957
2395,14,80.24,147.38,194.79,369.6,0.8748,39.957
2395,16,70.5,77.84,162.59,205.04,0.7788,39.957
2395,11,442.77,96.09,485.35,225.15,0.4855,39.957
2396,7,386.17,85.8,457.84,306.59,0.8728,39.973
2396,13,380.35,16.17,424.88,126.73,0.7373,39.973
2396,14,80.06,147.45,194.28,369.79,0.8784,39.973
2396,16,70.4,78.09,161.63,204.75,0.7599,39.973
2396,11,442.67,97.02,485.03,225.22,0.4612,39.973
2397,7,385.39,85.18,457.39,306.94,0.8712,39.99
2397,13,380.47,16.18,424.78,126.75,0.7265,39.99
2397,14,79.76,147.63,193.68,370.15,0.8764,39.99
2397,16,70.26,78.1,160.78,204.3,0.741,39.99
2397,11,443.04,98.72,485.03,225.2,0.4339,39.99
2398,7,384.66,84.79,456.93,307.11,0.8711,40.007
2398,13,380.35,16.12,424.04,126.07,0.7222,40.007
2398,14,79.65,147.84,192.86,369.6,0.8767,40.007
2398,16,70.35,78.3,160.43,204.25,0.7025,40.007
2398,11,443.13,98.59,485.38,225.25,0.4552,40.007
2399,7,384.21,84.59,456.64,307.12,0.868,40.023
2399,13,380.29,16.1,423.8,126.57,0.7281,40.023
2399,14,79.53,147.77,192.37,369.35,0.8851,40.023
2399,16,69.97,78.36,160.06,204.66,0.675,40.023
2399,11,442.42,97.25,485.19,225.34,0.5203,40.023
2400,7,383.4,84.41,456.1,307.24,0.869,40.04
2400,13,380.56,16.05,423.66,126.39,0.7255,40.04
2400,14,79.36,147.9,191.84,369.22,0.8848,40.04
2400,16,69.17,78.73,158.81,204.77,0.6846,40.04
2400,11,441.98,97.6,484.61,225.58,0.5484,40.04
2401,7,382.91,84.19,455.82,307.11,0.8734,40.057
2401,13,380.32,16.08,422.88,126.02,0.7336,40.057
2401,14,78.86,147.85,191.52,369.99,0.8805,40.057
2401,16,67.94,78.76,157.31,204.61,0.7193,40.057
2401,11,441.51,97.78,483.96,225.7,0.5722,40.057
2402,7,382.38,84.2,455.55,307.21,0.8707,40.073
2402,13,380.34,16.35,422.3,125.72,0.7462,40.073
2402,14,78.27,147.88,191.18,370.89,0.8745,40.073
2402,16,66.28,78.81,155.78,204.71,0.7237,40.073
2402,11,442.07,99.75,483.94,225.71,0.5022,40.073
2403,7,382.19,83.88,455.62,307.19,0.8691,40.09
2403,13,380.57,16.39,422.0,125.3,0.7438,40.09
2403,14,77.97,148.01,190.4,370.14,0.8747,40.09
2403,16,65.79,78.7,155.31,204.71,0.7221,40.09
2403,11,442.6,101.53,483.97,225.67,0.4596,40.09
2404,7,382.1,83.83,455.71,307.38,0.8761,40.107
2404,13,380.81,16.44,421.74,125.04,0.7471,40.107
2404,14,77.37,147.94,189.8,370.21,0.876,40.107
2404,16,64.38,78.68,153.95,204.73,0.7433,40.107
2404,11,442.62,102.33,483.8,225.57,0.519,40.107
2405,7,382.01,83.61,455.77,307.44,0.879,40.123
2405,13,381.05,16.55,421.51,124.68,0.7504,40.123
2405,14,76.61,147.86,189.4,371.09,0.8777,40.123
2405,16,61.8,78.7,151.83,204.84,0.7516,40.123
2405,11,443.05,104.33,483.81,225.65,0.5255,40.123
2406,7,381.6,83.32,455.45,307.22,0.8761,40.14
2406,13,381.37,16.77,421.44,124.55,0.7461,40.14
2406,14,76.09,147.88,188.99,371.51,0.877,40.14
2406,16,59.47,79.08,150.01,204.87,0.7472,40.14
2406,11,444.09,108.44,483.99,225.73,0.5396,40.14
2407,7,381.32,83.34,455.19,306.95,0.8722,40.157
2407,13,381.52,16.81,421.38,124.56,0.7404,40.157
2407,14,75.57,147.92,188.53,372.0,0.8804,40.157
2407,16,57.58,79.31,148.69,204.62,0.7478,40.157
2407,11,445.27,113.06,484.28,225.71,0.5034,40.157
2408,7,380.88,83.62,454.77,306.79,0.8698,40.173
2408,13,381.81,16.82,421.49,124.65,0.7312,40.173
2408,14,74.76,147.98,187.68,372.3,0.8779,40.173
2408,16,56.45,79.66,148.18,204.82,0.7719,40.173
2408,11,446.15,118.07,484.16,225.8,0.3998,40.173
2409,7,380.22,83.54,454.32,306.47,0.8664,40.19
2409,13,381.9,16.87,421.37,124.48,0.7281,40.19
2409,14,74.17,148.0,186.93,372.44,0.8831,40.19
2409,16,55.44,79.81,147.68,204.83,0.7677,40.19
2409,11,446.61,120.37,484.41,225.88,0.4585,40.19
2410,7,378.9,81.95,453.35,304.98,0.8595,40.207
2410,13,381.33,17.01,420.88,125.36,0.729,40.207
2410,14,73.57,148.26,186.46,373.29,0.878,40.207
2410,16,54.3,79.85,147.17,204.74,0.7587,40.207
2410,11,447.23,121.2,485.55,225.95,0.5204,40.207
2411,7,377.57,81.29,452.51,304.51,0.8613,40.224
2411,13,380.74,17.01,420.6,126.57,0.7266,40.224
2411,14,73.22,148.16,186.23,373.82,0.8819,40.224
2411,16,51.98,79.69,145.97,204.63,0.7511,40.224
2411,11,447.52,121.72,486.37,225.98,0.5028,40.224
2412,7,376.3,81.07,451.76,304.04,0.8635,40.24
2412,13,379.93,16.96,419.92,127.77,0.7332,40.24
2412,14,72.86,148.43,186.37,375.35,0.8723,40.24
2412,16,51.59,79.45,145.95,203.85,0.7486,40.24
2412,11,447.67,122.05,487.14,225.82,0.5148,40.24
2413,7,375.26,80.89,451.31,303.72,0.8668,40.257
2413,13,379.48,16.9,419.3,127.85,0.7406,40.257
2413,14,72.53,148.16,186.93,377.11,0.8646,40.257
2413,16,51.14,79.45,145.95,203.63,0.7576,40.257
2413,11,448.12,122.37,488.26,225.7,0.4207,40.257
2414,7,373.54,80.88,450.37,303.88,0.8551,40.274
2414,13,378.64,17.01,418.33,128.24,0.7396,40.274
2414,14,72.26,148.46,186.73,377.67,0.8597,40.274
2414,16,50.87,79.41,146.14,203.13,0.6833,40.274
2414,11,448.82,123.0,490.32,226.67,0.4265,40.274
2415,7,372.16,80.47,449.96,304.04,0.8565,40.29
2415,13,378.56,17.01,417.6,127.11,0.7383,40.29
2415,14,72.27,148.44,186.98,378.16,0.8594,40.29
2415,16,49.11,79.6,144.8,202.65,0.7043,40.29
2415,11,449.41,122.51,492.43,226.94,0.4665,40.29
2416,7,370.8,80.61,449.42,304.01,0.8623,40.307
2416,13,378.17,17.16,416.86,126.62,0.7496,40.307
2416,14,71.89,148.33,187.02,378.97,0.8637,40.307
2416,16,49.19,80.04,144.65,201.72,0.7129,40.307
2416,11,449.34,123.3,492.8,226.88,0.3852,40.307
2417,7,369.28,80.54,448.86,303.94,0.869,40.324
2417,13,377.95,17.19,416.35,126.26,0.7614,40.324
2417,14,71.34,148.24,187.42,381.02,0.8577,40.324
2417,16,48.76,80.08,144.52,201.21,0.7084,40.324
2417,11,448.68,123.83,492.6,226.8,0.3598,40.324
2418,7,367.77,80.65,448.3,303.85,0.8637,40.34
2418,13,377.74,17.07,415.97,125.95,0.7534,40.34
2418,14,71.36,148.2,187.77,381.59,0.863,40.34
2418,16,47.84,80.02,144.32,201.07,0.7075,40.34
2418,11,447.93,124.1,492.24,226.73,0.3833,40.34
2419,7,366.27,81.11,447.69,303.53,0.8678,40.357
2419,13,377.4,16.83,415.59,125.74,0.7469,40.357
2419,14,71.17,148.15,188.0,382.18,0.8514,40.357
2419,16,46.83,80.05,144.39,201.49,0.6919,40.357
2419,11,443.97,124.2,487.87,226.57,0.417,40.357
2420,7,364.22,79.74,447.39,303.83,0.874,40.374
2420,13,377.03,16.3,415.38,125.86,0.7469,40.374
2420,14,70.31,147.88,188.48,384.56,0.8578,40.374
2420,16,45.97,80.15,144.59,202.09,0.71,40.374
2420,11,448.77,125.63,493.66,226.9,0.4943,40.374
2421,7,362.25,79.57,446.84,303.98,0.8759,40.39
2421,13,376.81,15.78,415.09,125.19,0.7329,40.39
2421,14,69.56,147.86,188.44,385.83,0.8528,40.39
2421,16,44.45,80.07,144.17,202.57,0.6995,40.39
2421,11,450.63,126.35,496.58,226.88,0.5287,40.39
2422,7,360.76,79.69,446.6,304.05,0.8761,40.407
2422,13,376.88,15.78,414.75,123.74,0.7253,40.407
2422,14,68.57,147.28,188.49,387.89,0.8667,40.407
2422,16,43.56,80.03,144.43,203.1,0.6829,40.407
2422,11,450.81,126.29,498.16,226.81,0.5137,40.407
2423,7,359.45,79.21,446.64,303.97,0.8762,40.424
2423,13,376.56,15.52,414.32,122.89,0.7035,40.424
2423,14,67.51,146.89,188.63,390.48,0.8615,40.424
2423,16,43.09,80.03,144.54,202.97,0.6803,40.424
2423,11,443.24,125.51,490.46,226.56,0.5414,40.424
2424,7,358.09,79.06,446.5,303.77,0.8751,40.44
2424,13,376.25,15.29,413.96,122.33,0.7074,40.44
2424,14,66.6,146.76,188.5,392.51,0.8613,40.44
2424,16,42.63,80.23,144.73,203.55,0.6966,40.44
2424,11,440.82,124.8,488.09,226.57,0.5353,40.44
2425,7,356.33,78.77,446.04,303.76,0.8745,40.457
2425,13,376.26,14.68,413.64,120.32,0.6956,40.457
2425,14,66.25,146.97,188.12,393.19,0.8588,40.457
2425,16,41.81,80.22,144.66,203.89,0.6896,40.457
2425,11,441.76,124.67,489.67,226.65,0.5027,40.457
2426,7,353.92,78.67,445.13,303.88,0.8753,40.474
2426,13,376.11,14.42,413.64,120.13,0.6785,40.474
2426,14,65.64,147.12,187.56,393.79,0.8528,40.474
2426,16,41.55,80.19,145.03,204.31,0.6827,40.474
2426,11,443.78,124.9,492.74,226.68,0.4991,40.474
2427,7,351.85,78.54,444.59,303.98,0.8772,40.49
2427,13,375.68,14.25,413.39,120.02,0.6829,40.49
2427,14,64.53,147.58,186.81,394.75,0.7778,40.49
2427,16,41.43,80.25,145.18,204.58,0.6197,40.49
2427,11,443.39,124.79,493.35,226.84,0.4811,40.49
2428,7,349.61,78.72,443.8,304.04,0.8824,40.507
2428,13,375.06,14.31,413.38,121.67,0.7284,40.507
2428,14,64.02,147.76,186.27,395.11,0.8386,40.507
2428,16,41.46,80.31,145.09,204.27,0.6703,40.507
2428,11,443.29,125.2,493.98,226.93,0.4303,40.507
2429,7,347.88,78.23,443.57,303.81,0.8843,40.524
2429,13,374.64,14.16,413.14,121.94,0.735,40.524
2429,14,63.7,147.69,185.57,394.44,0.8484,40.524
2429,16,41.19,80.27,144.84,203.71,0.6846,40.524
2429,11,442.47,125.26,493.97,227.14,0.4448,40.524
2430,7,346.56,78.02,443.64,303.77,0.8839,40.541
2430,13,374.66,14.12,413.27,122.16,0.7363,40.541
2430,14,62.87,148.14,184.14,393.78,0.8154,40.541
2430,16,41.62,80.29,145.04,203.06,0.6768,40.541
2430,11,444.87,124.85,498.11,227.29,0.4443,40.541
2431,7,345.39,78.08,443.68,303.72,0.8838,40.557
2431,13,374.53,14.12,412.98,121.5,0.7572,40.557
2431,14,62.5,147.96,183.47,393.09,0.84,40.557
2431,16,42.07,80.32,145.6,202.87,0.6904,40.557
2431,11,445.55,124.73,500.18,227.22,0.4476,40.557
2432,7,344.0,78.18,443.5,303.94,0.882,40.574
2432,13,374.46,14.0,412.77,120.79,0.7698,40.574
2432,14,62.07,147.68,183.33,393.71,0.8743,40.574
2432,16,42.05,80.26,145.53,202.46,0.7383,40.574
2432,11,437.87,125.03,491.42,227.42,0.5208,40.574
2433,7,342.62,78.29,443.35,304.07,0.8832,40.591
2433,13,374.26,13.93,412.57,120.42,0.7527,40.591
2433,14,61.86,148.39,182.46,393.22,0.8129,40.591
2433,16,41.72,80.17,145.5,202.56,0.6724,40.591
2433,11,434.56,125.08,487.15,227.64,0.5536,40.591
2434,7,341.1,78.37,443.08,303.97,0.8694,40.607
2434,13,374.17,13.91,412.45,120.04,0.755,40.607
2434,14,61.47,148.25,182.62,394.41,0.846,40.607
2434,16,41.54,80.17,145.39,202.43,0.6878,40.607
2434,11,433.45,125.35,484.86,227.67,0.5248,40.607
2435,7,339.97,78.17,443.07,303.71,0.8598,40.624
2435,13,374.12,13.89,412.37,119.72,0.755,40.624
2435,14,61.48,148.63,181.61,392.58,0.7946,40.624
2435,16,41.48,80.24,145.35,202.42,0.6722,40.624
2435,11,433.03,125.39,483.53,227.74,0.5115,40.624
2436,7,338.58,77.93,442.77,303.57,0.8583,40.641
2436,13,374.08,13.82,412.33,119.32,0.7502,40.641
2436,14,61.34,148.67,181.82,393.26,0.839,40.641
2436,16,41.24,80.01,145.23,202.16,0.7024,40.641
2436,11,432.96,125.55,482.4,227.78,0.5896,40.641
2437,7,336.6,77.88,441.71,303.26,0.8548,40.657
2437,13,374.09,13.73,412.41,119.06,0.7342,40.657
2437,14,60.76,148.7,181.66,394.2,0.8507,40.657
2437,16,40.98,79.8,145.45,202.25,0.6925,40.657
2437,11,434.21,125.63,483.12,227.75,0.4984,40.657
2438,7,335.69,77.71,441.1,301.77,0.8598,40.674
2438,13,374.12,13.69,412.47,118.71,0.7346,40.674
2438,14,59.97,148.8,181.34,395.21,0.8596,40.674
2438,16,40.93,79.73,145.75,202.33,0.712,40.674
2438,11,435.0,125.74,483.35,227.71,0.5395,40.674
2439,7,334.37,77.55,440.49,301.27,0.8541,40.691
2439,13,374.14,13.63,412.57,118.47,0.7416,40.691
2439,14,59.15,148.98,180.88,395.97,0.8671,40.691
2439,16,41.23,79.69,146.33,202.18,0.71,40.691
2439,11,435.99,126.05,483.97,227.74,0.5561,40.691
2440,7,331.92,77.01,439.66,301.98,0.8769,40.707
2440,13,374.35,13.86,412.86,118.61,0.7331,40.707
2440,14,58.84,149.03,180.75,396.23,0.864,40.707
2440,16,41.65,79.58,147.41,202.27,0.6869,40.707
2440,11,436.88,126.18,484.93,227.67,0.5439,40.707
2441,7,330.34,76.55,439.4,302.31,0.8854,40.724
2441,13,374.45,13.94,412.98,118.54,0.7441,40.724
2441,14,58.51,149.23,180.61,396.48,0.8636,40.724
2441,16,41.9,79.36,148.46,202.2,0.6777,40.724
2441,11,436.74,126.27,484.96,227.65,0.5546,40.724
2442,7,329.24,76.75,439.18,302.5,0.8857,40.741
2442,13,374.45,13.97,413.06,118.62,0.7386,40.741
2442,14,58.46,149.24,180.59,396.33,0.8766,40.741
2442,16,42.25,79.22,149.76,202.44,0.6969,40.741
2442,11,436.46,126.11,484.65,227.63,0.578,40.741
2443,7,328.35,76.47,439.23,302.43,0.8831,40.757
2443,13,373.91,13.65,412.92,119.49,0.7335,40.757
2443,14,58.25,149.23,180.34,395.78,0.8711,40.757
2443,16,42.19,79.17,150.73,202.97,0.6654,40.757
2443,11,435.0,125.87,482.9,227.59,0.6076,40.757
2444,7,327.27,76.24,438.71,301.86,0.8813,40.774
2444,13,373.98,13.52,412.85,118.97,0.7192,40.774
2444,14,57.94,149.25,180.17,395.61,0.8715,40.774
2444,16,41.4,79.02,152.6,205.47,0.6522,40.774
2444,11,435.0,125.56,482.79,227.53,0.5672,40.774
2445,7,326.26,76.3,437.92,300.6,0.8858,40.791
2445,13,374.05,13.63,412.68,118.48,0.7439,40.791
2445,14,57.46,149.28,180.06,395.93,0.8756,40.791
2445,16,41.27,78.87,152.69,205.0,0.6642,40.791
2445,11,437.17,125.11,485.97,227.62,0.5389,40.791
2446,7,325.31,76.56,437.65,300.53,0.8838,40.807
2446,13,374.14,13.68,412.53,117.85,0.7446,40.807
2446,14,57.25,149.53,179.89,395.73,0.8743,40.807
2446,16,39.38,78.82,154.96,209.73,0.6535,40.807
2446,11,437.41,124.9,486.75,227.61,0.541,40.807
2447,7,325.23,77.89,437.46,299.76,0.8806,40.824
2447,13,374.55,13.95,412.54,116.78,0.7513,40.824
2447,14,57.08,149.78,179.84,395.72,0.8804,40.824
2447,16,39.12,78.78,155.32,210.08,0.6712,40.824
2447,11,435.94,124.58,485.92,227.62,0.5329,40.824
2448,7,324.29,77.37,437.39,299.31,0.8766,40.841
2448,13,374.74,14.06,412.52,116.09,0.7374,40.841
2448,14,56.78,149.82,179.66,395.37,0.8668,40.841
2448,16,37.74,78.74,157.06,213.79,0.6464,40.841
2448,11,434.99,124.37,485.43,227.61,0.5188,40.841
2449,7,323.41,77.0,437.21,299.05,0.872,40.857
2449,13,374.88,14.1,412.51,115.48,0.7161,40.857
2449,14,56.36,149.74,179.68,395.63,0.8587,40.857
2449,16,38.14,78.51,156.68,212.52,0.6439,40.857
2449,11,434.29,123.37,485.66,227.67,0.581,40.857
2450,7,322.71,76.56,437.3,299.03,0.8709,40.874
2450,13,374.84,14.12,412.54,115.5,0.699,40.874
2450,14,55.97,149.8,179.67,395.92,0.8669,40.874
2450,16,31.92,78.45,163.09,228.84,0.6355,40.874
2450,11,433.83,122.79,485.79,227.68,0.5771,40.874
2451,7,322.33,76.39,436.78,297.36,0.866,40.891
2451,13,374.72,14.16,412.65,116.1,0.6847,40.891
2451,14,55.68,149.93,179.59,395.84,0.8571,40.891
2451,16,33.34,78.44,161.85,226.67,0.6388,40.891
2451,11,435.7,122.2,488.48,227.6,0.6296,40.891
2452,7,322.4,76.19,436.94,296.3,0.8638,40.908
2452,13,374.69,14.25,412.63,116.15,0.6818,40.908
2452,14,55.32,150.06,179.5,395.86,0.849,40.908
2452,16,28.66,78.34,166.84,240.54,0.6176,40.908
2452,11,433.09,122.16,485.5,227.57,0.5879,40.908
2453,7,322.63,76.06,437.28,295.56,0.8682,40.924
2453,13,374.9,14.42,412.52,115.35,0.6846,40.924
2453,14,55.18,150.25,179.5,395.7,0.8555,40.924
2453,16,29.18,78.24,166.51,241.55,0.6358,40.924
2453,11,431.72,121.54,484.13,227.61,0.5835,40.924
2454,7,322.63,75.85,437.5,294.92,0.8737,40.941
2454,13,375.02,14.47,412.46,114.75,0.6472,40.941
2454,14,54.95,150.38,179.49,395.64,0.8535,40.941
2454,16,26.28,78.2,169.75,252.14,0.6272,40.941
2454,11,431.56,121.34,483.84,227.59,0.5752,40.941
2455,7,323.12,75.71,438.28,294.83,0.8735,40.958
2455,13,375.15,14.48,412.46,114.18,0.6316,40.958
2455,14,54.61,150.45,179.45,395.68,0.8469,40.958
2455,16,25.73,78.19,170.68,257.19,0.6044,40.958
2455,11,432.05,121.2,484.23,227.5,0.562,40.958
2456,7,323.16,75.66,438.47,294.66,0.8728,40.974
2456,13,375.52,14.53,412.39,112.72,0.593,40.974
2456,14,54.45,150.51,179.53,395.65,0.8518,40.974
2456,16,25.26,78.2,171.25,261.88,0.6054,40.974
2456,11,431.22,120.86,483.15,227.39,0.5786,40.974
2457,7,322.77,75.53,438.57,295.03,0.8682,40.991
2457,13,376.32,14.53,411.69,107.92,0.5771,40.991
2457,14,54.01,150.54,179.52,395.96,0.844,40.991
2457,16,25.62,78.03,170.67,263.69,0.5993,40.991
2457,11,431.14,120.2,483.06,227.29,0.5458,40.991
2458,7,322.62,75.98,438.53,295.26,0.8618,41.008
2458,13,377.0,14.54,411.05,103.33,0.5653,41.008
2458,14,53.39,150.58,179.23,396.11,0.8124,41.008
2458,16,26.51,77.95,169.89,264.45,0.564,41.008
2458,11,431.24,120.07,482.93,227.26,0.5487,41.008
2459,7,322.85,75.92,439.03,295.56,0.8659,41.024
2459,13,376.79,14.49,411.37,103.98,0.5631,41.024
2459,14,53.18,150.53,179.38,396.13,0.8263,41.024
2459,16,27.3,77.94,169.07,265.14,0.5704,41.024
2459,11,431.46,120.01,482.79,227.16,0.5523,41.024
2460,7,322.74,75.65,439.24,295.76,0.8626,41.041
2460,13,377.62,14.53,410.77,98.88,0.4645,41.041
2460,14,52.71,150.44,179.55,396.79,0.814,41.041
2460,16,28.2,77.76,167.78,264.54,0.5363,41.041
2460,11,431.76,119.79,482.67,226.53,0.5457,41.041
2461,7,322.49,75.34,439.47,296.54,0.8599,41.058
2461,13,377.37,14.56,411.33,100.1,0.4986,41.058
2461,14,52.01,150.38,179.27,397.13,0.7987,41.058
2461,16,28.59,77.48,167.34,265.62,0.5101,41.058
2461,11,432.5,119.64,483.5,226.28,0.5617,41.058
2462,7,322.46,75.26,439.43,296.53,0.8616,41.074
2462,13,377.03,14.57,411.71,101.28,0.5537,41.074
2462,14,51.7,150.36,179.24,397.26,0.7996,41.074
2462,16,29.28,77.41,166.62,265.87,0.5104,41.074
2462,11,432.69,119.62,483.8,226.21,0.5583,41.074
2463,7,322.58,74.87,439.68,296.66,0.8613,41.091
2463,13,377.11,14.59,411.8,100.53,0.5568,41.091
2463,14,51.79,150.19,179.59,397.21,0.8171,41.091
2463,16,33.4,77.77,165.89,260.22,0.5452,41.091
2463,11,432.84,119.73,484.13,226.2,0.5505,41.091
2464,7,322.63,74.42,439.7,296.54,0.8639,41.108
2464,13,377.46,14.64,411.46,97.82,0.5204,41.108
2464,14,51.51,150.2,179.59,397.58,0.8078,41.108
2464,16,35.31,77.94,165.79,258.11,0.5357,41.108
2464,11,432.53,119.79,483.73,226.14,0.5843,41.108
2465,7,323.16,75.34,439.59,296.55,0.864,41.124
2465,13,377.04,14.53,411.86,99.17,0.5862,41.124
2465,14,51.14,150.2,179.56,397.99,0.8058,41.124
2465,16,36.11,77.85,165.82,257.44,0.5229,41.124
2465,11,434.55,119.37,486.69,226.73,0.5445,41.124
2466,7,323.19,75.25,439.65,296.85,0.8617,41.141
2466,13,376.83,14.5,411.98,99.4,0.5838,41.141
2466,14,51.0,150.2,179.61,398.13,0.8082,41.141
2466,16,36.47,77.82,165.68,257.15,0.525,41.141
2466,11,435.28,119.2,488.05,226.97,0.5495,41.141
2467,7,323.59,75.61,439.59,296.6,0.8582,41.158
2467,13,377.0,14.45,411.75,97.68,0.5832,41.158
2467,14,50.91,150.2,179.68,398.27,0.8108,41.158
2467,16,36.6,77.72,165.46,257.01,0.5358,41.158
2467,11,435.56,119.14,489.03,227.28,0.5734,41.158
2468,7,323.86,75.14,439.79,296.43,0.8559,41.174
2468,13,377.25,14.22,411.67,95.76,0.4674,41.174
2468,14,50.78,150.19,179.74,398.48,0.8145,41.174
2468,16,36.67,77.66,165.77,257.75,0.5054,41.174
2468,11,432.47,119.27,485.64,227.25,0.5863,41.174
2469,7,324.15,75.72,439.66,296.35,0.8543,41.191
2469,13,377.19,13.9,412.16,96.05,0.551,41.191
2469,14,50.55,150.13,179.74,398.65,0.8077,41.191
2469,16,36.7,77.58,166.01,258.32,0.4894,41.191
2469,11,431.59,119.07,484.97,227.32,0.5485,41.191
2470,7,324.5,76.45,439.44,296.04,0.853,41.208
2470,13,377.07,13.74,412.41,96.11,0.5469,41.208
2470,14,50.41,150.11,179.75,398.74,0.807,41.208
2470,16,36.8,77.55,166.09,258.59,0.4872,41.208
2470,11,431.88,119.0,485.57,227.33,0.5496,41.208
2471,7,325.0,78.32,439.04,296.0,0.8548,41.225
2471,13,376.89,13.7,412.55,96.27,0.5749,41.225
2471,14,50.28,150.12,179.76,398.83,0.8064,41.225
2471,16,36.92,77.53,166.13,258.76,0.4859,41.225
2471,11,431.2,118.98,484.98,227.36,0.5538,41.225
2472,7,325.11,79.81,438.52,295.93,0.8578,41.241
2472,13,376.92,13.48,412.81,96.05,0.6004,41.241
2472,14,50.37,150.1,179.94,398.88,0.8078,41.241
2472,16,33.08,77.05,165.09,264.07,0.4945,41.241
2472,11,431.76,118.91,485.91,227.38,0.5677,41.241
2473,7,325.04,79.09,438.85,296.01,0.8584,41.258
2473,13,376.97,13.12,413.07,95.59,0.6185,41.258
2473,14,50.61,150.1,180.14,398.79,0.8192,41.258
2473,16,31.73,76.89,164.11,266.11,0.5119,41.258
2473,11,432.44,118.93,487.23,227.34,0.5626,41.258
2474,7,324.97,78.56,439.05,296.06,0.8588,41.275
2474,13,376.93,12.96,413.27,95.42,0.6041,41.275
2474,14,50.7,150.1,180.21,398.75,0.8191,41.275
2474,16,31.55,76.82,163.42,266.84,0.5092,41.275
2474,11,434.73,118.94,490.6,227.69,0.5679,41.275
2475,7,324.83,77.18,439.49,296.06,0.8603,41.291
2475,13,377.06,12.91,413.61,95.17,0.597,41.291
2475,14,50.55,150.09,180.13,398.83,0.8123,41.291
2475,16,31.79,76.82,162.86,267.06,0.4975,41.291
2475,11,435.16,118.96,491.79,227.8,0.5633,41.291
2476,7,325.03,76.58,439.77,296.03,0.8611,41.308
2476,13,377.1,12.58,413.91,94.84,0.5917,41.308
2476,14,50.68,150.06,180.13,398.55,0.8093,41.308
2476,16,31.94,76.79,161.89,266.5,0.5009,41.308
2476,11,435.52,118.96,493.11,227.81,0.6214,41.308
2477,7,325.09,76.33,439.75,295.97,0.8607,41.325
2477,13,377.02,12.37,413.84,94.19,0.591,41.325
2477,14,50.87,150.08,180.29,398.47,0.8187,41.325
2477,16,32.22,76.78,161.18,266.03,0.5197,41.325
2477,11,435.79,118.95,494.28,227.78,0.6304,41.325
2478,7,325.03,76.0,439.69,295.89,0.8598,41.341
2478,13,377.02,12.13,413.86,93.51,0.5762,41.341
2478,14,50.96,150.08,180.42,398.59,0.8223,41.341
2478,16,32.5,76.79,160.75,265.91,0.5275,41.341
2478,11,435.61,118.93,494.88,227.72,0.6233,41.341
2479,7,325.32,75.33,439.26,294.09,0.8607,41.358
2479,13,377.09,11.95,413.76,92.18,0.5934,41.358
2479,14,51.05,149.72,180.71,398.87,0.8433,41.358
2479,16,35.18,76.67,157.13,256.04,0.5917,41.358
2479,11,435.52,119.7,495.21,227.55,0.6854,41.358
2480,7,325.72,75.43,438.91,292.84,0.8601,41.375
2480,13,377.11,11.76,413.99,91.73,0.6165,41.375
2480,14,51.09,149.64,180.75,399.02,0.8404,41.375
2480,16,35.32,76.65,156.62,255.04,0.5726,41.375
2480,11,435.15,119.71,495.7,227.54,0.6684,41.375
2481,7,325.87,75.56,438.74,292.41,0.8598,41.391
2481,13,377.03,11.7,414.16,91.57,0.6127,41.391
2481,14,51.27,149.61,180.83,399.07,0.8462,41.391
2481,16,35.77,76.65,156.07,253.36,0.5856,41.391
2481,11,434.9,119.73,496.26,227.52,0.6718,41.391
2482,7,325.99,75.78,438.61,292.2,0.8594,41.408
2482,13,376.97,11.69,414.35,91.56,0.6281,41.408
2482,14,51.4,149.6,180.84,399.1,0.8503,41.408
2482,16,35.78,76.76,156.1,253.39,0.5955,41.408
2482,11,434.65,119.69,496.67,227.48,0.6712,41.408
2483,7,326.09,76.14,438.48,292.12,0.8572,41.425
2483,13,376.96,11.64,414.53,91.53,0.6674,41.425
2483,14,51.88,149.51,181.11,399.0,0.8583,41.425
2483,16,37.05,76.77,154.63,248.54,0.6086,41.425
2483,11,434.48,119.92,496.96,227.39,0.6551,41.425
2484,7,326.15,76.16,438.52,292.14,0.8598,41.441
2484,13,377.13,11.6,414.82,91.49,0.6558,41.441
2484,14,52.12,149.44,181.24,399.18,0.8567,41.441
2484,16,40.71,76.79,150.63,234.84,0.6013,41.441
2484,11,434.81,119.96,497.87,227.22,0.6503,41.441
2485,7,326.18,76.18,438.53,292.16,0.8599,41.458
2485,13,377.15,11.59,414.97,91.49,0.6532,41.458
2485,14,52.26,149.33,181.25,399.26,0.8566,41.458
2485,16,41.88,76.81,149.23,228.86,0.6047,41.458
2485,11,434.76,119.95,498.46,227.18,0.6674,41.458
2486,7,326.2,76.17,438.55,292.2,0.8602,41.475
2486,13,377.12,11.6,415.07,91.57,0.6511,41.475
2486,14,52.3,149.16,181.19,399.29,0.8536,41.475
2486,16,41.7,76.82,149.31,227.29,0.6025,41.475
2486,11,434.46,119.95,498.73,227.17,0.6686,41.475
2487,7,326.26,76.14,438.62,292.25,0.859,41.491
2487,13,377.27,11.55,415.31,91.61,0.6312,41.491
2487,14,52.57,149.12,181.24,399.32,0.857,41.491
2487,16,46.51,77.16,144.06,209.45,0.6266,41.491
2487,11,433.96,119.88,498.63,227.12,0.6727,41.491
2488,7,326.12,76.12,438.51,292.33,0.8592,41.508
2488,13,377.72,11.59,415.54,91.24,0.6388,41.508
2488,14,52.81,148.88,181.33,399.35,0.8562,41.508
2488,16,47.61,77.25,142.72,202.84,0.6321,41.508
2488,11,433.53,120.02,498.36,226.98,0.682,41.508
2489,7,326.07,76.12,438.45,292.38,0.8589,41.525
2489,13,377.89,11.62,415.62,91.11,0.6376,41.525
2489,14,52.96,148.74,181.32,399.41,0.8569,41.525
2489,16,47.19,77.28,142.91,200.74,0.6278,41.525
2489,11,433.53,120.07,498.69,226.97,0.6885,41.525
2490,7,326.07,76.21,438.4,292.37,0.8581,41.541
2490,13,378.02,11.63,415.64,90.94,0.6521,41.541
2490,14,53.03,148.61,181.25,399.46,0.8466,41.541
2490,16,45.19,77.17,144.05,202.41,0.605,41.541
2490,11,433.03,120.09,498.33,226.91,0.6671,41.541
2491,7,325.99,76.28,438.29,292.41,0.8584,41.558
2491,13,378.28,11.77,415.69,90.74,0.6651,41.558
2491,14,53.25,148.19,181.38,399.44,0.8586,41.558
2491,16,43.85,77.1,144.77,202.92,0.6317,41.558
2491,11,432.63,120.23,497.97,226.84,0.664,41.558
2492,7,325.85,76.17,438.21,292.44,0.8585,41.575
2492,13,378.56,11.87,415.84,90.81,0.677,41.575
2492,14,53.71,148.02,181.58,399.43,0.8553,41.575
2492,16,43.09,76.99,145.5,202.92,0.6352,41.575
2492,11,432.35,120.28,497.82,226.85,0.6314,41.575
2493,7,325.81,76.13,438.18,292.45,0.8591,41.592
2493,13,378.68,11.91,415.87,90.84,0.6764,41.592
2493,14,53.88,147.77,181.57,399.43,0.8552,41.592
2493,16,42.25,76.98,146.06,203.1,0.6219,41.592
2493,11,432.16,120.29,497.74,226.85,0.6466,41.592
2494,7,325.8,76.09,438.18,292.46,0.8603,41.608
2494,13,378.74,11.95,415.82,90.84,0.6842,41.608
2494,14,54.12,147.63,181.56,399.41,0.847,41.608
2494,16,41.1,76.99,146.48,203.79,0.6099,41.608
2494,11,431.75,120.35,497.31,226.85,0.6255,41.608
2495,7,325.63,75.94,438.11,292.48,0.8608,41.625
2495,13,379.14,11.98,416.04,90.74,0.6737,41.625
2495,14,54.53,147.49,181.66,399.43,0.8639,41.625
2495,16,41.9,76.96,146.9,201.84,0.6698,41.625
2495,11,431.62,120.42,497.17,226.82,0.6304,41.625
2496,7,325.28,75.67,437.95,292.4,0.8607,41.642
2496,13,379.44,12.2,416.18,90.99,0.6758,41.642
2496,14,55.08,147.28,181.91,399.47,0.8618,41.642
2496,16,41.72,76.94,147.25,201.22,0.6678,41.642
2496,11,431.65,120.56,496.65,225.96,0.5933,41.642
2497,7,325.12,75.57,437.93,292.39,0.8601,41.658
2497,13,379.59,12.28,416.19,91.09,0.6754,41.658
2497,14,55.62,147.15,182.06,399.45,0.8649,41.658
2497,16,39.78,76.89,147.24,202.75,0.686,41.658
2497,11,431.42,120.59,496.15,225.58,0.5496,41.658
2498,7,324.9,75.59,437.82,292.41,0.8596,41.675
2498,13,379.66,12.36,416.07,91.12,0.6751,41.675
2498,14,56.42,147.26,182.26,399.35,0.8688,41.675
2498,16,38.15,76.86,146.13,203.02,0.7092,41.675
2498,11,430.88,120.67,495.24,225.39,0.6064,41.675
2499,7,324.7,75.34,437.88,292.45,0.8577,41.692
2499,13,379.99,12.53,416.08,91.01,0.658,41.692
2499,14,57.0,147.18,182.35,399.29,0.8678,41.692
2499,16,37.03,76.85,145.16,203.16,0.7251,41.692
2499,11,430.7,120.6,494.9,225.32,0.5499,41.692
2500,7,324.11,75.28,437.5,292.45,0.8558,41.708
2500,13,380.19,12.71,416.09,91.32,0.65,41.708
2500,14,57.62,146.93,182.55,399.29,0.8616,41.708
2500,16,36.36,76.8,144.63,203.44,0.722,41.708
2500,11,430.84,120.6,494.91,225.38,0.6095,41.708
2501,7,324.11,75.86,437.34,291.94,0.8564,41.725
2501,13,380.33,12.77,416.05,91.46,0.6444,41.725
2501,14,58.26,146.81,182.63,399.19,0.8662,41.725
2501,16,34.84,76.81,142.54,203.48,0.7515,41.725
2501,11,430.88,120.63,494.76,225.4,0.6011,41.725
2502,7,323.75,76.18,437.16,291.75,0.8582,41.742
2502,13,380.42,12.81,415.96,91.55,0.6492,41.742
2502,14,59.01,146.73,182.78,399.13,0.8598,41.742
2502,16,34.48,76.81,141.5,203.37,0.7474,41.742
2502,11,430.61,120.71,494.19,225.44,0.6264,41.742
2503,7,323.15,76.34,436.92,291.73,0.8571,41.758
2503,13,380.56,13.03,415.83,91.64,0.6638,41.758
2503,14,59.73,146.42,183.1,399.19,0.8712,41.758
2503,16,34.48,76.78,140.85,203.3,0.7635,41.758
2503,11,430.52,120.72,494.08,226.1,0.6217,41.758
2504,7,322.8,76.36,436.91,291.63,0.8561,41.775
2504,13,380.67,12.79,415.9,91.8,0.666,41.775
2504,14,60.19,146.21,182.95,398.9,0.8746,41.775
2504,16,35.25,76.4,139.74,201.28,0.7681,41.775
2504,11,430.35,120.68,493.71,226.34,0.5938,41.775
2505,7,322.55,76.36,436.99,291.6,0.8556,41.792
2505,13,380.75,12.69,415.86,91.89,0.6721,41.792
2505,14,60.81,145.98,183.23,399.16,0.8711,41.792
2505,16,35.43,76.24,138.89,200.5,0.7644,41.792
2505,11,430.21,120.78,492.93,225.85,0.5584,41.792
2506,7,322.36,76.35,437.14,291.61,0.8566,41.808
2506,13,380.84,12.65,415.8,91.91,0.6711,41.808
2506,14,61.47,146.06,183.08,398.63,0.8596,41.808
2506,16,35.37,76.54,138.42,201.0,0.7288,41.808
2506,11,426.64,120.96,488.45,226.22,0.5832,41.808
2507,7,321.92,75.66,437.34,292.06,0.8556,41.825
2507,13,380.74,12.38,415.72,92.14,0.6931,41.825
2507,14,62.13,145.98,183.1,398.24,0.8648,41.825
2507,16,35.5,76.27,138.35,201.14,0.7476,41.825
2507,11,425.04,120.84,485.78,226.76,0.6082,41.825
2508,7,321.93,75.95,437.29,291.57,0.8575,41.842
2508,13,380.65,12.23,415.63,92.43,0.6975,41.842
2508,14,62.69,146.0,183.07,398.01,0.8559,41.842
2508,16,35.62,76.59,137.7,201.26,0.7221,41.842
2508,11,425.79,120.82,485.53,226.82,0.5972,41.842
2509,7,321.84,76.09,437.33,291.37,0.8575,41.858
2509,13,380.69,12.17,415.58,92.53,0.696,41.858
2509,14,63.44,145.9,183.31,397.97,0.8667,41.858
2509,16,35.5,76.34,137.3,201.36,0.7429,41.858
2509,11,428.05,120.75,487.06,226.44,0.5956,41.858
2510,7,321.69,76.04,437.47,291.3,0.8576,41.875
2510,13,380.74,12.2,415.52,92.56,0.69,41.875
2510,14,63.74,145.69,183.47,398.43,0.8662,41.875
2510,16,35.48,76.26,136.96,201.57,0.7545,41.875
2510,11,426.66,120.8,484.62,226.7,0.6478,41.875
2511,7,321.3,75.98,437.4,291.27,0.8579,41.892
2511,13,381.0,12.31,415.57,92.57,0.6705,41.892
2511,14,64.27,145.45,183.74,398.63,0.8686,41.892
2511,16,35.47,76.3,136.52,201.78,0.7426,41.892
2511,11,425.98,121.04,482.63,226.73,0.6552,41.892
2512,7,321.18,76.1,437.45,291.15,0.8588,41.909
2512,13,380.96,12.21,415.55,93.0,0.6631,41.909
2512,14,64.98,145.25,184.13,398.88,0.8833,41.909
2512,16,35.54,76.16,136.2,201.93,0.7664,41.909
2512,11,426.19,121.17,481.68,226.72,0.6595,41.909
2513,7,321.06,76.16,437.55,291.1,0.8586,41.925
2513,13,381.02,12.19,415.53,93.27,0.6769,41.925
2513,14,65.75,144.95,184.37,398.57,0.8824,41.925
2513,16,35.73,76.14,136.06,202.25,0.7615,41.925
2513,11,426.52,121.24,480.97,226.72,0.6684,41.925
2514,7,320.95,76.14,437.69,291.08,0.8573,41.942
2514,13,381.21,12.17,415.43,93.0,0.6768,41.942
2514,14,66.65,145.0,184.64,398.5,0.8839,41.942
2514,16,35.63,76.14,135.63,202.75,0.7584,41.942
2514,11,427.25,121.26,480.89,226.72,0.6614,41.942
2515,7,320.89,76.18,437.81,291.05,0.858,41.959
2515,13,381.4,12.14,415.29,92.52,0.6851,41.959
2515,14,67.44,144.88,184.86,398.4,0.8788,41.959
2515,16,35.53,75.97,135.15,203.15,0.727,41.959
2515,11,427.13,121.42,479.81,226.82,0.7028,41.959
2516,7,320.82,76.3,437.86,291.01,0.8573,41.975
2516,13,382.31,12.02,415.67,91.59,0.6543,41.975
2516,14,68.04,144.15,185.33,398.64,0.8832,41.975
2516,16,35.67,75.86,135.2,204.1,0.7391,41.975
2516,11,427.87,121.51,479.75,226.71,0.6921,41.975
2517,7,320.75,76.35,437.94,290.99,0.8579,41.992
2517,13,382.68,11.97,415.77,91.26,0.6485,41.992
2517,14,68.87,143.67,185.84,398.68,0.8881,41.992
2517,16,35.17,75.83,134.23,204.88,0.7474,41.992
2517,11,428.46,121.52,479.7,226.64,0.6861,41.992
2518,7,320.65,76.29,438.04,290.97,0.8556,42.009
2518,13,382.95,11.88,415.93,91.23,0.6352,42.009
2518,14,69.92,143.74,186.56,399.21,0.8951,42.009
2518,16,34.62,75.82,134.34,207.19,0.754,42.009
2518,11,429.15,121.52,479.92,226.58,0.6817,42.009
2519,7,320.63,76.34,438.15,290.97,0.8551,42.025
2519,13,383.29,11.39,416.32,91.18,0.6334,42.025
2519,14,70.84,143.53,187.15,399.27,0.8864,42.025
2519,16,34.49,75.75,134.77,209.45,0.7075,42.025
2519,11,429.78,121.63,480.1,226.49,0.6815,42.025
2520,7,320.64,76.38,438.26,290.98,0.8547,42.042
2520,13,383.73,11.12,416.65,91.06,0.6107,42.042
2520,14,71.92,143.45,187.61,398.74,0.8721,42.042
2520,16,34.17,75.77,134.95,211.96,0.6828,42.042
2520,11,429.62,121.48,479.49,226.47,0.6887,42.042
2521,7,320.64,76.4,438.34,290.96,0.8554,42.059
2521,13,384.13,10.91,416.96,91.14,0.5641,42.059
2521,14,73.26,142.36,188.58,397.62,0.8645,42.059
2521,16,34.87,75.79,133.98,211.24,0.6189,42.059
2521,11,429.73,121.38,479.17,226.45,0.685,42.059
2522,7,320.58,76.34,438.42,290.98,0.8552,42.075
2522,13,384.41,10.78,417.48,92.32,0.5546,42.075
2522,14,74.15,141.82,189.05,396.94,0.8679,42.075
2522,16,35.58,75.88,133.29,210.86,0.5961,42.075
2522,11,429.88,121.35,478.91,226.43,0.6871,42.075
2523,7,320.59,76.43,438.46,290.96,0.8555,42.092
2523,13,384.43,10.63,417.59,93.3,0.5072,42.092
2523,14,75.09,141.31,189.65,396.58,0.8666,42.092
2523,16,35.82,75.97,133.48,212.47,0.5339,42.092
2523,11,429.77,121.44,478.31,226.51,0.698,42.092
2524,7,320.57,76.49,438.44,290.86,0.8514,42.109
2524,13,385.28,10.85,418.1,93.71,0.5697,42.109
2524,14,76.05,141.04,190.16,395.85,0.852,42.109
2524,16,35.95,76.17,133.98,214.88,0.4837,42.109
2524,11,429.88,121.6,477.94,226.53,0.695,42.109
2525,7,320.54,76.48,438.48,290.82,0.8524,42.125
2525,13,385.65,10.82,418.27,94.2,0.554,42.125
2525,14,77.12,140.53,191.0,395.6,0.8503,42.125
2525,16,33.32,75.94,136.05,224.13,0.6029,42.125
2525,11,430.0,121.66,477.65,226.53,0.6982,42.125
2526,7,320.48,76.36,438.55,290.81,0.8551,42.142
2526,13,386.08,10.84,418.24,94.06,0.5183,42.142
2526,14,77.53,139.57,191.74,396.16,0.8382,42.142
2526,16,32.08,76.69,135.23,227.99,0.5981,42.142
2526,11,430.22,121.64,477.53,226.52,0.6957,42.142
2527,7,320.4,76.22,438.57,290.77,0.8556,42.159
2527,13,386.53,11.33,417.95,93.48,0.5319,42.159
2527,14,78.49,139.46,192.09,395.42,0.841,42.159
2527,16,33.42,76.66,134.3,227.0,0.6474,42.159
2527,11,430.52,121.94,477.44,226.43,0.6876,42.159
2528,7,320.35,76.27,438.57,290.78,0.8555,42.175
2528,13,386.97,11.68,418.41,94.99,0.5116,42.175
2528,14,79.6,139.16,192.38,393.91,0.8067,42.175
2528,16,33.98,77.01,132.5,225.43,0.5754,42.175
2528,11,431.59,122.3,478.24,226.16,0.6773,42.175
2529,7,320.29,76.23,438.59,290.78,0.856,42.192
2529,13,387.27,11.75,418.52,95.61,0.4849,42.192
2529,14,81.07,138.88,193.2,392.74,0.8325,42.192
2529,16,35.26,76.75,132.41,225.11,0.6416,42.192
2529,11,432.26,122.45,478.88,226.03,0.6827,42.192
2530,7,320.23,76.26,438.56,290.75,0.8574,42.209
2530,13,386.92,11.72,419.18,99.88,0.51,42.209
2530,14,82.82,137.48,193.77,389.16,0.8527,42.209
2530,16,36.02,76.71,131.88,224.99,0.6798,42.209
2530,11,432.38,122.52,478.99,225.99,0.6757,42.209
2531,7,320.25,76.35,438.55,290.72,0.8585,42.226
2531,13,386.97,11.57,419.61,102.48,0.4947,42.226
2531,14,84.3,136.49,194.81,387.85,0.8786,42.226
2531,16,36.72,76.72,131.54,225.09,0.7609,42.226
2531,11,432.3,122.61,478.9,226.04,0.6781,42.226
2532,7,320.3,76.44,438.59,290.76,0.8534,42.242
2532,13,387.43,11.96,419.7,103.43,0.5207,42.242
2532,14,85.2,136.34,195.64,388.35,0.8539,42.242
2532,16,37.23,77.11,131.27,225.94,0.6171,42.242
2532,11,432.45,122.52,479.1,226.0,0.6614,42.242
2533,7,320.28,76.52,438.56,290.77,0.8534,42.259
2533,13,388.06,12.03,419.72,103.14,0.4882,42.259
2533,14,86.7,136.8,196.62,389.07,0.7821,42.259
2533,16,37.99,76.97,131.24,225.83,0.5184,42.259
2533,11,432.4,122.49,479.08,226.0,0.6654,42.259
2534,7,320.47,76.14,438.69,290.5,0.855,42.276
2534,13,388.86,12.73,419.79,102.93,0.4711,42.276
2534,14,88.03,136.56,197.97,390.56,0.7456,42.276
2534,16,38.21,76.96,131.32,226.97,0.435,42.276
2534,11,432.37,122.51,479.02,225.98,0.6731,42.276
2535,7,320.46,75.88,438.66,290.52,0.8539,42.292
2535,13,389.4,13.04,419.87,102.95,0.4831,42.292
2535,14,89.55,135.83,197.84,386.48,0.7483,42.292
2535,16,38.66,76.95,130.98,226.84,0.4743,42.292
2535,11,431.92,122.37,478.52,226.05,0.6701,42.292
2536,7,320.53,75.83,438.57,290.47,0.854,42.309
2536,13,389.97,13.29,419.9,102.51,0.4825,42.309
2536,14,91.15,135.26,197.42,381.05,0.7686,42.309
2536,16,39.44,76.91,130.75,225.95,0.4689,42.309
2536,11,431.9,122.25,478.5,226.07,0.6644,42.309
2537,7,320.56,75.76,438.52,290.49,0.8547,42.326
2537,13,391.03,13.51,420.57,102.37,0.4789,42.326
2537,14,92.09,134.87,197.63,378.57,0.8196,42.326
2537,16,39.93,76.87,130.71,225.73,0.5872,42.326
2537,11,432.01,122.25,478.57,226.09,0.6754,42.326
2538,7,320.49,75.76,438.81,291.83,0.8466,42.342
2538,13,391.27,13.83,420.81,103.54,0.4627,42.342
2538,14,94.1,135.9,197.48,373.87,0.8743,42.342
2538,16,40.37,76.5,131.07,225.74,0.8299,42.342
2538,11,431.78,122.53,478.55,226.56,0.6789,42.342
2539,7,320.47,75.83,438.77,292.43,0.8462,42.359
2539,13,391.69,14.01,421.11,103.92,0.445,42.359
2539,14,94.84,136.25,197.55,371.84,0.8738,42.359
2539,16,41.14,76.66,131.37,225.45,0.8309,42.359
2539,11,431.71,122.63,478.62,226.69,0.6739,42.359
2540,7,320.44,75.75,438.65,292.68,0.8466,42.376
2540,13,392.46,13.85,421.55,103.27,0.3882,42.376
2540,14,94.69,134.61,198.33,371.51,0.8635,42.376
2540,16,41.51,76.71,131.56,225.5,0.8194,42.376
2540,11,431.67,122.65,478.71,226.75,0.6683,42.376
2541,7,320.56,75.81,438.56,292.82,0.8487,42.392
2541,14,95.37,133.79,198.99,369.89,0.8696,42.392
2541,16,41.26,76.5,132.37,227.53,0.8022,42.392
2541,11,431.49,122.67,478.59,226.77,0.6898,42.392
2542,7,320.86,76.02,438.6,293.13,0.848,42.409
2542,14,96.21,133.09,199.79,368.42,0.8792,42.409
2542,16,41.09,76.48,133.3,229.92,0.8163,42.409
2542,11,431.38,122.77,478.5,226.77,0.6849,42.409
2543,7,320.9,76.01,438.46,293.29,0.8463,42.426
2543,14,96.61,132.56,200.43,367.66,0.8722,42.426
2543,16,41.19,76.5,133.74,230.97,0.8063,42.426
2543,11,431.24,122.78,478.43,226.79,0.6844,42.426
2544,7,320.98,76.21,438.25,293.37,0.8454,42.442
2544,14,96.82,132.23,200.9,367.27,0.8747,42.442
2544,16,41.34,76.48,133.72,231.03,0.7853,42.442
2544,11,431.11,122.8,478.35,226.81,0.6892,42.442
2545,7,321.11,76.25,438.16,293.38,0.8446,42.459
2545,14,96.18,131.96,201.05,367.93,0.8817,42.459
2545,16,41.9,76.48,133.54,229.88,0.8054,42.459
2545,11,431.07,122.79,478.35,226.82,0.6882,42.459
2546,7,321.17,76.25,438.08,293.5,0.8459,42.476
2546,14,96.25,131.96,201.59,368.27,0.8829,42.476
2546,16,42.06,76.48,134.03,230.62,0.7834,42.476
2546,11,430.87,122.77,478.19,226.84,0.6986,42.476
2547,7,321.26,76.12,438.04,293.54,0.8459,42.492
2547,14,96.83,131.89,201.89,366.83,0.8844,42.492
2547,16,42.05,76.47,134.73,232.09,0.7043,42.492
2547,11,430.73,122.72,478.05,226.87,0.7007,42.492
2548,7,321.69,75.97,438.0,292.8,0.8453,42.509
2548,14,96.98,131.79,202.37,366.79,0.8797,42.509
2548,16,42.62,76.46,134.83,231.21,0.6816,42.509
2548,11,430.69,122.72,477.97,226.88,0.7039,42.509
2549,7,321.42,75.89,437.86,293.26,0.845,42.526
2549,14,97.04,131.46,203.48,368.75,0.8711,42.526
2549,16,42.54,76.38,135.55,232.58,0.6623,42.526
2549,11,430.68,122.7,477.93,226.88,0.7034,42.526
2550,7,321.4,75.82,437.81,293.43,0.8454,42.543
2550,14,97.74,131.29,203.9,367.87,0.8613,42.543
2550,16,42.02,76.26,136.45,235.24,0.4856,42.543
2550,11,430.57,122.67,477.75,226.9,0.704,42.543
2551,7,321.26,75.81,437.57,293.39,0.846,42.559
2551,14,98.7,131.2,204.17,366.13,0.8621,42.559
2551,16,34.59,76.92,144.48,265.74,0.5275,42.559
2551,11,430.56,122.6,477.76,227.0,0.7021,42.559
2552,7,321.23,75.91,437.42,293.37,0.8469,42.576
2552,14,99.02,130.88,204.36,365.25,0.8524,42.576
2552,16,32.64,76.88,146.71,276.61,0.5122,42.576
2552,11,430.53,122.56,477.7,227.05,0.7061,42.576
2553,7,321.15,75.97,437.27,293.37,0.8478,42.593
2553,14,99.36,130.48,204.25,363.09,0.8435,42.593
2553,16,28.26,76.47,151.43,297.69,0.5269,42.593
2553,11,430.53,122.54,477.66,227.08,0.7083,42.593
2554,7,321.2,76.08,437.21,293.31,0.8486,42.609
2554,14,100.86,130.3,205.09,361.32,0.8477,42.609
2554,16,29.68,76.96,150.75,298.7,0.6009,42.609
2554,11,430.61,122.55,477.72,227.1,0.7016,42.609
2555,7,321.23,75.93,437.27,293.31,0.8479,42.626
2555,14,101.97,130.13,205.4,359.18,0.8511,42.626
2555,16,30.36,77.15,150.8,302.04,0.6455,42.626
2555,11,430.49,122.59,477.56,227.15,0.7026,42.626
2556,7,321.29,75.97,437.25,293.3,0.8479,42.643
2556,14,102.21,129.79,205.36,357.8,0.8332,42.643
2556,16,30.05,76.58,150.81,306.5,0.6047,42.643
2556,11,430.46,122.6,477.47,227.16,0.7027,42.643
2557,7,321.33,75.89,437.28,293.28,0.8474,42.659
2557,14,102.66,129.49,205.14,355.48,0.8426,42.659
2557,16,32.1,77.13,149.53,304.09,0.6033,42.659
2557,11,430.49,122.62,477.44,227.15,0.7048,42.659
2558,7,321.34,75.78,437.29,293.29,0.847,42.676
2558,14,104.51,129.67,205.54,352.3,0.8507,42.676
2558,16,33.53,77.18,148.78,302.96,0.7296,42.676
2558,11,430.77,122.68,477.67,227.08,0.7036,42.676
2559,7,321.47,75.73,437.35,293.22,0.8493,42.693
2559,14,105.26,129.63,205.91,351.42,0.8493,42.693
2559,16,34.95,77.1,148.16,301.4,0.7499,42.693
2559,11,431.18,122.64,478.15,227.0,0.6959,42.693
2560,7,321.51,75.65,437.36,293.21,0.8487,42.709
2560,14,105.9,129.63,206.11,350.33,0.8466,42.709
2560,16,35.88,77.18,147.71,301.01,0.7496,42.709
2560,11,431.3,122.63,478.32,226.97,0.6962,42.709
2561,7,321.5,75.57,437.33,293.16,0.8502,42.726
2561,14,106.81,129.89,205.7,347.25,0.8531,42.726
2561,16,36.64,77.34,147.35,300.9,0.7452,42.726
2561,11,431.38,122.65,478.46,226.95,0.6923,42.726
2562,7,321.5,75.52,437.3,293.14,0.8501,42.743
2562,14,107.65,129.87,205.78,345.15,0.858,42.743
2562,16,37.44,77.32,146.92,300.14,0.7749,42.743
2562,11,431.48,122.64,478.65,226.94,0.6911,42.743
2563,7,321.61,75.63,437.3,293.15,0.8462,42.759
2563,14,107.22,129.96,206.5,347.87,0.8415,42.759
2563,16,37.46,77.18,147.24,302.54,0.7633,42.759
2563,11,431.63,122.68,478.88,226.92,0.6947,42.759
2564,7,321.7,75.7,437.3,293.17,0.8475,42.776
2564,14,107.5,129.96,206.35,346.86,0.8607,42.776
2564,16,37.65,77.13,147.29,304.03,0.7841,42.776
2564,11,431.61,122.7,478.95,226.93,0.6951,42.776
2565,7,321.81,75.89,437.26,293.15,0.849,42.793
2565,14,107.66,129.82,206.46,346.61,0.8588,42.793
2565,16,37.91,77.12,147.56,305.77,0.7816,42.793
2565,11,431.57,122.74,479.0,226.93,0.6965,42.793
2566,7,321.83,76.1,437.16,293.15,0.8495,42.809
2566,14,107.79,129.77,206.67,346.81,0.8578,42.809
2566,16,38.12,77.0,147.44,306.77,0.7857,42.809
2566,11,431.61,122.91,479.07,226.92,0.6966,42.809
2567,7,321.94,76.14,437.18,293.05,0.8503,42.826
2567,14,108.32,129.76,206.98,346.48,0.8693,42.826
2567,16,38.44,76.83,147.77,308.53,0.7947,42.826
2567,11,431.58,123.01,479.13,226.94,0.673,42.826
2568,7,321.98,76.11,437.21,293.0,0.851,42.843
2568,14,108.4,129.71,207.23,347.05,0.8598,42.843
2568,16,38.71,76.91,147.6,309.49,0.7951,42.843
2568,11,431.53,123.04,479.17,226.94,0.6711,42.843
2569,7,321.99,76.07,437.22,292.98,0.8505,42.859
2569,14,109.02,129.65,207.18,345.61,0.8619,42.859
2569,16,38.95,76.7,147.49,310.32,0.8045,42.859
2569,11,431.51,123.05,479.26,226.94,0.6701,42.859
2570,7,322.03,76.12,437.18,292.85,0.8501,42.876
2570,14,109.05,129.66,207.93,347.81,0.8633,42.876
2570,16,39.45,76.63,147.84,312.06,0.8246,42.876
2570,11,431.41,123.06,479.26,226.93,0.6503,42.876
2571,7,321.89,76.15,437.11,292.89,0.8495,42.893
2571,14,109.87,129.45,207.7,345.52,0.8722,42.893
2571,16,40.31,76.63,147.78,311.99,0.8167,42.893
2571,11,431.99,122.95,480.15,226.87,0.6512,42.893
2572,7,321.87,76.15,437.13,292.89,0.8497,42.91
2572,14,110.14,129.43,207.51,344.7,0.8718,42.91
2572,16,40.9,76.7,147.53,311.75,0.8153,42.91
2572,11,432.0,122.92,480.41,226.89,0.6273,42.91
2573,7,321.86,76.17,437.15,292.88,0.8506,42.926
2573,14,110.51,129.34,207.35,343.63,0.875,42.926
2573,16,41.75,76.95,147.54,311.74,0.8188,42.926
2573,11,431.86,122.92,480.44,226.91,0.6296,42.926
2574,7,321.93,76.15,437.28,292.96,0.8498,42.943
2574,14,110.8,129.29,207.35,343.17,0.8757,42.943
2574,16,42.1,76.98,147.57,312.44,0.8183,42.943
2574,11,432.47,122.71,481.44,226.75,0.635,42.943
2575,7,321.92,75.87,437.35,292.83,0.8504,42.96
2575,14,111.09,129.25,207.23,342.33,0.8782,42.96
2575,16,42.49,76.96,147.6,312.82,0.8119,42.96
2575,11,433.38,122.02,482.9,226.29,0.6107,42.96
2576,7,321.9,75.77,437.35,292.78,0.8504,42.976
2576,14,111.18,129.08,207.35,342.48,0.8769,42.976
2576,16,42.35,77.11,148.89,317.92,0.8187,42.976
2576,11,433.59,121.78,483.59,226.16,0.6021,42.976
2577,7,321.88,75.73,437.35,292.79,0.8501,42.993
2577,14,111.18,128.71,207.32,342.28,0.8722,42.993
2577,16,42.72,77.0,149.48,319.98,0.8104,42.993
2577,11,433.35,121.71,483.65,226.1,0.6262,42.993
2578,7,321.82,75.65,437.28,292.68,0.8507,43.01
2578,14,111.32,128.67,207.27,341.92,0.8706,43.01
2578,16,43.21,76.89,149.56,320.48,0.823,43.01
2578,11,432.2,121.7,482.82,226.47,0.6501,43.01
2579,7,321.93,75.58,437.35,292.56,0.8491,43.026
2579,14,111.48,128.42,207.39,341.67,0.871,43.026
2579,16,43.69,76.67,149.45,320.47,0.8124,43.026
2579,11,430.69,121.51,481.32,226.7,0.6474,43.026
2580,7,321.96,75.54,437.37,292.51,0.8491,43.043
2580,14,111.66,128.24,207.45,341.37,0.8684,43.043
2580,16,42.65,76.62,148.35,320.62,0.7974,43.043
2580,11,430.72,121.41,481.44,226.75,0.6276,43.043
2581,7,321.97,75.52,437.37,292.49,0.8488,43.06
2581,14,111.69,128.03,207.64,341.72,0.8597,43.06
2581,16,43.22,76.44,147.71,317.81,0.799,43.06
2581,11,431.85,121.28,482.7,226.32,0.6115,43.06
2582,7,321.99,75.56,437.38,292.51,0.8465,43.076
2582,14,111.74,127.9,207.81,342.23,0.8573,43.076
2582,16,43.58,76.27,147.5,316.39,0.7955,43.076
2582,11,429.94,121.6,480.44,226.69,0.6378,43.076
2583,7,322.3,75.66,437.69,292.75,0.8494,43.093
2583,14,112.08,127.58,207.81,341.39,0.865,43.093
2583,16,44.44,75.98,148.01,315.61,0.7952,43.093
2583,11,428.88,121.98,478.84,226.97,0.677,43.093
2584,7,322.84,75.73,437.84,292.19,0.8494,43.11
2584,14,112.17,127.57,207.69,341.12,0.8671,43.11
2584,16,46.09,75.81,149.03,315.13,0.7961,43.11
2584,11,428.49,122.12,477.98,227.09,0.6782,43.11
2585,7,323.05,75.76,437.88,292.0,0.8501,43.126
2585,14,112.39,127.69,207.68,340.94,0.8672,43.126
2585,16,47.11,75.49,149.57,314.95,0.803,43.126
2585,11,428.89,122.14,478.05,227.05,0.6162,43.126
2586,7,323.16,75.8,437.87,291.92,0.8495,43.143
2586,14,112.48,127.66,207.59,340.63,0.8702,43.143
2586,16,48.53,75.26,150.27,314.63,0.8027,43.143
2586,11,429.65,122.7,478.63,226.8,0.5847,43.143
2587,7,323.5,75.81,438.16,292.07,0.8489,43.16
2587,14,112.3,127.54,207.82,341.76,0.8606,43.16
2587,16,49.51,74.93,150.71,315.19,0.8104,43.16
2587,11,430.53,122.76,479.84,226.64,0.5733,43.16
2588,7,323.26,75.81,438.15,292.75,0.8488,43.176
2588,14,112.26,127.47,207.95,342.37,0.8594,43.176
2588,16,49.51,74.86,150.34,315.91,0.8019,43.176
2588,11,430.72,122.76,480.37,226.57,0.5618,43.176
2589,7,323.3,75.82,438.17,293.01,0.8518,43.193
2589,14,112.14,127.61,207.88,342.95,0.8658,43.193
2589,16,51.2,74.86,151.09,316.04,0.8178,43.193
2589,11,430.52,122.73,480.44,226.51,0.5797,43.193
2590,7,323.5,75.83,438.33,293.33,0.8502,43.21
2590,14,111.95,127.67,208.07,344.28,0.8624,43.21
2590,16,52.53,74.85,151.68,316.35,0.7908,43.21
2590,11,430.6,122.89,480.75,226.43,0.5485,43.21
2591,7,323.64,75.77,438.25,293.14,0.8513,43.227
2591,14,111.92,127.57,208.06,344.55,0.8556,43.227
2591,16,53.73,74.72,152.35,316.39,0.7458,43.227
2591,11,433.55,122.83,484.55,225.75,0.5293,43.227
2592,7,323.72,75.72,438.17,293.06,0.8529,43.243
2592,14,112.01,127.65,208.1,344.86,0.8649,43.243
2592,16,54.01,74.29,151.79,315.72,0.766,43.243
2592,11,434.33,122.83,486.25,225.52,0.5331,43.243
2593,7,324.02,75.79,438.15,292.81,0.8566,43.26
2593,14,112.02,127.71,208.0,344.87,0.8644,43.26
2593,16,55.53,73.94,152.27,314.31,0.7318,43.26
2593,11,435.55,122.79,488.93,225.54,0.6188,43.26
2594,7,324.32,75.8,438.23,292.72,0.8584,43.277
2594,14,112.07,127.62,207.66,343.87,0.855,43.277
2594,16,57.37,73.52,153.59,313.36,0.6682,43.277
2594,11,435.57,122.71,490.28,225.53,0.6663,43.277
2595,7,324.51,75.81,438.25,292.67,0.8586,43.293
2595,14,111.93,127.57,207.49,343.74,0.857,43.293
2595,16,57.74,73.34,153.13,312.6,0.6882,43.293
2595,11,435.2,122.7,491.07,225.53,0.6676,43.293
2596,7,324.77,75.81,438.31,292.62,0.8585,43.31
2596,14,112.01,127.67,207.35,343.31,0.8636,43.31
2596,16,57.88,73.17,152.57,312.42,0.7144,43.31
2596,11,434.68,122.59,491.65,225.54,0.645,43.31
2597,7,324.93,76.13,438.15,292.5,0.8547,43.327
2597,14,112.21,127.24,207.49,342.92,0.8757,43.327
2597,16,58.93,72.67,154.5,316.13,0.7229,43.327
2597,11,433.8,122.28,491.76,225.62,0.6364,43.327
2598,7,324.85,76.23,437.89,292.34,0.8526,43.343
2598,14,112.3,127.25,207.45,342.7,0.8677,43.343
2598,16,61.21,72.87,155.32,313.53,0.6549,43.343
2598,11,432.86,121.93,491.58,225.61,0.5824,43.343
2599,7,324.83,76.28,437.78,292.28,0.8522,43.36
2599,14,112.38,127.05,207.62,342.94,0.8642,43.36
2599,16,62.13,72.68,155.19,312.0,0.6573,43.36
2599,11,432.31,121.8,491.57,225.58,0.5718,43.36
2600,7,324.85,76.29,437.76,292.27,0.853,43.377
2600,14,112.44,127.15,207.55,342.84,0.8633,43.377
2600,16,63.64,72.5,156.15,311.2,0.6212,43.377
2600,11,429.13,122.0,488.38,226.3,0.5594,43.377
2601,7,324.84,76.26,437.71,292.24,0.8542,43.393
2601,14,112.39,127.29,207.6,343.35,0.8546,43.393
2601,16,64.6,72.15,156.21,309.15,0.5664,43.393
2601,11,428.05,121.94,487.21,226.56,0.552,43.393
2602,7,324.86,76.21,437.66,292.12,0.855,43.41
2602,14,112.12,127.25,207.87,344.85,0.8491,43.41
2602,16,65.02,71.29,155.41,305.68,0.5615,43.41
2602,11,431.11,121.62,490.79,225.9,0.5626,43.41
2603,7,324.87,76.2,437.63,292.09,0.8543,43.427
2603,14,112.13,127.32,207.96,345.33,0.8477,43.427
2603,16,64.83,70.62,154.57,304.62,0.5408,43.427
2603,11,428.33,121.68,487.87,226.33,0.5447,43.427
2604,7,324.88,76.19,437.61,292.08,0.8542,43.443
2604,14,112.42,126.65,207.83,343.33,0.8365,43.443
2604,16,74.61,70.47,145.54,247.04,0.5745,43.443
2604,11,427.19,121.71,486.43,226.49,0.5502,43.443
2605,7,324.86,76.14,437.58,292.06,0.8541,43.46
2605,14,112.43,127.03,207.99,344.29,0.849,43.46
2605,16,67.66,69.93,153.77,286.05,0.4829,43.46
2605,11,425.55,121.69,484.07,226.6,0.5882,43.46
2606,7,324.82,76.07,437.59,292.18,0.8548,43.477
2606,14,112.3,127.14,208.02,345.07,0.8492,43.477
2606,16,68.38,70.06,157.02,292.73,0.4811,43.477
2606,11,425.49,121.56,483.44,226.58,0.5912,43.477
2607,7,324.79,76.05,437.57,292.24,0.854,43.493
2607,14,112.36,127.27,208.0,345.25,0.8464,43.493
2607,16,69.62,71.13,158.49,294.59,0.4427,43.493
2607,11,425.38,121.54,482.68,226.58,0.5859,43.493
2608,7,324.82,76.04,437.57,292.23,0.8545,43.51
2608,14,112.78,126.64,208.05,343.58,0.8451,43.51
2608,16,78.62,70.74,151.74,245.74,0.5114,43.51
2608,11,425.98,121.46,482.88,226.59,0.5865,43.51
2609,7,324.73,76.0,437.49,292.27,0.8543,43.527
2609,14,112.58,127.32,207.82,344.2,0.8487,43.527
2609,16,80.21,70.44,148.72,229.39,0.5267,43.527
2609,11,426.34,121.41,482.88,226.59,0.5895,43.527
2610,7,324.8,75.96,437.46,292.08,0.8544,43.544
2610,14,112.78,127.0,208.2,344.06,0.8435,43.544
2610,16,81.01,70.33,148.64,222.89,0.6457,43.544
2610,11,427.18,121.48,483.56,226.56,0.5717,43.544
2611,7,324.84,75.94,437.45,292.01,0.8544,43.56
2611,14,112.05,127.49,208.08,345.97,0.8452,43.56
2611,16,82.44,69.84,150.99,219.8,0.6637,43.56
2611,11,427.54,121.51,483.79,226.55,0.572,43.56
2612,7,324.85,75.93,437.44,291.98,0.8543,43.577
2612,14,111.9,127.43,207.73,344.81,0.842,43.577
2612,16,83.74,69.75,152.22,214.7,0.7214,43.577
2612,11,427.8,121.53,483.98,226.54,0.5735,43.577
2613,7,324.81,75.9,437.35,291.81,0.8536,43.594
2613,14,112.14,127.43,208.22,345.2,0.8452,43.594
2613,16,84.49,69.62,154.43,212.99,0.7495,43.594
2613,11,428.11,121.66,484.22,226.52,0.5634,43.594
2614,7,324.82,75.82,437.27,291.5,0.8559,43.61
2614,14,110.81,127.03,207.88,346.74,0.8397,43.61
2614,16,83.01,69.63,154.17,212.14,0.7437,43.61
2614,11,432.5,121.67,489.47,225.84,0.5983,43.61
2615,7,324.8,75.79,437.24,291.39,0.8559,43.627
2615,14,110.98,127.44,207.95,346.5,0.8445,43.627
2615,16,85.68,69.63,159.33,212.44,0.7594,43.627
2615,11,433.8,121.68,491.72,225.57,0.5984,43.627
2616,7,324.78,75.78,437.24,291.36,0.8554,43.644
2616,14,111.14,127.55,208.1,346.23,0.8503,43.644
2616,16,86.62,69.61,162.09,212.34,0.7378,43.644
2616,11,434.14,121.68,493.05,225.48,0.607,43.644
2617,7,324.69,75.74,437.12,291.18,0.8554,43.66
2617,14,111.31,127.54,208.32,346.11,0.848,43.66
2617,16,87.53,69.72,165.13,212.88,0.7322,43.66
2617,11,434.06,121.61,493.96,225.43,0.6279,43.66
2618,7,324.92,75.58,437.34,291.04,0.8554,43.677
2618,14,111.23,127.52,208.36,346.08,0.8579,43.677
2618,16,89.26,69.66,169.24,213.29,0.6973,43.677
2618,11,433.55,121.55,494.25,225.39,0.5785,43.677
2619,7,325.02,75.52,437.41,290.99,0.8554,43.694
2619,14,111.39,127.46,208.49,345.79,0.861,43.694
2619,16,89.37,69.61,171.35,213.64,0.6969,43.694
2619,11,433.19,121.53,494.63,225.38,0.5854,43.694
2620,7,325.07,75.5,437.44,290.96,0.8545,43.71
2620,14,111.26,127.63,208.4,345.79,0.8585,43.71
2620,16,90.07,69.43,173.88,213.46,0.7118,43.71
2620,11,428.84,121.46,490.31,226.04,0.5601,43.71
2621,7,325.38,75.54,437.59,290.84,0.856,43.727
2621,14,111.38,127.65,208.4,345.3,0.8588,43.727
2621,16,90.08,69.42,175.77,213.99,0.6757,43.727
2621,11,427.46,121.44,488.74,226.26,0.5627,43.727
2622,7,325.47,75.41,437.65,290.8,0.8577,43.744
2622,14,111.42,127.74,208.59,345.66,0.8597,43.744
2622,16,89.82,69.15,177.41,214.65,0.6974,43.744
2622,11,431.04,121.42,492.74,225.72,0.5888,43.744
2623,7,325.52,75.36,437.65,290.78,0.858,43.76
2623,14,111.43,127.66,208.69,345.74,0.8576,43.76
2623,16,90.28,68.93,179.22,214.33,0.7258,43.76
2623,11,432.22,121.42,494.45,225.52,0.5885,43.76
2624,7,325.54,75.27,437.65,290.78,0.858,43.777
2624,14,111.4,127.58,208.77,345.93,0.8637,43.777
2624,16,90.33,68.94,180.68,214.89,0.734,43.777
2624,11,432.6,121.43,495.43,225.44,0.601,43.777
2625,7,325.56,75.27,437.64,290.83,0.8583,43.794
2625,14,111.21,127.58,209.0,347.05,0.8601,43.794
2625,16,90.67,68.98,182.28,215.34,0.7191,43.794
2625,11,432.55,121.38,495.94,225.45,0.6067,43.794
2626,7,325.47,75.5,437.39,290.8,0.8594,43.81
2626,14,110.88,127.6,209.14,348.28,0.8613,43.81
2626,16,91.03,68.85,183.73,215.47,0.7217,43.81
2626,11,432.96,121.29,497.11,225.47,0.6314,43.81
2627,7,325.44,75.58,437.3,290.8,0.8592,43.827
2627,14,110.65,127.57,209.36,349.6,0.8631,43.827
2627,16,91.81,68.73,185.12,214.7,0.716,43.827
2627,11,432.92,121.26,497.72,225.47,0.6312,43.827
2628,7,325.46,75.61,437.27,290.79,0.8591,43.844
2628,14,110.54,127.48,209.47,350.34,0.8656,43.844
2628,16,92.54,68.28,186.65,214.09,0.7239,43.844
2628,11,432.84,121.25,498.26,225.48,0.6263,43.844
2629,7,325.44,75.73,437.16,290.71,0.8585,43.86
2629,14,109.83,127.16,209.09,351.11,0.8658,43.86
2629,16,92.75,68.62,187.67,214.6,0.7486,43.86
2629,11,432.78,121.21,498.85,225.51,0.6337,43.86
2630,7,325.54,75.67,437.16,290.5,0.8603,43.877
2630,14,109.98,127.03,209.19,351.2,0.8701,43.877
2630,16,93.37,68.92,188.94,214.87,0.7318,43.877
2630,11,432.23,120.88,499.69,226.62,0.6538,43.877
2631,7,325.58,75.65,437.17,290.45,0.8604,43.894
2631,14,109.7,127.02,209.31,352.49,0.8658,43.894
2631,16,93.56,68.64,189.94,215.08,0.7082,43.894
2631,11,431.88,120.76,500.13,227.03,0.6537,43.894
2632,7,325.57,75.65,437.15,290.45,0.8603,43.911
2632,14,108.84,127.04,209.11,354.46,0.8689,43.911
2632,16,93.77,68.25,190.67,214.78,0.7238,43.911
2632,11,431.43,120.71,500.15,227.21,0.6555,43.911
2633,7,325.51,75.39,437.18,290.43,0.8612,43.927
2633,14,108.15,127.05,209.27,357.03,0.8743,43.927
2633,16,94.02,67.92,191.06,214.0,0.7158,43.927
2633,11,431.2,120.77,500.24,227.29,0.6525,43.927
2634,7,325.53,75.29,437.22,290.42,0.8611,43.944
2634,14,107.96,127.02,209.18,357.78,0.8729,43.944
2634,16,94.46,67.51,191.39,212.64,0.6644,43.944
2634,11,431.63,121.24,500.09,226.2,0.6542,43.944
2635,7,325.53,75.25,437.23,290.42,0.861,43.961
2635,14,107.45,126.82,210.06,361.81,0.8734,43.961
2635,16,94.92,67.1,191.62,211.15,0.6843,43.961
2635,11,431.67,121.42,500.13,225.78,0.6548,43.961
2636,7,325.52,75.23,437.22,290.42,0.8607,43.977
2636,14,106.99,126.66,210.42,364.72,0.8702,43.977
2636,16,95.33,66.97,191.93,210.16,0.6971,43.977
2636,11,431.57,121.48,500.25,225.63,0.6549,43.977
2637,7,325.41,75.23,437.15,290.46,0.8608,43.994
2637,14,106.47,126.56,210.67,367.8,0.8729,43.994
2637,16,95.82,67.14,192.44,209.75,0.694,43.994
2637,11,431.42,121.62,500.22,225.53,0.6474,43.994
2638,7,325.42,75.34,437.12,290.51,0.861,44.011
2638,14,106.37,126.87,210.56,369.47,0.8785,44.011
2638,16,96.33,66.77,192.91,208.8,0.7311,44.011
2638,11,430.91,121.3,500.85,226.63,0.6428,44.011
2639,7,325.43,75.38,437.1,290.52,0.8613,44.027
2639,14,105.78,127.34,210.26,372.07,0.8762,44.027
2639,16,97.09,66.29,193.57,207.74,0.7713,44.027
2639,11,430.66,121.17,501.14,227.05,0.643,44.027
2640,7,325.44,75.4,437.1,290.52,0.8612,44.044
2640,14,105.18,127.26,210.01,374.26,0.8714,44.044
2640,16,97.86,65.88,193.84,206.2,0.7624,44.044
2640,11,430.5,121.13,501.27,227.2,0.6395,44.044
2641,7,325.52,75.42,437.16,290.56,0.8612,44.061
2641,14,104.78,127.42,210.41,378.34,0.8707,44.061
2641,16,98.78,65.92,194.03,204.71,0.7882,44.061
2641,11,429.99,121.65,499.65,226.11,0.6038,44.061
2642,7,325.54,75.39,437.19,290.6,0.8639,44.077
2642,14,103.05,127.38,211.76,388.67,0.8655,44.077
2642,16,99.53,65.63,194.3,203.22,0.7965,44.077
2642,11,429.91,121.31,500.24,226.76,0.6105,44.077
2643,7,325.53,75.38,437.16,290.62,0.8638,44.094
2643,14,101.99,127.16,211.9,394.37,0.8704,44.094
2643,16,100.53,65.7,194.13,200.96,0.7956,44.094
2643,11,429.88,121.19,500.46,226.99,0.6109,44.094
2644,7,325.58,75.4,437.18,290.62,0.8633,44.111
2644,14,101.74,126.95,211.62,397.01,0.8779,44.111
2644,16,102.18,65.71,193.93,197.39,0.8128,44.111
2644,11,429.87,121.21,500.51,227.08,0.6095,44.111
2645,7,325.5,75.44,437.09,290.68,0.8659,44.127
2645,14,101.75,126.89,211.1,398.6,0.8805,44.127
2645,16,103.08,65.75,194.08,195.53,0.8096,44.127
2645,11,430.36,121.66,500.02,225.93,0.6186,44.127
2646,7,325.37,75.47,437.01,290.78,0.866,44.144
2646,14,101.76,127.29,210.71,400.89,0.8855,44.144
2646,16,103.77,65.74,194.67,194.57,0.8034,44.144
2646,11,431.19,121.93,500.64,225.46,0.624,44.144
2647,7,325.3,75.49,436.97,290.83,0.8658,44.161
2647,14,101.91,127.19,210.23,402.09,0.8919,44.161
2647,16,104.13,65.71,195.02,193.81,0.8063,44.161
2647,11,431.43,122.03,500.94,225.28,0.6256,44.161
2648,7,325.3,75.5,436.95,290.76,0.8656,44.177
2648,14,102.05,127.3,209.43,402.24,0.894,44.177
2648,16,104.11,65.54,195.21,193.27,0.8181,44.177
2648,11,431.44,122.06,501.11,225.22,0.6255,44.177
2649,7,325.22,75.51,436.96,290.93,0.865,44.194
2649,14,101.96,127.18,208.62,402.57,0.8979,44.194
2649,16,104.27,65.44,195.67,192.95,0.8063,44.194
2649,11,431.66,122.32,501.39,225.21,0.6162,44.194
2650,7,325.24,75.65,436.93,290.92,0.8647,44.211
2650,14,101.77,127.15,207.75,402.91,0.9024,44.211
2650,16,104.21,64.98,196.27,192.9,0.8085,44.211
2650,11,431.79,122.44,501.76,225.29,0.6429,44.211
2651,7,325.23,75.67,436.94,290.93,0.8648,44.228
2651,14,101.48,127.27,206.83,403.22,0.9008,44.228
2651,16,103.92,64.7,196.73,193.21,0.7968,44.228
2651,11,431.77,122.48,501.96,225.32,0.6437,44.228
2652,7,325.23,75.66,436.97,290.93,0.8646,44.244
2652,14,101.27,127.42,205.89,403.03,0.9009,44.244
2652,16,103.33,64.03,197.78,194.66,0.8122,44.244
2652,11,431.68,122.49,502.09,225.34,0.6444,44.244
2653,7,325.18,75.79,436.87,290.85,0.8643,44.261
2653,14,101.02,127.56,204.91,402.44,0.8994,44.261
2653,16,102.98,63.56,198.19,195.17,0.822,44.261
2653,11,431.49,122.43,502.14,225.39,0.6577,44.261
2654,7,324.97,75.8,436.73,290.83,0.8634,44.278
2654,14,100.65,127.94,203.97,402.43,0.8937,44.278
2654,16,102.76,63.27,198.75,196.05,0.8175,44.278
2654,11,431.34,122.42,502.14,225.4,0.6511,44.278
2655,7,324.63,75.82,436.52,290.81,0.8613,44.294
2655,14,100.33,128.36,203.06,402.14,0.8891,44.294
2655,16,102.61,63.3,199.33,197.29,0.8171,44.294
2655,11,431.32,122.4,502.27,225.41,0.6453,44.294
2656,7,323.78,75.31,436.44,291.47,0.8552,44.311
2656,14,99.64,128.15,202.09,402.09,0.8793,44.311
2656,16,102.88,63.14,199.32,196.87,0.7686,44.311
2656,11,430.83,122.81,501.41,225.45,0.6297,44.311
2657,7,323.38,75.1,436.33,291.47,0.8572,44.328
2657,14,99.33,128.09,201.49,402.01,0.884,44.328
2657,16,103.14,63.1,199.52,196.83,0.7678,44.328
2657,11,430.77,122.97,501.19,225.47,0.6358,44.328
2658,7,322.94,75.02,436.15,291.44,0.8571,44.344
2658,14,98.98,128.13,200.87,401.93,0.8874,44.344
2658,16,103.23,63.04,199.64,196.88,0.754,44.344
2658,11,430.77,123.03,501.11,225.49,0.6362,44.344
2659,7,322.79,75.0,436.19,291.42,0.8573,44.361
2659,14,98.45,128.08,200.19,401.98,0.8908,44.361
2659,16,103.36,63.18,199.86,197.3,0.7822,44.361
2659,11,430.77,123.05,501.05,225.5,0.6358,44.361
2660,7,322.46,74.99,436.12,291.48,0.8592,44.378
2660,14,97.84,128.08,199.28,401.86,0.8848,44.378
2660,16,103.7,63.28,200.02,197.25,0.7069,44.378
2660,11,430.8,123.07,501.06,225.51,0.6449,44.378
2661,7,322.1,74.47,436.14,291.35,0.8613,44.394
2661,14,97.0,127.07,198.58,402.0,0.8758,44.394
2661,16,103.93,63.37,200.03,197.1,0.5793,44.394
2661,11,430.97,123.08,501.24,225.51,0.6487,44.394
2662,7,321.61,74.8,435.95,291.72,0.8581,44.411
2662,14,96.13,127.32,197.38,401.89,0.8785,44.411
2662,16,103.68,63.54,200.51,198.54,0.6056,44.411
2662,11,431.0,123.08,501.3,225.51,0.6485,44.411
2663,7,321.35,74.93,435.95,291.88,0.8583,44.428
2663,14,95.15,127.51,196.05,401.74,0.8703,44.428
2663,16,104.01,63.68,200.76,198.86,0.4778,44.428
2663,11,431.02,123.07,501.33,225.5,0.648,44.428
2664,7,320.94,74.98,435.98,292.28,0.8601,44.444
2664,14,94.31,127.76,194.86,401.69,0.8634,44.444
2664,16,83.24,62.95,222.12,265.48,0.4848,44.444
2664,11,431.11,123.08,501.42,225.48,0.6432,44.444
2665,7,320.51,75.06,436.01,292.76,0.8576,44.461
2665,14,93.79,127.24,194.45,401.81,0.8517,44.461
2665,16,77.82,62.39,228.27,291.18,0.4981,44.461
2665,11,431.18,123.09,501.55,225.46,0.6516,44.461
2666,7,320.2,75.1,436.01,292.91,0.8577,44.478
2666,14,93.22,127.21,193.93,401.94,0.8407,44.478
2666,16,75.6,62.0,231.0,308.26,0.4979,44.478
2666,11,431.2,123.09,501.64,225.46,0.6526,44.478
2667,7,320.03,74.58,436.13,292.62,0.8574,44.494
2667,14,92.66,127.05,193.58,402.02,0.8074,44.494
2667,16,75.23,61.81,231.93,320.36,0.4649,44.494
2667,11,431.2,123.09,501.71,225.46,0.6524,44.494
2668,7,320.02,74.39,436.41,292.77,0.8577,44.511
2668,14,91.8,127.07,192.97,402.48,0.8308,44.511
2668,16,79.21,61.72,229.27,318.5,0.502,44.511
2668,11,431.21,123.13,501.76,225.45,0.6533,44.511
2669,7,320.22,74.33,436.71,292.8,0.854,44.528
2669,14,90.85,126.77,192.04,402.24,0.854,44.528
2669,16,85.45,61.62,224.43,306.76,0.5694,44.528
2669,11,431.1,123.15,501.7,225.41,0.6498,44.528
2670,7,320.34,74.32,436.88,292.8,0.8575,44.544
2670,14,89.63,127.11,190.98,402.83,0.8197,44.544
2670,16,86.58,62.23,223.21,310.7,0.5762,44.544
2670,11,431.05,123.15,501.7,225.4,0.6505,44.544
2671,7,320.46,74.31,437.04,292.84,0.8577,44.561
2671,14,88.43,127.3,189.88,403.0,0.8249,44.561
2671,16,89.35,62.57,222.52,312.11,0.5745,44.561
2671,11,431.01,123.16,501.72,225.39,0.6502,44.561
2672,7,320.58,74.34,436.99,292.48,0.8593,44.578
2672,14,87.27,127.58,188.38,402.17,0.8417,44.578
2672,16,92.09,62.85,221.16,311.53,0.5538,44.578
2672,11,430.76,123.18,501.5,225.38,0.6405,44.578
2673,7,320.83,74.91,436.99,292.42,0.866,44.595
2673,14,86.1,127.96,186.96,401.99,0.8037,44.595
2673,16,94.89,62.77,218.81,307.37,0.5959,44.595
2673,11,430.58,123.49,501.22,225.38,0.6354,44.595
2674,7,321.03,75.13,437.09,292.35,0.8677,44.611
2674,14,86.61,127.7,188.44,402.51,0.6559,44.611
2674,16,94.88,63.7,218.9,314.75,0.5038,44.611
2674,11,430.5,123.62,501.17,225.38,0.6361,44.611
2675,7,321.33,75.13,437.32,292.29,0.874,44.628
2675,14,84.93,127.43,186.77,402.39,0.6953,44.628
2675,16,98.15,63.13,217.01,309.08,0.5495,44.628
2675,11,430.41,123.66,501.15,225.38,0.634,44.628
2676,7,321.65,75.08,437.58,292.16,0.8771,44.645
2676,14,83.19,127.18,184.96,402.15,0.8261,44.645
2676,16,102.7,62.94,214.49,298.48,0.6583,44.645
2676,11,430.34,124.07,500.89,225.35,0.6253,44.645
2677,7,322.04,75.06,437.83,291.97,0.8765,44.661
2677,14,81.54,127.07,183.29,402.3,0.7558,44.661
2677,16,103.25,62.63,214.76,302.48,0.6009,44.661
2677,11,430.71,124.38,501.17,225.28,0.6362,44.661
2678,7,322.61,75.03,438.23,291.89,0.8817,44.678
2678,14,80.12,126.78,181.99,402.29,0.8144,44.678
2678,16,105.52,62.75,212.87,297.26,0.7209,44.678
2678,11,430.76,124.49,501.31,225.26,0.6335,44.678
2679,7,323.98,75.0,439.16,291.81,0.8867,44.695
2679,14,77.73,126.77,179.55,402.29,0.8635,44.695
2679,16,106.61,62.27,211.3,293.9,0.7921,44.695
2679,11,430.72,124.5,501.38,225.25,0.6309,44.695
2680,7,325.35,75.1,439.91,291.67,0.8855,44.711
2680,14,75.73,126.87,177.42,402.33,0.866,44.711
2680,16,107.84,62.48,210.52,292.47,0.7959,44.711
2680,11,430.87,124.61,501.53,225.24,0.6257,44.711
2681,7,326.29,75.1,440.43,291.93,0.8862,44.728
2681,14,74.24,127.35,176.15,402.79,0.8613,44.728
2681,16,108.5,62.36,209.54,290.98,0.8162,44.728
2681,11,430.82,124.69,501.49,225.26,0.6268,44.728
2682,7,326.98,75.07,440.67,292.13,0.877,44.745
2682,14,72.6,127.95,174.55,402.98,0.877,44.745
2682,16,109.12,62.15,208.83,289.77,0.8339,44.745
2682,11,430.73,124.75,501.45,225.27,0.6249,44.745
2683,7,328.45,75.04,441.45,292.32,0.8761,44.761
2683,14,71.76,128.64,173.78,403.1,0.8907,44.761
2683,16,109.34,62.35,208.57,290.78,0.8444,44.761
2683,11,430.65,124.75,501.42,225.26,0.6223,44.761
2684,7,329.47,74.93,441.84,292.51,0.8738,44.778
2684,14,70.55,129.08,172.62,403.22,0.8956,44.778
2684,16,109.68,62.66,208.64,292.47,0.8456,44.778
2684,11,430.39,124.38,501.45,225.28,0.6238,44.778
2685,7,330.36,74.79,442.09,292.66,0.8738,44.795
2685,14,69.02,129.82,170.82,403.09,0.8993,44.795
2685,16,110.62,62.88,208.59,292.25,0.8552,44.795
2685,11,430.37,124.18,501.5,225.2,0.6095,44.795
2686,7,331.29,74.73,442.27,292.73,0.8731,44.811
2686,14,67.24,130.16,168.8,402.97,0.9001,44.811
2686,16,111.06,62.63,208.65,292.93,0.8605,44.811
2686,11,430.34,124.1,501.5,225.17,0.6091,44.811
2687,7,332.3,74.69,442.41,292.66,0.8742,44.828
2687,14,65.71,130.61,167.03,402.75,0.9068,44.828
2687,16,111.52,62.37,208.82,293.93,0.8685,44.828
2687,11,430.3,124.08,501.46,225.15,0.6079,44.828
2688,7,332.94,74.75,442.37,292.93,0.8731,44.845
2688,14,64.32,130.83,165.48,402.52,0.9166,44.845
2688,16,112.07,62.26,208.76,294.14,0.8752,44.845
2688,11,430.56,124.4,501.36,225.05,0.5958,44.845
2689,7,333.85,74.95,442.57,293.47,0.8758,44.861
2689,14,63.24,131.11,164.28,402.61,0.925,44.861
2689,16,112.56,62.18,208.7,294.34,0.8765,44.861
2689,11,430.71,124.48,501.56,225.12,0.6118,44.861
2690,7,334.37,75.03,442.43,293.83,0.8757,44.878
2690,14,62.12,131.43,162.91,402.57,0.9275,44.878
2690,16,113.09,61.89,208.87,294.84,0.8832,44.878
2690,11,430.77,124.62,501.59,225.15,0.6125,44.878
2691,7,334.93,75.06,442.23,293.85,0.877,44.895
2691,14,61.21,131.47,162.04,402.62,0.9256,44.895
2691,16,113.86,61.88,208.96,294.73,0.8848,44.895
2691,11,430.88,124.82,501.61,225.14,0.6083,44.895
2692,7,335.31,75.08,441.97,293.92,0.8757,44.912
2692,14,60.13,131.8,160.71,402.24,0.9227,44.912
2692,16,114.43,62.06,208.93,294.74,0.8893,44.912
2692,11,431.23,125.11,501.84,225.18,0.6251,44.912
2693,7,335.97,75.13,441.81,293.48,0.8759,44.928
2693,14,58.93,131.63,159.51,402.04,0.9223,44.928
2693,16,114.93,61.95,208.94,294.57,0.8913,44.928
2693,11,431.71,125.12,502.34,225.15,0.6397,44.928
2694,7,336.28,75.14,441.65,293.66,0.8763,44.945
2694,14,58.02,131.5,158.67,402.02,0.9253,44.945
2694,16,115.45,61.8,208.99,294.32,0.8927,44.945
2694,11,431.88,125.05,502.49,225.08,0.6305,44.945
2695,7,336.6,75.15,441.28,293.18,0.8803,44.962
2695,14,56.88,131.36,157.56,401.84,0.9235,44.962
2695,16,115.9,61.71,208.93,293.85,0.8921,44.962
2695,11,431.37,124.7,502.25,225.31,0.6276,44.962
2696,7,336.93,75.11,441.33,293.49,0.8791,44.978
2696,14,55.78,131.06,156.68,401.77,0.9217,44.978
2696,16,116.12,61.59,208.79,293.45,0.8879,44.978
2696,11,431.54,124.66,502.23,225.32,0.6261,44.978
2697,7,337.34,75.06,441.49,293.81,0.8746,44.995
2697,14,54.69,130.8,155.9,401.79,0.9276,44.995
2697,16,116.48,61.5,208.8,293.1,0.8892,44.995
2697,11,432.0,124.81,502.33,225.29,0.6183,44.995
2698,7,337.33,75.02,441.69,295.19,0.8751,45.012
2698,14,53.78,130.48,155.41,401.9,0.9305,45.012
2698,16,116.69,61.27,208.64,292.48,0.8909,45.012
2698,11,432.14,124.65,502.37,225.31,0.6295,45.012
2699,7,337.5,74.92,441.59,295.45,0.875,45.028
2699,14,53.28,130.33,155.28,401.72,0.9301,45.028
2699,16,117.02,61.04,208.85,292.61,0.8937,45.028
2699,11,432.67,124.86,502.46,225.21,0.622,45.028
2700,7,337.62,74.89,441.71,296.3,0.8754,45.045
2700,14,53.68,130.43,156.37,401.76,0.9316,45.045
2700,16,117.16,60.79,208.8,292.43,0.8977,45.045
2700,11,432.65,124.52,502.62,225.32,0.6388,45.045
2701,7,337.8,74.86,441.76,296.93,0.87,45.062
2701,14,52.49,130.65,155.55,401.65,0.9349,45.062
2701,16,117.37,60.37,208.81,291.99,0.896,45.062
2701,11,432.97,124.28,502.78,225.13,0.6046,45.062
2702,7,337.95,74.82,441.7,297.29,0.8709,45.078
2702,14,51.75,130.58,155.37,401.54,0.934,45.078
2702,16,117.59,60.15,208.61,291.02,0.8943,45.078
2702,11,433.08,124.06,502.85,225.19,0.6147,45.078
2703,7,338.21,74.79,441.64,297.32,0.8697,45.095
2703,14,50.69,129.78,155.01,401.34,0.9186,45.095
2703,16,117.57,60.06,208.54,291.13,0.8908,45.095
2703,11,432.71,124.26,502.67,226.06,0.6239,45.095
2704,7,338.48,74.72,441.57,297.21,0.8697,45.112
2704,14,50.33,129.79,155.31,401.17,0.9289,45.112
2704,16,117.88,59.8,208.44,289.96,0.8906,45.112
2704,11,432.9,124.32,502.63,226.21,0.5908,45.112
2705,7,338.96,75.33,441.47,297.16,0.8595,45.128
2705,14,49.59,129.86,155.19,401.02,0.9288,45.128
2705,16,117.95,59.46,208.34,289.29,0.8857,45.128
2705,11,433.11,124.67,502.64,226.54,0.6098,45.128
2706,7,339.17,75.54,441.42,297.33,0.8596,45.145
2706,14,49.22,128.67,155.81,400.62,0.9028,45.145
2706,16,117.79,58.79,208.37,289.59,0.8905,45.145
2706,11,432.76,124.67,502.45,226.95,0.6173,45.145
2707,7,339.38,75.74,441.23,297.1,0.8609,45.162
2707,14,49.55,128.58,157.26,401.45,0.8805,45.162
2707,16,118.03,58.49,208.45,289.57,0.8882,45.162
2707,11,432.63,124.72,502.18,226.86,0.6099,45.162
2708,7,339.65,75.44,441.37,296.98,0.8617,45.178
2708,14,48.5,128.64,156.6,400.8,0.9188,45.178
2708,16,118.26,59.0,207.8,287.74,0.8789,45.178
2708,11,433.41,125.21,502.04,226.13,0.62,45.178
2709,7,339.91,75.53,441.38,297.0,0.8618,45.195
2709,14,47.39,128.52,155.97,400.45,0.9049,45.195
2709,16,118.98,59.38,207.3,284.26,0.8715,45.195
2709,11,433.46,125.37,501.55,225.67,0.5885,45.195
2710,7,340.09,75.57,441.5,297.38,0.8619,45.212
2710,14,46.93,128.28,156.16,400.3,0.897,45.212
2710,16,118.61,59.3,206.74,283.45,0.8754,45.212
2710,11,433.52,125.57,501.5,225.83,0.5691,45.212
2711,7,340.44,76.03,441.67,297.73,0.8556,45.229
2711,14,46.26,128.94,155.91,400.31,0.9078,45.229
2711,16,118.39,59.07,206.34,282.57,0.8768,45.229
2711,11,434.24,126.02,501.28,225.19,0.4173,45.229
2712,7,340.53,75.84,442.02,298.57,0.8606,45.245
2712,14,45.59,129.68,155.65,400.41,0.9167,45.245
2712,16,118.71,59.2,206.11,280.98,0.8849,45.245
2712,11,434.3,125.84,501.21,225.19,0.4212,45.245
2713,7,340.82,76.22,442.22,299.08,0.8512,45.262
2713,14,44.55,130.3,155.04,400.75,0.9194,45.262
2713,16,119.21,59.18,205.85,278.49,0.8852,45.262
2714,7,340.88,76.04,442.28,299.33,0.8561,45.279
2714,14,43.84,130.59,154.79,400.75,0.9175,45.279
2714,16,119.31,59.13,205.76,277.32,0.8823,45.279
2715,7,341.0,76.18,442.15,299.49,0.8725,45.295
2715,14,42.82,130.68,154.44,400.98,0.915,45.295
2715,16,119.71,58.63,205.76,275.11,0.8804,45.295
2715,11,432.5,125.39,499.6,226.34,0.4045,45.295
2716,7,341.21,76.36,442.07,299.5,0.8708,45.312
2716,14,41.88,130.73,153.96,401.22,0.9198,45.312
2716,16,120.01,58.48,206.09,274.1,0.8767,45.312
2716,11,429.67,125.09,495.46,226.6,0.4763,45.312
2717,7,341.4,76.21,442.21,299.77,0.8695,45.329
2717,14,41.45,130.71,153.99,401.31,0.9185,45.329
2717,16,120.22,58.32,206.47,273.25,0.8727,45.329
2717,11,431.49,124.33,497.09,226.9,0.4188,45.329
2718,7,341.72,76.05,442.44,299.72,0.8726,45.345
2718,14,41.14,130.67,154.12,401.33,0.9161,45.345
2718,16,120.39,58.21,206.89,272.62,0.8699,45.345
2718,11,428.45,123.88,492.5,227.03,0.5304,45.345
2719,7,341.82,75.82,442.36,299.5,0.872,45.362
2719,14,41.06,130.62,154.41,401.28,0.9144,45.362
2719,16,120.3,58.07,207.34,272.41,0.8643,45.362
2719,11,432.32,123.37,495.87,226.81,0.4385,45.362
2720,7,341.99,75.74,442.51,299.83,0.8724,45.379
2720,14,40.99,130.86,154.59,401.32,0.916,45.379
2720,16,119.86,58.08,207.34,272.27,0.8643,45.379
2720,11,430.43,123.55,492.39,226.84,0.5042,45.379
2721,7,341.61,75.65,442.17,300.65,0.8712,45.395
2721,14,40.99,131.15,154.8,401.3,0.915,45.395
2721,16,120.82,58.04,209.12,272.11,0.8618,45.395
2721,11,433.23,122.58,495.19,226.87,0.446,45.395
2722,7,341.6,75.56,442.2,301.32,0.8667,45.412
2722,14,40.96,131.36,155.01,401.33,0.9157,45.412
2722,16,121.07,57.97,210.27,272.2,0.861,45.412
2722,11,434.0,122.08,495.38,226.7,0.4721,45.412
2723,7,341.57,75.32,442.25,302.1,0.8661,45.429
2723,14,40.87,131.42,155.21,401.35,0.915,45.429
2723,16,120.8,58.08,210.75,272.17,0.8602,45.429
2723,11,433.27,121.91,493.7,226.69,0.5394,45.429
2724,7,342.01,75.39,442.44,302.16,0.8603,45.445
2724,14,40.72,131.68,155.29,401.49,0.915,45.445
2724,16,120.5,58.12,211.27,272.21,0.8611,45.445
2724,11,433.61,121.25,493.46,226.61,0.5451,45.445
2725,7,342.42,75.41,442.55,302.11,0.8599,45.462
2725,14,40.57,131.76,155.4,401.54,0.9141,45.462
2725,16,120.15,58.22,211.67,272.29,0.8602,45.462
2725,11,429.34,120.0,487.73,226.83,0.654,45.462
2726,7,343.18,75.4,442.92,301.63,0.8585,45.479
2726,14,40.58,131.98,155.54,401.55,0.916,45.479
2726,16,119.93,58.3,212.27,272.59,0.8617,45.479
2726,11,429.92,119.32,487.21,226.9,0.6355,45.479
2727,7,344.07,75.94,443.14,300.84,0.8615,45.495
2727,14,40.56,132.04,155.74,401.58,0.9158,45.495
2727,16,119.62,58.53,212.73,272.93,0.8627,45.495
2727,11,430.67,118.3,487.08,226.83,0.6281,45.495
2728,7,343.95,76.16,442.64,300.71,0.8589,45.512
2728,14,40.47,132.31,155.76,401.55,0.9148,45.512
2728,16,119.28,58.48,213.02,273.07,0.861,45.512
2728,11,432.18,117.58,487.96,226.85,0.6054,45.512
2729,7,344.46,76.4,442.89,300.42,0.8565,45.529
2729,14,40.35,132.45,155.81,401.55,0.916,45.529
2729,16,119.18,58.44,213.57,273.22,0.8638,45.529
2729,11,432.6,117.09,487.58,226.89,0.6246,45.529
2730,7,344.86,76.52,443.16,300.32,0.8572,45.546
2730,14,40.28,132.61,155.89,401.56,0.9167,45.546
2730,16,118.98,58.29,213.98,273.19,0.8653,45.546
2730,11,433.12,116.99,487.16,226.94,0.675,45.546
2731,7,344.94,76.61,443.1,300.15,0.86,45.562
2731,14,40.06,132.66,155.83,401.57,0.9148,45.562
2731,16,119.25,58.14,214.62,273.13,0.867,45.562
2731,11,433.52,116.05,487.08,226.94,0.6908,45.562
2732,7,345.03,76.65,443.14,299.99,0.8595,45.579
2732,14,39.64,132.67,155.55,401.65,0.9144,45.579
2732,16,119.28,58.16,214.96,273.12,0.8666,45.579
2732,11,433.79,115.82,486.51,226.87,0.6653,45.579
2733,7,345.3,76.83,443.3,299.87,0.8454,45.596
2733,14,39.58,132.84,155.59,401.72,0.9131,45.596
2733,16,119.62,58.21,215.46,273.11,0.8713,45.596
2733,11,434.7,115.6,486.84,226.76,0.6284,45.596
2734,7,345.84,77.04,443.56,299.5,0.8482,45.612
2734,14,39.59,133.22,155.59,401.73,0.9126,45.612
2734,16,119.68,58.29,215.65,273.15,0.8724,45.612
2734,11,434.3,115.43,485.58,226.72,0.6803,45.612
2735,7,346.33,77.2,443.94,299.5,0.8464,45.629
2735,14,39.47,133.45,155.52,401.79,0.9097,45.629
2735,16,120.14,58.2,216.18,273.23,0.8744,45.629
2735,11,434.69,114.89,485.46,226.66,0.6782,45.629
2736,7,346.22,77.11,443.64,299.06,0.8559,45.646
2736,14,39.34,133.66,155.41,401.79,0.9089,45.646
2736,16,120.46,58.2,216.49,273.28,0.8748,45.646
2736,11,434.75,114.58,484.99,226.76,0.6488,45.646
2737,7,345.86,77.38,442.9,298.62,0.8577,45.662
2737,14,39.22,133.78,155.35,401.78,0.9095,45.662
2737,16,120.47,58.27,216.53,273.3,0.8731,45.662
2737,11,435.13,113.96,485.08,226.81,0.6195,45.662
2738,7,345.79,77.36,442.4,297.74,0.8608,45.679
2738,14,39.23,133.89,155.43,401.81,0.9087,45.679
2738,16,120.73,58.35,216.72,273.24,0.8711,45.679
2738,11,434.5,112.29,484.34,226.8,0.6132,45.679
2739,7,345.55,77.25,441.93,297.02,0.8599,45.696
2739,14,39.27,134.05,155.46,401.78,0.9068,45.696
2739,16,121.6,58.49,217.35,273.19,0.8709,45.696
2739,11,434.44,111.14,484.15,227.0,0.6183,45.696
2740,7,346.88,77.12,441.24,291.23,0.8559,45.712
2740,14,39.35,134.23,155.58,401.8,0.9057,45.712
2740,16,121.94,58.75,217.35,273.22,0.8675,45.712
2740,11,434.55,109.69,484.15,227.05,0.5759,45.712
2741,7,346.98,77.2,441.2,290.11,0.851,45.729
2741,14,39.4,134.34,155.67,401.77,0.9029,45.729
2741,16,122.36,58.6,217.56,273.27,0.8665,45.729
2741,11,434.55,108.16,484.03,227.07,0.5744,45.729
2742,7,346.87,77.18,441.44,290.0,0.8541,45.746
2742,14,39.78,133.5,156.38,401.6,0.9019,45.746
2742,16,122.59,58.64,217.48,273.26,0.8646,45.746
2742,11,435.24,108.06,484.0,226.9,0.6313,45.746
2743,7,346.75,77.3,441.71,290.28,0.8476,45.762
2743,14,39.82,133.2,156.6,401.58,0.9028,45.762
2743,16,123.37,58.77,217.83,273.2,0.8697,45.762
2743,11,435.58,107.56,483.92,226.81,0.637,45.762
2744,7,346.32,77.76,441.87,291.2,0.8364,45.779
2744,14,39.71,133.24,156.56,401.5,0.9042,45.779
2744,16,124.33,58.63,218.51,273.29,0.8693,45.779
2744,11,435.64,107.41,483.46,226.79,0.6182,45.779
2745,7,346.3,78.05,442.23,291.68,0.8315,45.796
2745,14,39.68,133.3,156.65,401.5,0.9022,45.796
2745,16,124.92,57.45,219.46,274.15,0.8732,45.796
2745,11,435.58,106.65,483.08,226.79,0.625,45.796
2746,7,346.08,77.82,442.51,291.94,0.8322,45.812
2746,14,39.55,133.22,156.63,401.43,0.8988,45.812
2746,16,125.41,56.77,219.83,274.42,0.8785,45.812
2746,11,435.9,106.85,482.74,226.81,0.628,45.812
2747,7,345.96,77.7,443.04,293.02,0.8225,45.829
2747,14,39.46,133.47,156.63,401.49,0.9058,45.829
2747,16,125.83,56.29,219.97,274.57,0.8783,45.829
2747,11,436.15,105.91,482.8,226.79,0.6273,45.829
2748,7,345.01,78.02,443.41,296.14,0.8123,45.846
2748,14,39.32,133.6,156.62,401.4,0.9079,45.846
2748,16,126.29,55.93,220.05,274.52,0.8777,45.846
2748,11,436.38,105.45,482.67,226.77,0.6515,45.846
2749,7,345.39,78.74,443.98,297.3,0.796,45.862
2749,14,39.05,133.71,156.53,401.4,0.9066,45.862
2749,16,126.67,55.53,220.05,274.45,0.8753,45.862
2749,11,437.11,104.66,483.35,226.69,0.6621,45.862
2750,7,348.35,79.45,445.78,296.32,0.805,45.879
2750,14,38.81,133.85,156.5,401.49,0.9065,45.879
2750,16,127.17,55.25,220.14,274.43,0.8761,45.879
2750,11,437.19,103.14,483.71,226.73,0.6606,45.879
2751,7,349.96,80.25,446.43,295.89,0.805,45.896
2751,14,38.61,134.14,156.32,401.28,0.9065,45.896
2751,16,127.5,55.33,219.7,273.73,0.8742,45.896
2751,11,437.56,102.77,483.88,226.67,0.6856,45.896
2752,7,350.83,81.02,446.89,296.8,0.8039,45.913
2752,14,38.51,134.79,156.21,401.2,0.9084,45.913
2752,16,127.79,54.48,220.06,274.22,0.8767,45.913
2752,11,438.35,102.39,484.62,226.6,0.6701,45.913
2753,7,351.82,82.2,447.02,297.02,0.8026,45.929
2753,14,38.26,134.94,156.22,401.18,0.9087,45.929
2753,16,128.22,54.31,220.16,274.31,0.8784,45.929
2753,11,438.73,102.07,484.95,226.51,0.655,45.929
2754,7,352.73,85.95,446.58,298.0,0.8004,45.946
2754,14,37.92,134.94,156.17,401.22,0.9075,45.946
2754,16,128.87,55.64,219.7,273.72,0.8746,45.946
2754,11,439.28,101.67,485.44,226.36,0.6594,45.946
2755,7,353.55,87.23,446.72,298.41,0.8083,45.963
2755,14,37.84,134.99,156.44,401.25,0.9064,45.963
2755,16,129.39,56.2,219.64,273.62,0.8747,45.963
2755,11,439.62,101.11,485.82,226.29,0.6805,45.963
2756,7,354.03,88.0,446.72,298.5,0.7916,45.979
2756,14,37.33,135.22,156.19,401.32,0.9053,45.979
2756,16,130.01,56.47,219.8,273.52,0.8783,45.979
2756,11,440.18,100.82,486.41,226.2,0.6645,45.979
2757,7,354.41,87.79,446.55,297.42,0.7916,45.996
2757,14,36.84,135.28,156.02,401.38,0.9042,45.996
2757,16,130.74,56.66,220.13,273.51,0.8813,45.996
2757,11,440.88,100.49,487.35,226.09,0.604,45.996
2758,7,355.0,84.47,448.28,298.07,0.8033,46.013
2758,14,36.74,134.98,156.44,401.46,0.9018,46.013
2758,16,131.66,57.27,220.6,273.49,0.8858,46.013
2758,11,440.88,99.06,487.89,226.04,0.6658,46.013
2759,7,355.63,83.68,448.76,297.99,0.8166,46.029
2759,14,36.54,134.78,156.75,401.59,0.8949,46.029
2759,16,132.36,57.32,221.07,273.53,0.888,46.029
2759,11,441.74,98.38,489.34,225.75,0.6773,46.029
2760,7,356.49,85.13,448.5,297.4,0.8135,46.046
2760,14,36.18,135.55,156.49,401.82,0.8814,46.046
2760,16,132.9,57.19,221.39,273.51,0.8906,46.046
2760,11,440.97,98.03,488.72,225.91,0.655,46.046
2761,7,357.21,86.47,448.35,297.13,0.8072,46.063
2761,14,35.58,135.53,156.24,401.9,0.8809,46.063
2761,16,133.64,57.08,221.88,273.46,0.89,46.063
2761,11,441.84,97.54,490.26,225.63,0.6711,46.063
2762,7,358.32,88.23,448.29,296.25,0.8235,46.079
2762,14,35.19,134.35,156.56,401.6,0.8854,46.079
2762,16,134.34,57.08,222.31,273.42,0.8919,46.079
2762,11,440.83,96.48,489.78,225.52,0.7165,46.079
2763,7,358.41,87.48,448.45,296.04,0.823,46.096
2763,14,34.8,134.05,156.56,401.57,0.8879,46.096
2763,16,134.85,56.57,222.72,273.4,0.8935,46.096
2763,11,440.04,96.1,489.17,225.48,0.7329,46.096
2764,7,358.74,86.25,448.98,295.97,0.8327,46.113
2764,14,34.02,134.12,156.03,401.71,0.8837,46.113
2764,16,135.5,56.47,223.13,273.39,0.8948,46.113
2764,11,439.94,95.36,489.48,225.44,0.701,46.113
2765,7,359.18,85.65,449.41,295.98,0.8266,46.129
2765,14,32.27,134.59,153.84,401.87,0.877,46.129
2765,16,135.99,55.6,223.66,273.41,0.8915,46.129
2765,11,440.36,93.9,490.71,225.03,0.7158,46.129
2766,7,359.58,84.34,450.02,295.92,0.8351,46.146
2766,14,31.76,134.48,153.23,401.98,0.8602,46.146
2766,16,136.59,54.93,224.2,273.36,0.8948,46.146
2766,11,440.19,91.78,491.62,225.06,0.711,46.146
2767,7,359.86,83.16,450.47,295.91,0.8386,46.163
2767,14,30.95,134.47,152.07,401.93,0.8601,46.163
2767,16,137.33,54.4,224.84,273.37,0.8962,46.163
2767,11,439.85,90.35,491.88,224.69,0.6827,46.163
2768,7,360.73,83.84,450.56,295.34,0.8335,46.179
2768,14,29.85,134.46,150.44,401.92,0.8756,46.179
2768,16,138.06,54.63,225.17,273.3,0.8963,46.179
2768,11,439.48,88.71,492.39,225.04,0.6869,46.179
2769,7,360.79,82.45,450.81,295.29,0.8396,46.196
2769,14,28.8,134.34,148.76,401.89,0.8802,46.196
2769,16,138.8,54.53,225.63,273.2,0.8966,46.196
2769,11,439.12,88.01,492.44,225.15,0.7005,46.196
2770,7,361.26,81.87,451.12,295.23,0.8405,46.213
2770,14,28.11,134.22,147.35,401.77,0.8792,46.213
2770,16,139.44,54.68,225.94,273.07,0.897,46.213
2770,11,438.39,87.78,491.75,225.25,0.7028,46.213
2771,7,361.71,81.55,451.23,294.99,0.8438,46.23
2771,14,27.87,134.18,146.55,402.0,0.8774,46.23
2771,16,140.14,54.51,226.39,272.89,0.896,46.23
2771,11,437.05,87.71,490.04,225.34,0.7155,46.23
2772,7,362.3,81.92,451.32,295.08,0.8409,46.246
2772,14,27.53,134.18,145.61,402.21,0.8745,46.246
2772,16,140.66,54.02,226.77,272.7,0.8919,46.246
2772,11,436.23,86.75,489.04,225.43,0.6689,46.246
2773,7,362.65,81.9,451.41,295.47,0.8439,46.263
2773,14,27.27,133.39,145.01,402.35,0.8665,46.263
2773,16,141.23,53.69,227.12,272.51,0.8903,46.263
2773,11,436.29,85.45,489.13,225.37,0.6422,46.263
2774,7,362.89,80.06,451.78,294.91,0.8615,46.28
2774,14,26.82,133.2,143.58,401.79,0.8637,46.28
2774,16,141.96,53.52,227.66,272.59,0.8975,46.28
2774,11,435.8,83.31,488.88,225.34,0.6345,46.28
2775,7,363.31,79.3,452.04,294.7,0.8599,46.296
2775,14,26.61,132.62,142.76,401.75,0.8642,46.296
2775,16,142.4,52.89,228.04,272.51,0.8953,46.296
2775,11,435.41,82.1,488.33,225.26,0.6502,46.296
2776,7,363.84,79.5,452.01,294.34,0.8569,46.313
2776,14,26.68,132.66,142.07,401.78,0.8591,46.313
2776,16,142.89,52.25,228.41,272.39,0.894,46.313
2776,11,436.19,79.2,489.99,225.16,0.5507,46.313
2777,7,364.11,79.6,451.88,294.23,0.8597,46.33
2777,14,26.82,132.79,141.47,401.88,0.8606,46.33
2777,16,143.39,51.39,228.84,272.29,0.894,46.33
2777,11,437.78,77.5,491.33,221.93,0.5881,46.33
2778,7,364.37,79.34,451.89,294.09,0.8563,46.346
2778,14,27.06,133.02,140.97,401.96,0.8561,46.346
2778,16,143.92,50.93,229.2,272.3,0.8932,46.346
2778,11,437.82,75.91,491.72,220.85,0.6226,46.346
2779,7,364.58,79.02,451.94,294.14,0.857,46.363
2779,14,27.16,133.09,140.43,401.83,0.8613,46.363
2779,16,144.52,50.76,229.4,271.89,0.8989,46.363
2779,11,437.34,74.72,491.53,220.29,0.6152,46.363
2780,7,364.95,78.82,452.09,294.22,0.8554,46.38
2780,14,27.37,133.18,140.05,401.75,0.8555,46.38
2780,16,145.09,50.53,229.68,271.6,0.9012,46.38
2780,11,434.73,73.96,489.56,223.3,0.6382,46.38
2781,7,365.37,78.86,452.25,294.33,0.8546,46.396
2781,14,27.25,133.0,139.67,402.01,0.8672,46.396
2781,16,145.99,50.49,230.16,271.12,0.9021,46.396
2781,11,433.65,72.19,488.48,223.37,0.7106,46.396
2782,7,366.23,78.97,452.58,293.99,0.8563,46.413
2782,14,27.37,132.88,139.47,401.98,0.8639,46.413
2782,16,146.71,50.48,230.55,270.83,0.9054,46.413
2782,11,433.21,71.78,487.61,223.6,0.7654,46.413
2783,7,366.89,78.8,452.96,294.17,0.8549,46.43
2783,14,27.72,133.05,139.26,401.6,0.8508,46.43
2783,16,147.63,50.39,231.23,270.52,0.906,46.43
2783,11,432.75,70.79,486.76,223.64,0.7746,46.43
2784,7,367.4,78.87,453.11,294.22,0.855,46.446
2784,14,28.02,133.15,139.23,401.55,0.8482,46.446
2784,16,148.5,50.24,232.04,270.64,0.9082,46.446
2784,11,432.25,69.95,485.85,223.79,0.7878,46.446
2785,7,368.04,79.24,453.2,294.11,0.8594,46.463
2785,14,28.26,133.13,139.24,401.49,0.8459,46.463
2785,16,149.56,50.16,232.9,270.53,0.9072,46.463
2785,11,432.13,69.88,484.98,223.61,0.7757,46.463
2786,7,368.49,79.31,453.24,294.23,0.8605,46.48
2786,14,28.53,133.34,139.23,401.42,0.8428,46.48
2786,16,150.54,50.13,233.59,270.25,0.9098,46.48
2786,11,432.01,68.7,484.52,223.38,0.7714,46.48
2787,7,369.18,79.56,453.54,294.29,0.8579,46.496
2787,14,28.77,133.17,139.39,401.41,0.8391,46.496
2787,16,151.51,50.14,234.01,269.07,0.9105,46.496
2787,11,431.94,67.04,484.28,223.0,0.7858,46.496
2788,7,369.61,79.48,453.72,294.37,0.8609,46.513
2788,14,28.95,133.12,139.51,401.52,0.8424,46.513
2788,16,152.13,50.14,234.43,268.69,0.9082,46.513
2788,11,431.82,66.05,483.87,222.77,0.7891,46.513
2789,7,370.02,79.51,453.83,294.34,0.8609,46.53
2789,14,29.1,133.02,139.64,401.59,0.8502,46.53
2789,16,152.75,49.88,234.94,268.39,0.9062,46.53
2789,11,431.67,65.29,483.53,222.89,0.7843,46.53
2790,7,370.41,79.27,454.0,294.12,0.8617,46.547
2790,14,29.29,132.48,139.97,401.64,0.8418,46.547
2790,16,153.24,49.8,235.49,268.87,0.9032,46.547
2790,11,431.31,63.58,483.2,222.96,0.7827,46.547
2791,7,370.58,78.77,454.36,294.6,0.8594,46.563
2791,14,29.48,132.05,140.27,401.71,0.8426,46.563
2791,16,153.66,49.97,235.71,268.88,0.9041,46.563
2791,11,431.01,62.26,482.85,222.62,0.7805,46.563
2792,7,370.93,78.86,454.55,294.82,0.8586,46.58
2792,14,29.67,132.16,140.37,401.76,0.8263,46.58
2792,16,154.13,50.05,235.9,268.53,0.9032,46.58
2792,11,430.77,59.93,482.75,222.18,0.769,46.58
2793,7,371.18,79.07,454.61,294.94,0.8553,46.597
2793,14,29.69,131.55,140.62,401.77,0.8279,46.597
2793,16,154.71,50.34,236.05,267.91,0.9029,46.597
2793,11,430.72,59.27,482.39,221.75,0.7631,46.597
2794,7,371.3,78.97,454.78,295.44,0.8503,46.613
2794,14,29.81,131.33,140.89,401.97,0.8261,46.613
2794,16,155.16,50.38,236.32,267.7,0.9025,46.613
2794,11,430.35,56.36,482.53,221.84,0.755,46.613
2795,7,371.38,78.78,454.77,295.49,0.854,46.63
2795,14,30.06,131.05,141.21,401.95,0.84,46.63
2795,16,155.61,50.41,236.97,268.58,0.8991,46.63
2795,11,430.0,54.53,482.7,222.97,0.7619,46.63
2796,7,371.54,78.59,454.8,295.53,0.8547,46.647
2796,14,30.41,130.88,141.65,402.12,0.8318,46.647
2796,16,156.27,50.5,237.45,268.53,0.9014,46.647
2796,11,429.66,53.28,482.56,223.49,0.7628,46.647
2797,7,371.69,78.37,454.81,295.53,0.8585,46.663
2797,14,30.75,130.64,142.16,402.28,0.8494,46.663
2797,16,156.89,50.18,238.04,268.4,0.8989,46.663
2797,11,429.52,52.65,482.14,222.69,0.7874,46.663
2798,7,371.92,78.29,454.88,295.83,0.8624,46.68
2798,14,31.15,130.45,142.79,402.65,0.8403,46.68
2798,16,157.68,50.04,238.61,267.93,0.9041,46.68
2798,11,429.47,52.07,482.31,223.99,0.7918,46.68
2799,7,372.28,78.31,454.93,295.67,0.8618,46.697
2799,14,31.34,130.02,143.26,402.84,0.8506,46.697
2799,16,158.52,49.95,239.23,267.23,0.9087,46.697
2799,11,429.35,51.88,482.15,224.46,0.7841,46.697
2800,7,372.62,78.46,454.91,295.55,0.8613,46.713
2800,14,31.92,129.76,143.83,402.47,0.846,46.713
2800,16,159.18,49.7,239.74,266.41,0.9093,46.713
2800,11,429.29,51.8,481.96,224.68,0.7715,46.713
2801,7,373.01,78.28,455.12,295.56,0.8634,46.73
2801,14,32.24,129.36,144.26,402.17,0.8229,46.73
2801,16,159.85,49.56,240.29,265.8,0.9124,46.73
2801,11,429.53,52.21,481.96,224.95,0.7835,46.73
2802,7,373.28,78.15,455.17,295.59,0.8667,46.747
2802,14,32.73,129.01,144.87,402.08,0.832,46.747
2802,16,160.43,49.21,240.7,264.69,0.9121,46.747
2802,11,429.97,52.6,481.77,223.77,0.7867,46.747
2803,7,373.56,78.46,455.19,295.91,0.8622,46.763
2803,14,33.14,128.88,145.25,401.86,0.8183,46.763
2803,16,160.96,49.1,241.03,263.74,0.9136,46.763
2803,11,429.96,52.92,481.84,224.75,0.7913,46.763
2804,7,373.87,78.57,455.26,296.02,0.8615,46.78
2804,14,33.44,128.86,145.49,401.78,0.8221,46.78
2804,16,161.58,49.09,241.56,263.04,0.9085,46.78
2804,11,430.04,53.17,481.85,225.13,0.7892,46.78
2805,7,374.02,78.66,455.2,296.18,0.8613,46.797
2805,14,33.42,128.58,145.53,401.8,0.8412,46.797
2805,16,161.91,49.13,241.83,262.39,0.9074,46.797
2805,11,430.2,53.01,481.95,225.22,0.7981,46.797
2806,7,374.36,78.95,455.18,296.01,0.8595,46.813
2806,14,33.49,128.78,145.46,401.95,0.8647,46.813
2806,16,162.22,49.19,242.15,262.0,0.9061,46.813
2806,11,430.25,52.93,481.98,225.38,0.7938,46.813
2807,7,374.77,79.28,455.19,295.66,0.8628,46.83
2807,14,33.62,128.49,145.66,402.02,0.8684,46.83
2807,16,162.53,49.04,242.38,261.09,0.907,46.83
2807,11,430.43,52.96,482.04,225.23,0.7974,46.83
2808,7,375.05,79.4,455.22,295.44,0.8634,46.847
2808,14,33.83,128.21,145.69,401.8,0.8808,46.847
2808,16,162.8,49.05,242.53,260.17,0.905,46.847
2808,11,430.53,52.99,482.01,225.06,0.7975,46.847
2809,7,375.28,79.3,455.25,295.14,0.8674,46.863
2809,14,34.26,127.81,146.08,401.89,0.8797,46.863
2809,16,163.0,48.54,242.71,259.28,0.8987,46.863
2809,11,430.83,52.97,481.91,223.87,0.7863,46.863
2810,7,375.52,79.39,455.27,294.85,0.87,46.88
2810,14,34.75,127.51,146.27,401.63,0.8839,46.88
2810,16,163.34,48.36,243.02,258.56,0.8943,46.88
2810,11,430.98,52.88,481.92,223.52,0.791,46.88
2811,7,375.8,79.38,455.42,294.85,0.8741,46.897
2811,14,34.95,126.98,146.26,401.49,0.891,46.897
2811,16,163.58,47.84,243.25,257.58,0.8908,46.897
2811,11,430.81,52.97,481.66,223.2,0.789,46.897
2812,7,376.08,79.4,455.54,294.86,0.8758,46.914
2812,14,35.08,126.52,146.24,401.47,0.8941,46.914
2812,16,163.98,47.52,243.34,256.06,0.888,46.914
2812,11,430.85,53.04,481.62,222.97,0.7953,46.914
2813,7,376.47,79.45,455.65,294.69,0.8815,46.93
2813,14,35.45,125.74,146.44,401.39,0.8971,46.93
2813,16,164.16,47.26,243.34,254.92,0.8877,46.93
2813,11,430.78,53.03,481.54,222.88,0.7775,46.93
2814,7,376.7,79.56,455.67,294.71,0.8837,46.947
2814,14,35.77,125.23,146.51,401.28,0.8987,46.947
2814,16,164.21,47.54,243.31,254.42,0.8875,46.947
2814,11,430.8,52.96,481.58,222.92,0.7849,46.947
2815,7,376.91,79.63,455.74,294.94,0.8841,46.964
2815,14,36.13,124.6,146.59,401.2,0.8923,46.964
2815,16,164.36,47.79,243.35,253.85,0.8921,46.964
2815,11,430.87,52.94,481.57,222.67,0.7765,46.964
2816,7,377.06,79.65,455.71,294.98,0.8844,46.98
2816,14,36.66,124.08,146.69,401.05,0.8963,46.98
2816,16,164.48,47.97,243.42,253.45,0.8923,46.98
2816,11,430.88,53.05,481.52,222.6,0.774,46.98
2817,7,377.25,79.62,455.73,295.01,0.8846,46.997
2817,14,37.32,123.77,146.86,401.03,0.8994,46.997
2817,16,164.54,48.07,243.6,253.38,0.8931,46.997
2817,11,430.87,53.04,481.51,222.62,0.7756,46.997
2818,7,377.41,79.83,455.73,295.38,0.8855,47.014
2818,14,37.89,122.65,147.26,401.12,0.9034,47.014
2818,16,164.72,48.44,243.79,253.38,0.8916,47.014
2818,11,430.75,53.25,481.38,222.73,0.7515,47.014
2819,7,377.6,80.1,455.61,295.38,0.887,47.03
2819,14,38.32,122.26,147.18,401.05,0.8994,47.03
2819,16,165.12,48.95,244.03,252.96,0.894,47.03
2819,11,430.38,53.06,481.55,224.47,0.7327,47.03
2820,7,377.71,80.19,455.5,295.42,0.8872,47.047
2820,14,38.91,122.05,147.22,400.94,0.8972,47.047
2820,16,165.52,48.79,244.64,253.03,0.8907,47.047
2820,11,430.22,53.0,481.53,225.13,0.7327,47.047
2821,7,377.77,80.19,455.4,295.55,0.8858,47.064
2821,14,39.27,121.85,147.04,400.82,0.8957,47.064
2821,16,165.36,49.08,244.61,253.23,0.8935,47.064
2821,11,430.18,53.02,481.5,225.38,0.7252,47.064
2822,7,377.83,80.22,455.37,295.9,0.8841,47.08
2822,14,39.99,121.73,147.21,400.78,0.8965,47.08
2822,16,165.43,49.15,244.74,253.13,0.8989,47.08
2822,11,430.1,53.05,481.38,225.48,0.703,47.08
2823,7,377.94,80.18,455.48,296.45,0.8776,47.097
2823,14,41.14,121.64,147.67,400.51,0.9042,47.097
2823,16,165.58,49.24,244.94,252.96,0.903,47.097
2823,11,430.01,52.78,481.29,225.46,0.6895,47.097
2824,7,378.01,80.14,455.44,296.7,0.8764,47.114
2824,14,41.73,121.28,147.76,400.46,0.8963,47.114
2824,16,165.65,49.23,245.2,253.18,0.8993,47.114
2824,11,430.01,52.24,481.38,225.62,0.6862,47.114
2825,7,378.11,80.21,455.35,296.7,0.8759,47.13
2825,14,42.27,120.78,147.89,400.43,0.8904,47.13
2825,16,165.76,49.33,245.42,253.38,0.9026,47.13
2825,11,429.92,51.82,481.29,225.64,0.6787,47.13
2826,7,378.33,80.44,455.36,296.82,0.8744,47.147
2826,14,42.93,120.05,148.2,400.36,0.8971,47.147
2826,16,165.94,49.4,245.56,253.18,0.9061,47.147
2826,11,430.03,52.15,481.14,225.68,0.6565,47.147
2827,7,378.57,80.67,455.35,296.81,0.8683,47.164
2827,14,43.67,119.47,148.49,400.22,0.9013,47.164
2827,16,166.06,49.48,245.81,253.43,0.905,47.164
2827,11,430.04,52.59,480.86,225.53,0.6533,47.164
2828,7,378.71,80.67,455.35,296.87,0.8684,47.18
2828,14,44.56,118.63,149.01,400.3,0.9017,47.18
2828,16,166.19,49.53,245.96,253.39,0.9057,47.18
2828,11,429.96,52.63,480.64,225.55,0.6563,47.18
2829,7,378.91,80.81,455.35,296.79,0.868,47.197
2829,14,45.35,118.6,149.2,400.41,0.9042,47.197
2829,16,166.27,49.52,246.1,253.47,0.9056,47.197
2829,11,429.87,53.03,480.29,225.45,0.6025,47.197
2830,7,379.14,81.08,455.38,296.77,0.8672,47.214
2830,14,46.78,118.32,150.12,400.37,0.9075,47.214
2830,16,166.41,49.6,246.18,253.33,0.9093,47.214
2830,11,429.59,52.88,479.93,225.36,0.5821,47.214
2831,7,379.32,81.12,455.44,296.82,0.8664,47.231
2831,14,47.96,118.29,150.72,400.24,0.9143,47.231
2831,16,166.54,49.7,246.28,253.34,0.9109,47.231
2831,11,429.32,52.02,479.79,225.47,0.5718,47.231
2832,7,379.46,81.06,455.45,296.72,0.8684,47.247
2832,14,48.87,118.03,151.08,399.88,0.912,47.247
2832,16,166.67,49.79,246.36,253.33,0.911,47.247
2832,11,428.94,51.38,479.32,225.17,0.5318,47.247
2833,7,379.47,80.68,455.79,297.69,0.8661,47.264
2833,14,49.78,117.26,151.6,399.46,0.9073,47.264
2833,16,166.9,49.63,246.71,253.51,0.9093,47.264
2833,11,429.17,50.71,479.49,225.09,0.6044,47.264
2834,7,379.39,81.8,455.9,299.88,0.8634,47.281
2834,14,50.67,116.75,151.88,398.69,0.9111,47.281
2834,16,167.07,49.48,246.96,253.65,0.9117,47.281
2834,11,429.03,50.1,479.26,224.99,0.5736,47.281
2835,7,379.45,82.3,455.97,300.8,0.8655,47.297
2835,14,51.61,116.25,152.13,397.79,0.9111,47.297
2835,16,167.21,49.42,247.12,253.73,0.9101,47.297
2835,11,428.89,49.97,478.8,224.63,0.5384,47.297
2836,7,379.55,82.52,455.94,301.04,0.8671,47.314
2836,14,52.63,115.87,152.29,396.45,0.9117,47.314
2836,16,167.36,49.43,247.22,253.76,0.9119,47.314
2836,11,428.65,49.52,478.32,224.27,0.5331,47.314
2837,7,379.7,82.55,456.02,301.24,0.867,47.331
2837,14,53.61,115.47,152.44,395.04,0.9113,47.331
2837,16,167.58,49.48,247.39,253.85,0.9123,47.331
2837,11,428.54,48.93,477.91,223.72,0.5848,47.331
2838,7,379.94,82.67,456.14,301.35,0.865,47.347
2838,14,54.39,114.95,152.32,392.89,0.9093,47.347
2838,16,167.73,49.63,247.44,253.84,0.9142,47.347
2838,11,428.12,48.76,477.41,224.06,0.5872,47.347
2839,7,380.08,82.62,456.27,301.44,0.8653,47.364
2839,14,54.94,114.49,152.32,391.62,0.912,47.364
2839,16,167.84,49.69,247.49,253.87,0.9131,47.364
2839,11,428.12,48.44,477.21,223.94,0.6022,47.364
2840,7,380.25,82.73,456.29,301.22,0.8677,47.381
2840,14,55.83,114.07,152.3,388.9,0.9085,47.381
2840,16,167.95,49.73,247.53,253.87,0.9145,47.381
2840,11,428.0,47.4,477.06,223.53,0.6404,47.381
2841,7,380.43,82.74,456.46,301.31,0.8705,47.397
2841,14,56.38,113.95,152.3,387.28,0.9101,47.397
2841,16,168.11,49.82,247.59,253.87,0.9174,47.397
2841,11,428.03,47.34,476.9,223.55,0.6006,47.397
2842,7,380.4,82.77,456.33,301.25,0.8711,47.414
2842,14,56.73,114.05,152.23,386.08,0.9123,47.414
2842,16,168.28,49.77,247.7,253.92,0.9179,47.414
2842,11,428.06,47.25,476.9,224.41,0.635,47.414
2843,7,380.52,82.74,456.42,301.21,0.8716,47.431
2843,14,56.97,114.67,151.14,382.54,0.9114,47.431
2843,16,168.39,49.75,247.74,253.98,0.9185,47.431
2843,11,427.92,47.67,476.55,224.93,0.6045,47.431
2844,7,380.66,82.73,456.51,301.03,0.8718,47.447
2844,14,57.35,114.3,151.77,382.55,0.9102,47.447
2844,16,168.55,49.75,247.81,254.05,0.9201,47.447
2844,11,428.03,47.97,476.37,225.26,0.6189,47.447
2845,7,380.79,82.83,456.58,301.03,0.8706,47.464
2845,14,57.7,114.32,151.9,381.4,0.9117,47.464
2845,16,168.76,49.77,247.89,254.14,0.922,47.464
2845,11,428.16,48.04,476.09,225.09,0.6064,47.464
2846,7,380.95,82.91,456.71,301.04,0.8664,47.481
2846,14,57.93,114.34,152.03,380.54,0.9129,47.481
2846,16,168.99,49.76,247.97,254.1,0.9219,47.481
2846,11,428.0,48.2,475.24,223.51,0.5765,47.481
2847,7,381.02,82.9,456.78,301.07,0.8663,47.497
2847,14,58.04,114.16,152.03,379.42,0.9145,47.497
2847,16,169.18,49.74,248.02,254.14,0.9219,47.497
2847,11,427.94,47.74,474.91,223.1,0.5413,47.497
2848,7,381.08,82.97,456.95,301.41,0.8643,47.514
2848,14,57.96,113.96,152.04,378.89,0.9169,47.514
2848,16,169.29,49.75,248.01,254.19,0.9205,47.514
2848,11,427.93,48.05,474.37,222.21,0.4862,47.514
2849,7,381.19,83.15,456.99,301.41,0.863,47.531
2849,14,58.14,113.9,151.97,377.52,0.9173,47.531
2849,16,169.48,49.73,248.08,254.19,0.9201,47.531
2849,11,427.46,48.09,473.78,222.34,0.4895,47.531
2850,7,381.44,83.28,457.19,301.35,0.862,47.547
2850,14,58.28,113.45,151.89,375.85,0.9146,47.547
2850,16,169.69,49.58,248.16,254.19,0.9189,47.547
2850,11,426.81,48.23,472.88,221.5,0.5211,47.547
2851,7,381.54,83.31,457.28,301.34,0.8639,47.564
2851,14,58.33,113.23,151.97,375.11,0.9148,47.564
2851,16,169.84,49.56,248.16,254.21,0.9206,47.564
2851,11,426.31,48.23,472.35,221.67,0.4858,47.564
2852,7,381.61,83.37,457.35,301.38,0.8618,47.581
2852,14,58.22,112.34,152.22,374.87,0.9145,47.581
2852,16,170.01,49.33,248.21,254.2,0.9236,47.581
2852,11,426.07,48.47,472.08,222.03,0.3834,47.581
2853,7,381.71,83.46,457.39,301.33,0.8613,47.598
2853,14,58.07,112.13,152.37,375.24,0.9137,47.598
2853,16,170.15,49.29,248.18,254.2,0.9225,47.598
2853,11,425.88,48.62,471.75,221.82,0.4492,47.598
2854,7,381.89,83.26,457.64,301.23,0.8614,47.614
2854,14,57.86,111.56,152.63,375.92,0.9136,47.614
2854,16,170.32,49.21,248.2,254.15,0.9224,47.614
2854,11,425.29,48.44,471.09,221.02,0.422,47.614
2855,7,382.07,83.15,457.88,301.07,0.8601,47.631
2855,14,57.76,111.34,152.71,376.16,0.9128,47.631
2855,16,170.44,49.18,248.17,254.13,0.9235,47.631
2855,11,425.1,48.32,470.94,220.74,0.3956,47.631
2856,7,382.28,83.1,458.19,300.92,0.8553,47.648
2856,14,57.34,110.86,153.19,378.52,0.9127,47.648
2856,16,170.63,49.11,248.27,254.14,0.9232,47.648
2856,11,424.8,47.65,471.14,222.36,0.3677,47.648
2857,7,382.35,83.08,458.45,301.08,0.8552,47.664
2857,14,57.38,110.69,153.23,378.61,0.9148,47.664
2857,16,170.86,49.02,248.37,253.99,0.9247,47.664
2857,11,424.56,47.63,470.88,222.66,0.3574,47.664
2858,7,382.31,82.94,458.53,300.94,0.8535,47.681
2858,14,57.6,110.42,153.07,377.32,0.9161,47.681
2858,16,171.06,48.74,248.56,253.87,0.924,47.681
2858,11,423.62,47.25,469.88,221.87,0.3631,47.681
2859,7,382.2,82.86,458.52,300.96,0.8523,47.698
2859,14,57.49,110.31,153.08,377.79,0.9161,47.698
2859,16,171.17,48.62,248.63,253.81,0.9233,47.698
2859,11,422.81,47.1,469.54,223.65,0.365,47.698
2860,7,382.11,82.95,458.51,301.09,0.8563,47.714
2860,14,57.62,110.28,152.97,377.21,0.9161,47.714
2860,16,171.3,48.55,248.75,253.79,0.9246,47.714
2860,11,428.22,46.65,463.46,170.01,0.4048,47.714
2861,7,381.93,82.96,458.37,301.16,0.8519,47.731
2861,14,57.76,110.07,152.88,376.43,0.9145,47.731
2861,16,171.35,48.43,248.8,253.77,0.9267,47.731
2861,11,429.83,46.62,460.66,147.4,0.3618,47.731
2862,7,381.92,83.09,458.27,300.88,0.8556,47.748
2862,14,57.59,109.9,152.95,377.15,0.9136,47.748
2862,16,171.43,48.32,248.91,253.77,0.9284,47.748
2863,7,381.84,83.1,458.14,300.65,0.8551,47.764
2863,14,57.75,110.02,152.68,376.04,0.9131,47.764
2863,16,171.46,48.2,248.95,253.71,0.9273,47.764
2864,7,381.75,83.09,458.04,300.59,0.8548,47.781
2864,14,57.82,110.15,152.68,376.0,0.9141,47.781
2864,16,171.48,48.2,248.95,253.69,0.928,47.781
2865,7,381.69,83.06,457.87,300.24,0.8575,47.798
2865,14,57.79,110.08,152.68,375.94,0.9181,47.798
2865,16,171.5,48.19,248.94,253.63,0.9287,47.798
2866,7,381.57,83.17,457.74,300.33,0.8545,47.814
2866,14,57.75,110.12,152.54,375.53,0.9184,47.814
2866,16,171.49,48.01,248.95,253.51,0.9278,47.814
2867,7,381.5,83.2,457.64,300.27,0.8551,47.831
2867,14,57.75,110.07,152.41,374.9,0.9154,47.831
2867,16,171.44,47.9,248.92,253.46,0.9277,47.831
2867,18,418.58,46.54,467.78,143.18,0.3977,47.831
2868,7,381.57,83.42,457.61,300.17,0.8517,47.848
2868,14,57.76,110.17,152.41,374.73,0.9154,47.848
2868,16,171.38,47.73,248.9,253.44,0.9264,47.848
2868,18,418.21,46.69,467.79,144.07,0.4515,47.848
2869,7,381.44,83.63,457.5,300.46,0.8491,47.864
2869,14,57.54,110.04,152.23,374.56,0.9162,47.864
2869,16,171.33,47.51,248.84,253.24,0.9279,47.864
2869,18,417.95,46.3,467.89,144.45,0.4558,47.864
2870,7,381.27,83.49,457.42,300.74,0.848,47.881
2870,14,57.28,109.75,151.96,374.11,0.9173,47.881
2870,16,171.26,47.28,248.68,252.82,0.9293,47.881
2870,18,417.53,46.3,467.76,145.06,0.5196,47.881
2871,7,381.18,83.46,457.3,300.79,0.8455,47.898
2871,14,57.22,109.44,151.98,373.89,0.9206,47.898
2871,16,171.21,47.21,248.59,252.69,0.931,47.898
2871,18,417.37,46.57,467.77,145.8,0.5698,47.898
2872,7,380.91,83.38,457.09,301.19,0.8446,47.915
2872,14,57.19,109.05,152.09,373.68,0.9182,47.915
2872,16,171.22,47.14,248.56,252.52,0.9291,47.915
2872,18,417.54,46.91,467.39,145.2,0.5773,47.915
2873,7,380.79,83.43,456.81,301.12,0.8424,47.931
2873,14,57.05,108.8,152.04,373.47,0.9193,47.931
2873,16,171.12,47.01,248.4,252.32,0.9301,47.931
2873,18,417.66,47.14,467.04,144.6,0.5309,47.931
2874,7,380.56,83.36,456.44,301.13,0.8393,47.948
2874,14,56.83,108.53,151.9,373.25,0.9198,47.948
2874,16,171.08,46.93,248.27,252.1,0.9246,47.948
2874,18,417.71,47.59,466.61,144.19,0.529,47.948
2875,7,380.25,81.39,456.25,300.14,0.8378,47.965
2875,14,56.49,107.9,151.79,373.23,0.9216,47.965
2875,16,171.09,46.96,248.16,251.86,0.922,47.965
2875,18,417.79,48.01,466.38,144.09,0.4858,47.965
2876,7,380.08,80.7,456.03,300.07,0.8401,47.981
2876,14,56.13,107.38,151.58,373.29,0.9215,47.981
2876,16,171.07,46.94,248.05,251.68,0.917,47.981
2876,18,417.81,48.1,466.23,143.99,0.4233,47.981
2877,7,379.93,80.36,455.79,300.16,0.8343,47.998
2877,14,55.87,107.16,151.15,372.83,0.922,47.998
2877,16,171.06,46.93,247.77,251.02,0.9065,47.998
2877,18,418.09,48.85,466.08,143.97,0.3706,47.998
2878,7,379.82,80.3,455.44,300.05,0.8357,48.015
2878,14,55.33,106.93,150.46,372.52,0.9233,48.015
2878,16,170.9,46.59,247.34,250.31,0.9006,48.015
2878,18,417.86,48.75,465.8,143.89,0.4505,48.015
2879,7,379.8,80.28,455.24,300.19,0.8349,48.031
2879,14,54.91,106.86,150.0,372.8,0.9212,48.031
2879,16,171.17,46.54,246.75,247.98,0.8864,48.031
2879,18,417.86,48.76,465.65,143.7,0.44,48.031
2880,7,379.86,80.26,455.07,300.08,0.8365,48.048
2880,14,54.29,106.32,149.27,372.54,0.9177,48.048
2880,16,171.41,46.98,246.28,246.4,0.8722,48.048
2880,18,417.81,48.95,465.47,143.78,0.444,48.048
2881,7,380.0,81.05,454.89,300.41,0.838,48.065
2881,14,53.78,105.86,148.64,372.18,0.9175,48.065
2881,16,171.71,47.14,245.82,244.3,0.8728,48.065
2881,18,417.93,48.86,465.22,143.05,0.4633,48.065
2882,7,379.56,80.53,454.54,300.62,0.8343,48.081
2882,14,53.29,105.37,147.93,371.61,0.925,48.081
2882,16,171.83,47.2,245.28,242.34,0.8717,48.081
2882,18,417.73,48.9,465.02,143.13,0.4656,48.081
2883,7,379.6,81.0,454.32,300.74,0.8361,48.098
2883,14,52.97,105.23,147.4,371.34,0.9236,48.098
2883,16,171.73,47.22,245.26,242.38,0.8745,48.098
2883,18,417.68,48.92,464.97,143.21,0.4775,48.098
2884,7,379.63,81.2,454.2,300.88,0.8348,48.115
2884,14,52.74,105.31,146.89,371.03,0.9175,48.115
2884,16,172.02,47.22,244.81,239.99,0.8787,48.115
2884,18,417.77,49.21,464.84,143.03,0.459,48.115
2885,7,379.21,80.44,453.97,301.11,0.8305,48.131
2885,14,52.53,105.33,146.29,370.2,0.9185,48.131
2885,16,172.04,47.22,244.56,238.85,0.8758,48.131
2885,18,417.68,49.26,464.65,142.92,0.4562,48.131
2886,7,378.92,80.18,453.75,301.53,0.8294,48.148
2886,14,52.44,105.05,145.92,369.35,0.9157,48.148
2886,16,172.07,47.19,244.46,238.14,0.8805,48.148
2886,18,417.47,49.27,464.49,142.92,0.4591,48.148
2887,7,378.8,80.13,453.59,301.69,0.8285,48.165
2887,14,52.34,105.07,145.56,368.68,0.9148,48.165
2887,16,172.09,47.16,244.45,237.68,0.8777,48.165
2887,18,417.28,49.28,464.49,143.25,0.4556,48.165
2888,7,378.75,80.22,453.41,301.81,0.8273,48.181
2888,14,52.31,104.95,145.46,368.32,0.9177,48.181
2888,16,172.09,47.13,244.33,237.03,0.8782,48.181
2888,18,417.15,49.25,464.24,142.94,0.4737,48.181
2889,7,378.62,80.09,453.28,302.01,0.8281,48.198
2889,14,52.29,104.83,145.15,367.34,0.9161,48.198
2889,16,172.0,47.13,244.42,237.3,0.8804,48.198
2889,18,416.89,49.35,464.12,143.21,0.4481,48.198
2890,7,378.42,80.07,453.1,302.22,0.8292,48.215
2890,14,52.18,104.85,144.87,366.68,0.9164,48.215
2890,16,171.9,47.06,244.51,237.54,0.8798,48.215
2890,18,416.43,49.45,464.02,143.94,0.4361,48.215
2891,7,378.36,80.01,453.02,302.39,0.8319,48.232
2891,14,52.06,104.85,144.33,365.33,0.9121,48.232
2891,16,171.88,46.91,244.53,237.32,0.8835,48.232
2891,18,416.19,49.64,463.91,144.36,0.3838,48.232
2892,7,378.64,79.57,452.89,300.97,0.8371,48.248
2892,14,52.04,104.79,143.91,363.73,0.9128,48.248
2892,16,171.9,46.99,244.44,237.03,0.8895,48.248
2892,18,416.02,48.12,464.22,144.06,0.409,48.248
2893,7,378.51,80.32,452.1,299.98,0.8361,48.265
2893,14,52.33,104.81,143.59,361.36,0.9121,48.265
2893,16,171.88,46.95,244.48,237.1,0.889,48.265
2893,18,415.93,47.88,464.19,144.12,0.3898,48.265
2894,7,378.41,80.66,451.64,299.34,0.8369,48.282
2894,14,52.65,104.79,143.04,357.95,0.9125,48.282
2894,16,171.91,46.93,244.47,236.92,0.8888,48.282
2894,18,415.74,47.74,464.19,144.61,0.4228,48.282
2895,7,378.31,79.87,451.89,299.49,0.8395,48.298
2895,14,53.11,104.82,142.94,355.37,0.9045,48.298
2895,16,171.9,46.91,244.46,236.84,0.8862,48.298
2895,18,415.94,47.73,464.4,145.04,0.4308,48.298
2896,7,378.21,79.94,451.33,298.23,0.8459,48.315
2896,14,53.53,104.82,143.42,354.2,0.9024,48.315
2896,16,171.94,46.8,244.54,236.85,0.8855,48.315
2896,18,415.9,48.02,464.47,146.04,0.4542,48.315
2897,7,378.3,79.21,451.24,296.55,0.8464,48.332
2897,14,54.01,104.75,143.43,351.05,0.901,48.332
2897,16,172.04,46.66,244.71,236.82,0.8826,48.332
2897,18,415.33,47.65,464.42,147.32,0.4512,48.332
2898,7,378.18,78.76,451.28,296.12,0.847,48.348
2898,14,54.67,104.73,143.95,348.31,0.9016,48.348
2898,16,172.07,46.59,244.77,236.79,0.8829,48.348
2898,18,415.39,47.47,464.32,147.41,0.4618,48.348
2899,7,377.76,78.55,451.25,296.65,0.8538,48.365
2899,14,54.86,104.71,145.03,348.5,0.8992,48.365
2899,16,172.08,46.55,244.84,236.87,0.883,48.365
2899,18,415.53,47.54,464.22,147.6,0.4637,48.365
2900,7,377.39,77.96,451.26,296.79,0.8566,48.382
2900,14,55.25,104.59,145.86,347.09,0.9026,48.382
2900,16,172.1,46.53,244.92,236.96,0.8828,48.382
2900,18,415.5,47.06,464.14,147.75,0.4404,48.382
2901,7,377.09,77.61,451.39,297.58,0.8583,48.398
2901,14,55.32,104.39,146.59,346.42,0.9036,48.398
2901,16,172.1,46.57,245.02,237.1,0.8817,48.398
2901,18,415.9,46.79,464.07,147.19,0.4719,48.398
2902,7,376.9,77.3,451.5,298.02,0.8577,48.415
2902,14,55.48,104.31,147.21,345.28,0.9054,48.415
2902,16,172.05,46.58,245.12,237.42,0.8819,48.415
2902,18,415.87,46.77,463.63,146.76,0.4588,48.415
2903,7,376.68,77.18,451.51,298.37,0.8557,48.432
2903,14,55.01,104.08,147.44,345.05,0.9071,48.432
2903,16,172.13,46.57,245.27,237.39,0.8818,48.432
2903,18,416.19,46.88,463.05,145.42,0.4242,48.432
2904,7,376.54,77.13,451.39,298.05,0.8602,48.448
2904,14,55.44,104.02,148.68,344.81,0.9065,48.448
2904,16,172.19,46.43,245.42,237.38,0.8798,48.448
2904,18,416.34,46.0,463.01,144.93,0.4245,48.448
2905,7,376.49,77.42,451.13,297.29,0.8624,48.465
2905,14,56.22,104.07,150.5,344.61,0.91,48.465
2905,16,172.38,46.41,245.64,237.33,0.8819,48.465
2905,18,416.89,44.64,463.41,144.45,0.4472,48.465
2906,7,376.37,77.25,451.12,297.01,0.8681,48.482
2906,14,56.52,104.02,151.79,344.22,0.9123,48.482
2906,16,172.42,46.43,245.72,237.34,0.8832,48.482
2906,18,417.05,44.08,463.4,144.65,0.4525,48.482
2907,7,376.32,77.33,451.03,296.47,0.867,48.498
2907,14,56.56,104.04,152.87,344.14,0.9135,48.498
2907,16,172.54,46.42,245.88,237.27,0.8842,48.498
2907,18,417.34,44.1,463.0,144.12,0.4208,48.498
2908,7,376.09,77.38,450.98,296.61,0.8677,48.515
2908,14,56.56,103.96,153.87,343.89,0.9188,48.515
2908,16,172.71,46.39,246.1,237.36,0.8836,48.515
2908,18,417.58,43.77,463.17,144.91,0.4526,48.515
2909,7,375.87,77.53,450.91,296.79,0.8693,48.532
2909,14,56.73,103.99,155.14,343.98,0.9229,48.532
2909,16,172.88,46.34,246.37,237.54,0.8835,48.532
2909,18,417.1,43.24,463.02,146.22,0.4232,48.532
2910,7,375.71,77.59,450.93,297.0,0.8708,48.549
2910,14,57.2,104.07,156.72,343.83,0.93,48.549
2910,16,172.93,46.33,246.46,237.6,0.8841,48.549
2910,18,417.05,43.07,462.9,146.95,0.4178,48.549
2911,7,375.64,77.84,450.81,296.67,0.8718,48.565
2911,14,57.41,104.03,158.13,343.89,0.9304,48.565
2911,16,173.11,46.27,246.65,237.59,0.8801,48.565
2911,18,417.1,42.87,462.4,146.28,0.4429,48.565
2912,7,375.66,77.69,450.71,295.68,0.8758,48.582
2912,14,57.45,103.74,159.43,344.02,0.9287,48.582
2912,16,173.41,46.21,246.95,237.53,0.8831,48.582
2912,18,417.18,42.84,462.37,146.95,0.4315,48.582
2913,7,375.66,78.03,450.47,294.75,0.8697,48.599
2913,14,57.6,103.47,160.87,344.15,0.9264,48.599
2913,16,173.83,46.15,247.38,237.46,0.8856,48.599
2913,18,417.08,42.91,462.28,148.08,0.4584,48.599
2914,7,375.43,78.03,450.57,295.34,0.8717,48.615
2914,14,57.87,103.27,162.34,344.28,0.9245,48.615
2914,16,174.36,46.13,247.94,237.5,0.8855,48.615
2914,18,417.19,42.95,462.33,149.04,0.4523,48.615
2915,7,375.44,78.35,450.4,294.49,0.8678,48.632
2915,14,57.92,102.8,163.66,344.51,0.9216,48.632
2915,16,174.8,46.12,248.43,237.46,0.8912,48.632
2915,18,417.08,43.02,462.27,150.35,0.4692,48.632
2916,7,375.4,78.51,450.21,293.45,0.8597,48.649
2916,14,58.18,102.39,165.03,344.53,0.9196,48.649
2916,16,175.06,45.99,248.72,237.29,0.8918,48.649
2916,18,416.95,43.05,462.14,151.47,0.4573,48.649
2917,7,375.15,79.12,449.32,291.51,0.8413,48.665
2917,14,58.58,102.3,166.37,344.54,0.9192,48.665
2917,16,175.53,45.85,249.31,237.32,0.8917,48.665
2917,18,416.57,43.44,461.9,153.17,0.4355,48.665
2918,7,375.32,78.44,448.71,287.6,0.8462,48.682
2918,14,58.88,102.31,167.51,344.5,0.9178,48.682
2918,16,175.78,45.78,249.63,237.43,0.8906,48.682
2918,18,416.61,43.62,461.87,154.24,0.4565,48.682
2919,7,375.23,78.01,448.49,285.84,0.8497,48.699
2919,14,58.96,102.07,168.44,344.5,0.9138,48.699
2919,16,176.13,45.8,250.06,237.5,0.8931,48.699
2919,18,416.73,43.74,461.62,154.46,0.491,48.699
2920,7,374.83,77.5,448.61,286.04,0.8515,48.715
2920,14,58.95,101.95,169.17,344.49,0.9112,48.715
2920,16,176.47,45.57,250.53,237.51,0.8942,48.715
2920,18,416.56,44.11,461.24,155.32,0.4785,48.715
2921,7,373.88,77.06,449.03,289.07,0.8532,48.732
2921,14,59.04,102.01,169.85,344.43,0.9131,48.732
2921,16,176.74,45.48,250.93,237.71,0.8932,48.732
2921,18,416.9,43.85,460.82,154.04,0.4764,48.732
2922,7,373.73,77.01,448.88,288.43,0.8504,48.749
2922,14,59.25,101.94,170.61,344.23,0.9125,48.749
2922,16,177.06,45.22,251.4,237.78,0.8971,48.749
2922,18,417.21,43.76,460.61,153.5,0.4689,48.749
2923,7,373.56,78.18,448.78,289.19,0.8398,48.765
2923,14,59.4,101.63,171.38,344.13,0.9082,48.765
2923,16,177.33,45.14,251.73,237.85,0.8985,48.765
2923,18,417.72,43.96,460.35,152.51,0.4765,48.765
2924,7,373.63,78.98,448.51,288.29,0.8402,48.782
2924,14,59.67,101.73,172.02,344.02,0.9089,48.782
2924,16,177.56,45.23,251.86,237.74,0.8961,48.782
2924,18,417.93,43.68,460.01,151.54,0.4585,48.782
2925,7,373.35,79.4,448.48,288.82,0.8316,48.799
2925,14,60.0,101.65,172.81,343.97,0.9074,48.799
2925,16,177.85,45.36,252.04,237.62,0.8967,48.799
2925,18,417.91,42.94,459.67,150.68,0.4909,48.799
2926,7,373.0,78.99,448.73,289.74,0.8356,48.815
2926,14,60.45,101.74,173.63,344.02,0.905,48.815
2926,16,178.12,45.25,252.25,237.39,0.8957,48.815
2926,18,418.04,42.82,459.47,150.36,0.4724,48.815
2927,7,372.62,79.13,448.9,291.23,0.8322,48.832
2927,14,60.72,101.43,174.29,344.01,0.8998,48.832
2927,16,178.46,45.03,252.59,237.36,0.8901,48.832
2927,18,418.27,42.92,459.08,149.36,0.4863,48.832
2928,7,372.16,78.08,450.22,295.44,0.8421,48.849
2928,14,60.83,100.58,174.98,344.09,0.9016,48.849
2928,16,178.7,45.1,252.74,237.38,0.887,48.849
2928,18,418.35,42.25,458.88,148.39,0.4849,48.849
2929,7,371.53,77.5,450.96,299.39,0.8676,48.865
2929,14,61.04,100.49,175.21,344.11,0.8999,48.865
2929,16,179.17,45.34,252.38,235.43,0.8833,48.865
2929,18,418.21,41.97,458.66,148.34,0.4971,48.865
2930,7,371.25,76.99,451.23,301.25,0.8777,48.882
2930,14,61.53,100.08,175.83,344.17,0.9008,48.882
2930,16,179.59,45.31,252.57,234.76,0.8845,48.882
2930,18,418.16,41.83,458.52,148.38,0.493,48.882
2931,7,371.12,76.46,451.41,302.59,0.8855,48.899
2931,14,61.75,100.27,175.74,344.22,0.8977,48.899
2931,16,180.09,45.14,252.96,234.52,0.8858,48.899
2931,18,417.68,41.7,458.73,150.75,0.5024,48.899
2932,7,371.09,76.18,451.35,303.15,0.8876,48.916
2932,14,62.46,100.11,176.33,344.25,0.8987,48.916
2932,16,180.47,45.06,253.26,234.47,0.8852,48.916
2932,18,417.51,41.62,458.58,151.42,0.4916,48.916
2933,7,371.31,75.69,451.37,302.88,0.886,48.932
2933,14,63.15,100.16,176.7,344.12,0.9033,48.932
2933,16,180.78,44.91,253.49,234.42,0.8823,48.932
2933,18,417.35,41.07,458.4,151.52,0.5191,48.932
2934,7,371.52,75.42,451.28,302.49,0.8865,48.949
2934,14,63.77,100.44,177.01,344.21,0.9091,48.949
2934,16,181.28,44.79,253.96,234.46,0.8802,48.949
2934,18,417.35,40.81,458.15,151.24,0.5011,48.949
2935,7,371.77,75.33,451.21,302.12,0.8866,48.966
2935,14,64.32,100.28,177.33,344.14,0.9054,48.966
2935,16,181.76,44.57,254.4,234.44,0.8827,48.966
2935,18,417.26,40.62,458.06,151.78,0.5021,48.966
2936,7,371.96,75.26,451.16,301.86,0.8837,48.982
2936,14,65.14,100.08,177.94,344.11,0.9062,48.982
2936,16,182.15,44.61,254.71,234.42,0.8766,48.982
2936,18,417.14,40.52,457.89,152.33,0.5123,48.982
2937,7,372.16,75.07,451.35,302.0,0.8801,48.999
2937,14,66.01,99.83,178.59,344.24,0.9095,48.999
2937,16,182.5,44.67,254.99,234.36,0.8719,48.999
2937,18,416.68,40.46,457.69,153.57,0.519,48.999
2938,7,372.31,74.95,451.47,302.25,0.8791,49.016
2938,14,66.97,98.92,179.43,344.18,0.9048,49.016
2938,16,182.2,44.48,255.29,235.91,0.8609,49.016
2938,18,416.48,40.45,457.4,153.92,0.507,49.016
2939,7,372.55,74.93,451.53,301.98,0.8757,49.032
2939,14,68.11,97.99,180.39,344.04,0.9016,49.032
2939,16,182.57,44.24,255.94,236.61,0.8656,49.032
2939,18,416.28,40.39,457.12,154.33,0.5077,49.032
2940,7,372.78,74.75,451.6,301.66,0.8752,49.049
2940,14,69.37,97.38,181.25,343.69,0.901,49.049
2940,16,182.98,44.08,256.38,236.71,0.8695,49.049
2940,18,416.12,40.61,456.73,154.42,0.4786,49.049
2941,7,372.95,74.58,451.63,301.22,0.8728,49.066
2941,14,70.38,97.0,181.8,343.51,0.8974,49.066
2941,16,183.5,44.3,256.77,236.65,0.8742,49.066
2941,18,416.95,40.34,455.64,148.15,0.4873,49.066
2942,7,373.13,74.46,451.66,300.82,0.8736,49.082
2942,14,71.17,96.99,181.98,343.23,0.8931,49.082
2942,16,183.99,44.34,257.22,236.64,0.8744,49.082
2942,18,417.07,40.26,455.27,146.28,0.506,49.082
2943,7,373.31,74.4,451.65,300.26,0.8727,49.099
2943,14,71.78,96.61,182.21,343.07,0.8865,49.099
2943,16,184.52,44.37,257.66,236.54,0.877,49.099
2943,18,417.05,40.33,454.8,144.55,0.4767,49.099
2944,7,373.32,74.38,451.47,299.83,0.8724,49.116
2944,14,72.27,96.27,182.28,342.7,0.8782,49.116
2944,16,184.95,44.33,257.99,236.35,0.8809,49.116
2944,18,416.88,40.15,454.57,143.84,0.4856,49.116
2945,7,373.56,73.96,451.51,299.0,0.8709,49.132
2945,14,73.64,96.32,183.12,342.94,0.8761,49.132
2945,16,185.43,44.1,258.44,236.31,0.8805,49.132
2945,18,416.49,39.81,454.37,143.58,0.5342,49.132
2946,7,373.95,73.65,451.37,297.24,0.8757,49.149
2946,14,74.87,96.17,183.73,343.01,0.8759,49.149
2946,16,185.82,44.12,258.72,236.33,0.8797,49.149
2946,18,416.27,39.66,454.25,143.34,0.5372,49.149
2947,7,374.52,73.54,451.3,295.13,0.8758,49.166
2947,14,76.05,96.07,184.14,342.93,0.8713,49.166
2947,16,186.4,43.9,259.22,236.42,0.8779,49.166
2947,18,416.24,39.63,454.19,142.92,0.536,49.166
2948,7,375.02,73.34,451.51,293.87,0.8708,49.182
2948,14,77.58,95.84,184.64,342.56,0.8685,49.182
2948,16,186.73,43.43,259.56,236.36,0.8786,49.182
2948,18,416.03,39.63,454.05,142.82,0.5103,49.182
2949,7,375.44,73.23,451.57,292.32,0.8674,49.199
2949,14,78.47,95.71,184.73,342.64,0.8692,49.199
2949,16,187.16,43.03,259.91,236.07,0.8788,49.199
2949,18,416.04,39.74,453.93,142.24,0.5058,49.199
2950,7,375.67,73.21,451.85,292.06,0.8609,49.216
2950,14,79.2,95.45,184.68,342.51,0.8673,49.216
2950,16,187.73,42.78,260.12,235.3,0.8763,49.216
2950,18,416.31,39.69,453.97,141.45,0.5021,49.216
2951,7,376.1,73.12,452.14,290.99,0.8478,49.233
2951,14,79.98,93.6,185.2,342.6,0.852,49.233
2951,16,188.61,42.73,260.66,234.7,0.8753,49.233
2951,18,415.72,39.5,453.27,140.36,0.5171,49.233
2952,7,376.38,73.08,452.42,290.25,0.8464,49.249
2952,14,81.53,94.0,185.23,341.76,0.8634,49.249
2952,16,189.51,42.74,261.26,234.0,0.8721,49.249
2952,18,415.55,39.42,453.15,140.02,0.5161,49.249
2953,7,377.05,73.71,452.94,289.66,0.8493,49.266
2953,14,82.35,93.49,184.63,340.21,0.8674,49.266
2953,16,190.26,42.73,261.91,233.7,0.8714,49.266
2953,18,415.12,39.41,452.53,138.68,0.5544,49.266
2954,7,377.93,74.24,453.9,289.55,0.8714,49.283
2954,14,84.03,91.94,185.15,338.74,0.8721,49.283
2954,16,191.2,42.49,262.69,233.22,0.8655,49.283
2954,18,415.06,39.42,452.15,137.02,0.5475,49.283
2955,7,378.62,74.22,454.72,288.94,0.8832,49.299
2955,14,85.48,91.28,185.38,338.0,0.8765,49.299
2955,16,192.22,42.39,263.41,232.69,0.8676,49.299
2955,18,414.55,39.33,451.78,136.39,0.5744,49.299
2956,7,379.7,74.22,455.95,288.31,0.8878,49.316
2956,14,86.07,91.83,184.53,337.86,0.8795,49.316
2956,16,192.94,42.5,263.79,232.32,0.8644,49.316
2956,18,414.28,39.44,451.73,136.46,0.5545,49.316
2957,7,380.48,74.19,456.74,287.04,0.8653,49.333
2957,14,87.21,91.74,183.8,335.33,0.8787,49.333
2957,16,193.43,42.56,264.0,232.17,0.8676,49.333
2957,18,414.02,39.39,450.74,133.38,0.5806,49.333
2958,7,381.77,74.48,458.24,286.13,0.87,49.349
2958,14,88.1,91.03,183.33,334.13,0.8721,49.349
2958,16,194.01,42.61,263.8,230.49,0.8728,49.349
2958,18,414.19,39.37,449.52,128.17,0.6284,49.349
2959,7,382.45,74.57,459.33,285.39,0.8706,49.366
2959,14,89.41,90.16,183.53,333.49,0.8829,49.366
2959,16,194.16,42.25,264.12,231.05,0.8786,49.366
2959,18,413.62,39.38,448.86,126.45,0.6517,49.366
2960,7,383.43,74.6,460.85,284.41,0.88,49.383
2960,14,91.27,90.24,183.78,332.48,0.8832,49.383
2960,16,194.81,42.26,264.49,230.57,0.8806,49.383
2960,18,412.51,39.12,448.06,125.2,0.6547,49.383
2961,7,384.36,74.81,462.36,283.53,0.8821,49.399
2961,14,93.14,90.63,184.16,331.62,0.8906,49.399
2961,16,195.39,42.4,264.29,228.79,0.882,49.399
2961,18,412.04,39.33,447.71,124.25,0.6552,49.399
2962,7,384.8,74.56,463.64,283.33,0.8845,49.416
2962,14,94.96,90.23,184.63,330.32,0.8936,49.416
2962,16,195.86,42.4,264.35,227.95,0.8793,49.416
2962,18,411.28,39.13,447.13,122.84,0.638,49.416
2963,7,385.22,74.59,464.62,282.87,0.875,49.433
2963,14,96.58,90.34,184.72,328.51,0.9052,49.433
2963,16,196.52,42.4,264.45,226.77,0.8852,49.433
2963,18,410.32,38.6,446.74,121.99,0.6297,49.433
2964,7,385.75,74.42,465.64,282.31,0.8723,49.449
2964,14,98.18,90.44,184.77,326.13,0.9069,49.449
2964,16,197.3,42.52,264.78,226.06,0.8826,49.449
2964,18,409.56,38.67,446.44,121.32,0.5906,49.449
2965,7,386.06,74.07,466.58,282.18,0.8779,49.466
2965,14,99.61,90.11,184.84,323.5,0.9094,49.466
2965,16,197.89,42.66,264.87,225.22,0.8867,49.466
2965,18,408.78,38.86,445.92,120.11,0.5394,49.466
2966,7,386.56,74.11,467.5,282.07,0.8652,49.483
2966,14,101.09,89.53,185.89,323.11,0.912,49.483
2966,16,198.71,42.76,265.12,224.24,0.885,49.483
2966,18,407.58,38.17,445.47,119.07,0.4887,49.483
2967,7,386.71,74.19,468.1,282.08,0.8715,49.499
2967,14,102.57,89.17,186.85,322.43,0.9112,49.499
2967,16,198.89,42.83,265.25,224.62,0.8854,49.499
2967,18,406.68,37.62,445.35,118.43,0.5122,49.499
2968,7,386.83,74.21,468.69,282.09,0.875,49.516
2968,14,104.12,89.27,187.65,321.15,0.916,49.516
2968,16,199.11,42.94,265.22,224.4,0.8813,49.516
2968,18,405.76,37.39,445.11,117.73,0.4581,49.516
2969,7,387.07,74.02,469.41,282.13,0.8809,49.533
2969,14,105.38,88.95,187.76,317.98,0.9133,49.533
2969,16,199.22,43.02,265.22,224.53,0.8807,49.533
2970,7,387.36,74.12,470.04,282.25,0.8794,49.55
2970,14,106.74,88.56,188.34,315.62,0.9157,49.55
2970,16,199.25,43.09,265.0,224.17,0.8809,49.55
2971,7,387.93,74.29,470.79,282.47,0.8695,49.566
2971,14,107.85,88.26,188.71,313.48,0.9186,49.566
2971,16,199.49,43.17,264.94,223.67,0.884,49.566
2972,7,388.23,74.58,471.13,282.72,0.8747,49.583
2972,14,108.69,87.68,189.18,312.06,0.9093,49.583
2972,16,199.91,43.15,264.95,222.72,0.8806,49.583
2973,7,388.63,74.71,471.43,282.79,0.8684,49.6
2973,14,109.36,86.88,189.59,310.64,0.9016,49.6
2973,16,200.15,43.13,264.88,221.99,0.8782,49.6
2974,7,389.3,74.77,471.81,282.84,0.8705,49.616
2974,14,110.23,86.97,189.96,309.15,0.8854,49.616
2974,16,200.35,43.08,264.74,221.0,0.8797,49.616
2975,7,392.01,75.34,473.54,283.0,0.8852,49.633
2975,14,110.71,86.91,190.14,308.01,0.8822,49.633
2975,16,200.6,42.93,264.84,220.51,0.8782,49.633
2976,7,393.63,74.97,474.43,283.13,0.8973,49.65
2976,14,111.16,87.09,190.45,307.67,0.8813,49.65
2976,16,200.81,42.66,264.91,220.05,0.8767,49.65
2977,7,394.7,74.54,474.84,283.36,0.9003,49.666
2977,14,111.7,86.53,190.86,306.9,0.88,49.666
2977,16,200.91,42.54,264.94,219.92,0.877,49.666
2977,18,399.26,37.92,440.26,119.45,0.3845,49.666
2978,7,396.22,74.24,475.44,283.31,0.9037,49.683
2978,14,112.37,86.5,191.31,306.54,0.8896,49.683
2978,16,201.05,42.48,264.96,219.68,0.8757,49.683
2978,18,397.9,38.13,439.45,119.65,0.4694,49.683
2979,7,397.42,74.22,475.68,283.35,0.9045,49.7
2979,14,113.0,86.42,191.7,306.24,0.8931,49.7
2979,16,201.3,42.42,265.04,219.41,0.8799,49.7
2979,18,396.67,38.53,438.57,120.26,0.4782,49.7
2980,7,398.23,73.61,475.79,283.47,0.9037,49.716
2980,14,113.55,86.49,192.03,305.96,0.8915,49.716
2980,16,201.53,42.69,264.96,219.12,0.8766,49.716
2980,18,395.96,38.96,438.21,121.17,0.5419,49.716
2981,7,399.03,73.78,475.63,283.54,0.9122,49.733
2981,14,114.12,86.67,192.44,305.89,0.8832,49.733
2981,16,201.81,42.75,264.79,217.98,0.8801,49.733
2981,18,395.5,39.0,438.1,121.74,0.5817,49.733
2982,7,399.83,73.5,475.61,283.5,0.916,49.75
2982,14,114.52,86.47,192.92,306.19,0.8819,49.75
2982,16,201.97,43.03,264.61,217.49,0.8803,49.75
2982,18,395.27,39.53,438.37,123.03,0.5646,49.75
2983,7,400.54,73.17,475.59,283.56,0.9158,49.766
2983,14,114.92,86.92,193.18,306.87,0.8792,49.766
2983,16,202.01,43.09,264.56,217.47,0.882,49.766
2983,18,395.29,39.98,439.2,125.04,0.5544,49.766
2984,7,401.41,73.2,475.75,283.53,0.9191,49.783
2984,14,115.2,86.97,193.26,307.07,0.8773,49.783
2984,16,202.34,43.35,264.35,216.31,0.888,49.783
2984,18,394.67,40.09,439.8,127.9,0.5445,49.783
2985,7,401.9,73.34,475.57,283.59,0.9154,49.8
2985,14,115.49,86.93,193.34,307.18,0.8728,49.8
2985,16,202.56,43.51,264.17,215.33,0.8888,49.8
2985,18,393.41,39.78,440.35,131.76,0.4812,49.8
2986,7,402.78,73.74,476.0,283.63,0.9058,49.816
2986,14,115.79,86.66,193.44,307.23,0.8684,49.816
2986,16,202.75,43.53,264.03,214.42,0.8916,49.816
2986,18,391.63,39.93,441.25,138.93,0.476,49.816
2987,7,402.96,73.78,475.77,283.48,0.9036,49.833
2987,14,116.11,86.51,193.44,307.21,0.8668,49.833
2987,16,202.87,43.59,264.11,214.43,0.8952,49.833
2987,18,385.91,39.39,446.18,164.45,0.5373,49.833
2988,7,403.89,73.42,476.77,283.44,0.8939,49.85
2988,14,116.36,86.47,193.4,307.34,0.8656,49.85
2988,16,203.11,43.55,264.24,214.3,0.8946,49.85
2988,18,384.17,39.27,447.26,175.2,0.5752,49.85
2989,7,404.5,73.71,477.26,283.39,0.8908,49.866
2989,14,116.75,86.76,193.37,307.49,0.8636,49.866
2989,16,203.19,43.52,264.24,214.27,0.8936,49.866
2989,18,385.12,39.36,446.58,175.65,0.6959,49.866
2990,7,405.61,73.51,478.51,283.42,0.8866,49.883
2990,14,116.95,86.89,193.22,307.59,0.8555,49.883
2990,16,203.3,43.5,264.29,214.33,0.8955,49.883
2990,18,385.83,39.02,445.84,175.91,0.7485,49.883
2991,7,405.98,73.63,478.99,283.35,0.8828,49.9
2991,14,117.64,86.83,193.08,305.73,0.8555,49.9
2991,16,203.56,43.49,264.39,214.23,0.8936,49.9
2991,18,386.34,38.7,445.1,176.39,0.7754,49.9
2992,7,406.2,73.84,479.22,283.14,0.8864,49.917
2992,14,117.75,87.31,193.1,306.9,0.8529,49.917
2992,16,203.75,43.4,264.49,214.23,0.8939,49.917
2992,18,385.65,37.91,445.02,181.04,0.7861,49.917
2993,7,406.4,73.69,479.48,282.99,0.8836,49.933
2993,14,117.98,87.49,193.12,307.36,0.8505,49.933
2993,16,203.83,43.35,264.46,214.22,0.8925,49.933
2993,18,386.83,38.38,443.9,179.31,0.7792,49.933
2994,7,406.55,73.16,479.75,282.8,0.877,49.95
2994,14,118.13,87.32,193.09,307.54,0.8515,49.95
2994,16,203.96,43.29,264.52,214.28,0.8906,49.95
2994,18,386.38,37.81,443.68,182.93,0.769,49.95
2995,7,407.1,72.87,480.58,283.16,0.8716,49.967
2995,14,118.26,87.31,192.96,307.46,0.8492,49.967
2995,16,204.12,43.52,264.55,214.38,0.8928,49.967
2995,18,386.67,37.69,443.16,184.28,0.7872,49.967
2996,7,408.26,73.26,481.75,283.46,0.8648,49.983
2996,14,118.29,87.25,192.86,307.45,0.8494,49.983
2996,16,204.33,43.58,264.61,214.34,0.8911,49.983
2996,18,387.11,37.73,442.76,185.38,0.7925,49.983
2997,7,408.49,73.19,482.01,283.18,0.8604,50.0
2997,14,118.45,87.31,192.91,307.45,0.8489,50.0
2997,16,204.46,43.56,264.6,214.17,0.8913,50.0
2997,18,388.06,38.16,442.19,184.67,0.7936,50.0
2998,7,409.35,73.22,483.16,283.63,0.854,50.017
2998,14,118.54,86.68,193.12,307.37,0.8447,50.017
2998,16,204.67,43.62,264.76,214.28,0.8901,50.017
2998,18,388.75,38.31,441.66,184.29,0.8016,50.017
2999,7,410.43,72.8,485.62,286.45,0.838,50.033
2999,14,119.33,86.55,193.74,307.32,0.8451,50.033
2999,16,204.89,43.65,264.86,214.23,0.8894,50.033
2999,18,389.26,38.18,441.25,184.16,0.8071,50.033
3000,7,410.89,72.32,486.7,287.37,0.8409,50.05
3000,14,119.38,86.31,193.9,307.23,0.8435,50.05
3000,16,204.99,43.71,264.88,214.32,0.8889,50.05
3000,18,389.33,38.11,440.84,184.93,0.8212,50.05
3001,7,412.1,72.2,487.93,287.63,0.833,50.067
3001,14,119.93,85.72,194.57,307.26,0.8454,50.067
3001,16,205.15,43.79,264.94,214.3,0.8879,50.067
3001,18,389.93,38.58,440.42,184.64,0.8278,50.067
3002,7,413.72,72.24,488.97,286.89,0.8381,50.083
3002,14,120.56,85.02,195.23,307.2,0.8471,50.083
3002,16,205.27,43.89,264.93,214.24,0.8861,50.083
3002,18,390.49,38.89,440.19,184.51,0.8302,50.083
3003,7,415.12,72.34,489.76,286.53,0.8458,50.1
3003,14,121.01,84.46,195.68,307.11,0.8516,50.1
3003,16,205.37,43.92,264.95,214.26,0.8857,50.1
3003,18,390.28,38.44,439.67,184.92,0.8325,50.1
3004,7,416.31,72.24,490.46,286.52,0.8511,50.117
3004,14,121.23,84.04,195.99,307.36,0.8515,50.117
3004,16,205.52,44.09,265.01,214.4,0.8875,50.117
3004,18,390.62,38.89,439.12,184.29,0.8374,50.117
3005,7,417.38,72.18,490.84,286.24,0.8578,50.133
3005,14,122.16,83.69,196.7,307.26,0.8534,50.133
3005,16,205.58,44.11,265.04,214.51,0.8882,50.133
3005,18,390.65,38.5,438.87,184.43,0.83,50.133
3006,7,419.02,72.08,491.52,285.43,0.864,50.15
3006,14,123.56,82.72,197.03,303.06,0.8561,50.15
3006,16,205.77,44.26,265.13,214.57,0.8888,50.15
3006,18,390.65,38.31,438.42,184.26,0.8334,50.15
3007,7,419.75,72.17,491.54,285.42,0.8667,50.167
3007,14,123.32,82.55,197.36,305.49,0.8576,50.167
3007,16,205.93,44.36,265.22,214.74,0.8891,50.167
3007,18,390.83,38.59,438.13,184.18,0.8309,50.167
3008,7,420.31,72.59,491.19,284.89,0.8573,50.183
3008,14,123.52,82.43,197.55,306.09,0.8598,50.183
3008,16,206.17,44.39,265.32,214.57,0.8874,50.183
3008,18,390.98,38.8,438.01,184.35,0.8261,50.183
3009,7,420.84,72.93,490.94,284.57,0.8441,50.2
3009,14,124.71,81.88,197.54,301.72,0.8615,50.2
3009,16,206.41,44.47,265.44,214.45,0.8853,50.2
3009,18,391.31,39.39,437.75,183.72,0.8287,50.2
3010,7,421.06,74.7,490.03,283.94,0.8184,50.217
3010,14,124.31,81.76,197.79,304.22,0.8627,50.217
3010,16,206.69,45.11,265.45,214.47,0.8856,50.217
3010,18,390.92,39.0,437.07,183.28,0.8406,50.217
3011,7,421.23,75.28,489.61,283.61,0.8085,50.234
3011,14,124.48,81.67,197.96,304.48,0.8617,50.234
3011,16,206.88,45.27,265.58,214.56,0.8852,50.234
3011,18,390.72,38.73,436.68,183.09,0.8441,50.234
3012,7,421.72,74.17,489.95,283.41,0.806,50.25
3012,14,124.64,81.47,198.22,304.85,0.8604,50.25
3012,16,206.91,45.37,265.62,214.8,0.8829,50.25
3012,18,390.61,38.62,436.36,183.02,0.8477,50.25
3013,7,422.27,73.29,490.24,283.4,0.8126,50.267
3013,14,124.9,81.32,198.41,304.69,0.8573,50.267
3013,16,206.94,45.43,265.65,214.9,0.882,50.267
3013,18,390.5,38.51,436.08,183.08,0.8543,50.267
3014,7,422.72,73.08,490.28,283.39,0.8118,50.284
3014,14,125.29,81.23,198.66,304.29,0.8563,50.284
3014,16,207.04,45.4,265.74,214.87,0.881,50.284
3014,18,390.49,38.46,435.9,183.14,0.8606,50.284
3015,7,424.67,73.13,491.32,283.34,0.8106,50.3
3015,14,125.78,81.02,198.92,303.4,0.8598,50.3
3015,16,207.13,45.42,265.84,214.79,0.8816,50.3
3015,18,390.16,38.11,435.48,183.28,0.8628,50.3
3016,7,426.6,73.22,492.14,283.19,0.8089,50.317
3016,14,125.99,80.95,199.1,303.46,0.8561,50.317
3016,16,207.15,45.42,265.88,214.76,0.8822,50.317
3016,18,390.14,38.04,435.39,183.57,0.8619,50.317
3017,7,427.97,73.17,492.39,283.04,0.8081,50.334
3017,14,126.38,80.67,199.36,303.05,0.8548,50.334
3017,16,207.14,45.46,265.86,214.66,0.8812,50.334
3017,18,389.87,38.01,434.91,183.76,0.8674,50.334
3018,7,428.78,73.36,492.14,282.88,0.8097,50.35
3018,14,126.69,80.42,199.52,302.47,0.8552,50.35
3018,16,207.12,45.52,265.84,214.62,0.8808,50.35
3018,18,389.73,37.8,434.64,183.86,0.8663,50.35
3019,7,429.55,73.46,491.95,282.67,0.8072,50.367
3019,14,126.89,79.85,199.57,301.6,0.8529,50.367
3019,16,207.09,45.54,265.81,214.52,0.8806,50.367
3019,18,389.48,37.43,434.26,183.81,0.8713,50.367
3020,7,429.87,73.69,491.47,282.67,0.809,50.384
3020,14,127.08,79.61,199.63,300.87,0.8538,50.384
3020,16,207.08,45.55,265.78,214.36,0.8798,50.384
3020,18,389.31,37.23,433.9,183.79,0.8692,50.384
3021,7,430.25,74.29,490.98,282.66,0.8078,50.4
3021,14,127.22,79.59,199.59,300.33,0.8508,50.4
3021,16,207.05,45.53,265.81,214.39,0.8797,50.4
3021,18,389.1,36.64,433.56,183.74,0.8696,50.4
3022,7,431.03,74.37,491.09,282.78,0.8095,50.417
3022,14,127.32,79.34,199.54,299.59,0.85,50.417
3022,16,206.99,45.53,265.8,214.44,0.8792,50.417
3022,18,388.95,36.38,433.23,183.67,0.8711,50.417
3023,7,431.82,74.43,491.39,282.89,0.8213,50.434
3023,14,127.6,79.35,199.56,298.82,0.8427,50.434
3023,16,207.07,45.62,265.87,214.5,0.8795,50.434
3023,18,388.79,36.28,432.84,183.5,0.8679,50.434
3024,7,432.43,74.53,491.61,282.97,0.8261,50.45
3024,14,127.76,79.44,199.66,298.83,0.845,50.45
3024,16,207.08,45.65,265.91,214.55,0.8788,50.45
3024,18,388.79,36.24,432.65,183.5,0.8672,50.45
3025,7,432.88,75.41,491.38,282.97,0.8235,50.467
3025,14,128.15,79.25,199.82,297.92,0.8392,50.467
3025,16,207.11,45.67,265.9,214.43,0.8801,50.467
3025,18,388.84,36.29,432.5,183.48,0.866,50.467
3026,7,433.09,72.07,492.4,284.0,0.8278,50.484
3026,14,128.11,78.87,199.73,297.28,0.8405,50.484
3026,16,207.2,45.75,265.94,214.38,0.8804,50.484
3026,18,388.81,36.25,432.24,183.21,0.8676,50.484
3027,7,433.33,70.84,492.65,284.12,0.8257,50.5
3027,14,128.26,78.41,199.99,297.36,0.8359,50.5
3027,16,207.2,45.86,265.95,214.47,0.8787,50.5
3027,18,388.65,36.12,431.81,182.81,0.8682,50.5
3028,7,433.98,70.75,492.98,284.16,0.8184,50.517
3028,14,128.46,78.29,200.02,296.85,0.8354,50.517
3028,16,207.21,45.9,265.95,214.46,0.8784,50.517
3028,18,388.62,36.04,431.59,182.76,0.8692,50.517
3029,7,433.64,70.64,492.37,284.02,0.8221,50.534
3029,14,129.09,78.15,200.42,296.35,0.8253,50.534
3029,16,207.28,45.92,265.99,214.31,0.8791,50.534
3029,18,388.64,35.96,431.29,182.32,0.8682,50.534
3030,7,433.54,71.03,492.01,283.86,0.8106,50.55
3030,14,129.36,77.98,200.44,295.64,0.8213,50.55
3030,16,207.32,45.96,265.98,214.14,0.8785,50.55
3030,18,388.52,35.84,430.93,182.13,0.8677,50.55
3031,7,432.68,70.77,491.43,283.89,0.7958,50.567
3031,14,129.12,77.92,199.98,295.07,0.82,50.567
3031,16,207.3,45.97,265.95,213.97,0.8778,50.567
3031,18,388.45,35.47,430.64,181.78,0.8656,50.567
3032,7,432.17,70.69,491.24,283.91,0.7944,50.584
3032,14,129.35,77.96,199.77,294.02,0.8243,50.584
3032,16,207.28,45.98,265.95,213.93,0.8778,50.584
3032,18,388.49,35.31,430.43,181.41,0.864,50.584
3033,7,430.99,70.56,490.54,283.58,0.7973,50.601
3033,14,129.6,78.07,199.72,293.49,0.8282,50.601
3033,16,207.26,45.98,265.99,214.01,0.8771,50.601
3033,18,388.47,35.23,430.25,181.49,0.8626,50.601
3034,7,430.66,70.69,490.61,283.57,0.7995,50.617
3034,14,129.88,77.9,199.69,292.68,0.8318,50.617
3034,16,207.24,45.96,266.0,213.94,0.877,50.617
3034,18,388.55,35.2,430.12,181.3,0.8618,50.617
3035,7,430.78,70.56,491.01,283.45,0.7998,50.634
3035,14,130.15,77.85,199.76,292.26,0.8222,50.634
3035,16,207.21,45.96,265.98,213.86,0.8775,50.634
3035,18,388.55,35.45,429.84,181.13,0.8613,50.634
3036,7,432.73,70.59,492.7,283.33,0.7914,50.651
3036,14,130.19,77.86,199.7,292.11,0.8203,50.651
3036,16,207.18,45.95,265.98,213.83,0.8779,50.651
3036,18,388.62,35.58,429.69,181.04,0.8608,50.651
3037,7,435.5,70.63,494.74,283.34,0.795,50.667
3037,14,130.17,78.15,199.6,292.07,0.8162,50.667
3037,16,207.17,45.95,265.99,213.79,0.8781,50.667
3037,18,388.66,35.65,429.53,180.96,0.8584,50.667
3038,7,437.03,70.64,495.53,283.16,0.7963,50.684
3038,14,130.33,78.29,199.62,291.77,0.8178,50.684
3038,16,207.15,45.96,265.97,213.75,0.8775,50.684
3038,18,389.05,36.2,429.43,180.24,0.8583,50.684
3039,7,437.69,70.41,495.57,282.96,0.7896,50.701
3039,14,131.17,78.25,199.04,286.34,0.8333,50.701
3039,16,207.17,45.94,266.0,213.72,0.8782,50.701
3039,18,389.12,36.52,429.09,179.62,0.8626,50.701
3040,7,438.37,69.91,495.73,282.76,0.7825,50.717
3040,14,131.55,78.23,199.06,284.48,0.8389,50.717
3040,16,207.19,45.94,266.0,213.63,0.8788,50.717
3040,18,389.19,36.67,428.93,179.42,0.8609,50.717
3041,7,439.44,69.46,496.25,282.19,0.7974,50.734
3041,14,131.61,78.15,199.09,283.64,0.8391,50.734
3041,16,207.17,45.92,266.03,213.7,0.8783,50.734
3041,18,389.3,36.72,428.7,178.6,0.8613,50.734
3042,7,439.93,69.4,496.15,281.79,0.8035,50.751
3042,14,131.78,77.83,199.34,282.88,0.8465,50.751
3042,16,207.19,45.92,266.04,213.67,0.8782,50.751
3042,18,389.29,36.8,428.47,178.24,0.8588,50.751
3043,7,440.28,69.31,495.96,281.6,0.8099,50.767
3043,14,131.74,76.79,199.72,282.66,0.847,50.767
3043,16,207.11,45.93,265.96,213.71,0.8779,50.767
3043,18,389.17,36.96,428.22,178.17,0.8628,50.767
3044,7,440.65,69.0,495.93,281.67,0.8169,50.784
3044,14,131.89,75.91,200.19,282.51,0.855,50.784
3044,16,207.07,45.95,265.94,213.78,0.8774,50.784
3044,18,389.08,37.04,428.11,178.39,0.8639,50.784
3045,7,441.12,68.5,496.0,281.25,0.8141,50.801
3045,14,132.06,76.45,200.23,281.84,0.8569,50.801
3045,16,207.07,45.95,265.93,213.78,0.8781,50.801
3045,18,389.08,37.1,427.91,177.79,0.8611,50.801
3046,7,441.48,67.8,496.0,280.84,0.8284,50.817
3046,14,132.13,76.65,200.51,281.8,0.8608,50.817
3046,16,207.01,45.95,265.88,213.83,0.8792,50.817
3046,18,389.01,37.15,427.73,177.45,0.8585,50.817
3047,7,442.04,67.15,496.27,280.43,0.8334,50.834
3047,14,132.42,76.12,201.47,282.52,0.8616,50.834
3047,16,206.97,45.93,265.8,213.75,0.8803,50.834
3047,18,388.83,37.22,427.53,177.32,0.8589,50.834
3048,7,442.58,66.78,496.53,280.25,0.832,50.851
3048,14,132.75,76.29,201.63,280.94,0.8669,50.851
3048,16,206.96,45.94,265.76,213.74,0.8786,50.851
3048,18,388.71,37.3,427.36,177.03,0.8606,50.851
3049,7,443.17,66.61,496.82,280.2,0.8212,50.867
3049,14,133.33,76.57,202.27,279.66,0.8621,50.867
3049,16,206.97,45.93,265.75,213.67,0.8795,50.867
3049,18,388.49,37.48,427.14,176.96,0.8633,50.867
3050,7,443.93,66.39,497.26,279.86,0.8207,50.884
3050,14,133.59,76.72,202.77,279.04,0.868,50.884
3050,16,206.94,45.92,265.71,213.69,0.8794,50.884
3050,18,388.29,37.57,426.98,176.88,0.8715,50.884
3051,7,444.52,65.96,497.66,279.77,0.8147,50.901
3051,14,133.59,76.6,203.15,278.61,0.8699,50.901
3051,16,206.88,45.97,265.65,213.81,0.8769,50.901
3051,18,388.08,37.72,426.79,176.82,0.87,50.901
3052,7,445.07,65.73,498.04,279.49,0.8052,50.918
3052,14,133.85,76.26,203.93,278.74,0.8714,50.918
3052,16,206.85,46.0,265.63,213.91,0.8768,50.918
3052,18,387.87,37.87,426.58,176.48,0.8669,50.918
3053,7,445.32,65.21,498.37,279.68,0.7905,50.934
3053,14,134.01,76.01,204.55,278.72,0.8671,50.934
3053,16,206.86,46.03,265.61,213.9,0.8743,50.934
3053,18,387.51,37.87,426.37,176.44,0.8643,50.934
3054,7,445.96,65.18,498.68,278.58,0.7914,50.951
3054,14,134.2,75.76,205.21,278.94,0.8733,50.951
3054,16,206.8,45.98,265.59,213.99,0.8777,50.951
3054,18,387.21,37.71,426.25,176.37,0.8658,50.951
3055,7,446.43,65.29,498.66,277.32,0.7866,50.968
3055,14,134.39,75.56,205.82,278.93,0.8807,50.968
3055,16,206.71,45.89,265.5,214.03,0.8785,50.968
3055,18,386.97,37.63,426.17,176.36,0.8588,50.968
3056,7,446.82,65.17,498.73,276.4,0.778,50.984
3056,14,134.82,75.15,206.98,279.63,0.884,50.984
3056,16,206.67,45.87,265.47,214.18,0.8776,50.984
3056,18,386.69,37.78,426.02,176.28,0.8581,50.984
3057,7,447.39,65.32,498.95,275.35,0.7711,51.001
3057,14,135.28,75.07,208.09,280.12,0.8868,51.001
3057,16,206.63,45.82,265.47,214.39,0.8759,51.001
3057,18,386.07,37.71,425.66,176.22,0.8536,51.001
3058,7,447.96,65.44,499.54,275.58,0.7618,51.018
3058,14,136.09,75.08,209.5,280.17,0.887,51.018
3058,16,206.62,45.68,265.44,214.37,0.8785,51.018
3058,18,385.41,37.76,425.34,176.3,0.8383,51.018
3059,7,448.29,65.1,499.85,275.61,0.7622,51.034
3059,14,136.51,74.74,210.73,280.41,0.8931,51.034
3059,16,206.59,45.57,265.43,214.49,0.8776,51.034
3059,18,384.69,37.67,425.12,176.76,0.8358,51.034
3060,7,448.37,65.04,499.87,275.63,0.7556,51.051
3060,14,136.93,74.71,211.8,280.46,0.8913,51.051
3060,16,206.49,45.5,265.38,214.81,0.8775,51.051
3060,18,384.31,37.78,425.05,176.77,0.8392,51.051
3061,7,449.11,65.04,500.7,275.75,0.7561,51.068
3061,14,137.6,75.03,213.1,280.42,0.8907,51.068
3061,16,206.42,45.49,265.37,215.22,0.877,51.068
3061,18,383.87,37.86,424.94,176.63,0.8346,51.068
3062,7,449.94,64.92,501.66,275.82,0.7543,51.084
3062,14,137.95,75.04,214.25,280.5,0.8883,51.084
3062,16,206.41,45.44,265.26,215.17,0.8782,51.084
3062,18,383.08,37.49,424.62,176.28,0.8192,51.084
3063,7,453.24,64.82,506.24,276.77,0.7741,51.101
3063,14,137.87,75.12,214.93,280.76,0.8924,51.101
3063,16,206.35,45.36,265.08,214.93,0.8786,51.101
3063,18,382.45,37.97,424.33,176.26,0.8261,51.101
3064,7,455.72,64.92,510.28,277.61,0.7727,51.118
3064,14,137.85,75.31,215.58,281.06,0.8942,51.118
3064,16,206.39,45.32,265.0,214.7,0.8782,51.118
3064,18,381.58,38.26,423.92,176.23,0.8241,51.118
3065,7,457.24,65.4,513.06,277.41,0.8188,51.134
3065,14,137.61,75.75,215.82,281.3,0.8956,51.134
3065,16,206.46,45.31,264.89,214.34,0.879,51.134
3065,18,380.58,38.18,423.6,176.29,0.8096,51.134
3066,7,458.29,65.84,515.3,276.79,0.8158,51.151
3066,14,137.45,75.55,216.2,281.4,0.898,51.151
3066,16,206.43,45.32,264.74,214.06,0.8794,51.151
3066,18,380.46,37.63,424.03,176.16,0.8021,51.151
3067,7,458.54,66.08,516.56,275.69,0.8113,51.168
3067,14,137.5,75.43,216.53,281.21,0.8962,51.168
3067,16,206.44,45.33,264.63,213.83,0.8771,51.168
3067,18,380.76,37.67,424.6,176.21,0.7981,51.168
3068,7,455.78,65.56,514.83,274.79,0.7923,51.184
3068,14,137.72,75.5,216.92,280.97,0.8979,51.184
3068,16,206.47,45.4,264.51,213.65,0.8765,51.184
3068,18,378.7,37.75,423.3,176.24,0.7986,51.184
3069,7,456.61,65.33,516.45,274.48,0.8043,51.201
3069,14,138.13,75.9,217.22,280.13,0.8967,51.201
3069,16,206.51,45.49,264.57,213.83,0.8761,51.201
3069,18,376.74,37.9,422.12,175.95,0.8255,51.201
3070,7,456.7,65.35,516.98,273.81,0.7973,51.218
3070,14,138.4,76.1,217.45,279.45,0.8962,51.218
3070,16,206.54,45.49,264.54,213.82,0.8744,51.218
3070,18,375.4,37.28,421.9,176.19,0.8163,51.218
3071,7,456.88,65.63,517.98,274.7,0.8098,51.235
3071,14,138.8,76.16,217.87,278.92,0.8936,51.235
3071,16,206.61,45.47,264.49,213.53,0.8713,51.235
3071,18,374.48,37.57,421.65,175.94,0.8137,51.235
3072,7,457.12,65.54,518.98,274.94,0.799,51.251
3072,14,139.4,76.14,218.56,278.54,0.8933,51.251
3072,16,206.66,45.49,264.45,213.36,0.8734,51.251
3072,18,374.57,37.37,422.43,176.16,0.7983,51.251
3073,7,456.23,65.43,517.87,273.26,0.7899,51.268
3073,14,139.75,75.94,219.2,278.61,0.8911,51.268
3073,16,206.69,45.47,264.36,213.09,0.8709,51.268
3073,18,374.18,37.79,422.39,175.87,0.7965,51.268
3074,7,453.1,65.35,513.7,271.94,0.783,51.285
3074,14,140.3,75.95,219.88,278.66,0.8911,51.285
3074,16,206.7,45.54,264.3,213.11,0.8696,51.285
3074,18,375.7,37.46,424.09,176.13,0.7727,51.285
3075,7,453.17,65.33,513.07,270.4,0.7938,51.301
3075,14,140.12,75.6,219.91,278.98,0.8886,51.301
3075,16,206.77,45.56,264.25,212.88,0.8648,51.301
3075,18,374.73,37.4,423.56,176.22,0.7824,51.301
3076,7,452.31,65.17,511.23,268.89,0.7901,51.318
3076,14,140.95,75.85,220.5,278.73,0.8904,51.318
3076,16,206.79,45.63,264.21,212.92,0.8641,51.318
3076,18,374.53,37.45,423.65,176.21,0.7771,51.318
3077,7,450.63,65.09,508.25,268.14,0.7963,51.335
3077,14,141.57,74.92,221.24,278.53,0.8867,51.335
3077,16,206.69,45.57,264.1,212.97,0.8618,51.335
3077,18,374.44,37.49,423.76,176.18,0.7694,51.335
3078,7,450.39,65.22,506.76,267.27,0.7914,51.351
3078,14,141.77,71.91,222.22,278.35,0.8717,51.351
3078,16,206.56,45.23,264.09,213.2,0.866,51.351
3078,18,373.45,37.55,423.17,176.25,0.7925,51.351
3079,7,451.03,65.25,506.44,266.72,0.7915,51.368
3079,14,141.97,71.18,222.48,279.02,0.8664,51.368
3079,16,206.43,45.07,263.99,213.28,0.8629,51.368
3079,18,372.97,37.69,423.06,176.25,0.7981,51.368
3080,7,451.71,65.45,506.2,266.43,0.794,51.385
3080,14,142.4,71.1,222.47,279.11,0.8652,51.385
3080,16,206.17,44.92,263.82,213.4,0.8623,51.385
3080,18,372.91,37.84,423.29,176.29,0.7956,51.385
3081,7,452.23,65.55,505.85,266.24,0.7964,51.401
3081,14,142.73,69.32,222.84,279.09,0.865,51.401
3081,16,205.98,44.56,263.77,213.56,0.8595,51.401
3081,18,372.4,37.91,423.03,176.27,0.8006,51.401
3082,7,452.84,65.56,505.67,266.11,0.7883,51.418
3082,14,142.9,65.37,223.61,278.95,0.8468,51.418
3082,16,206.04,44.21,263.89,213.57,0.8574,51.418
3082,18,373.22,38.15,423.57,176.23,0.767,51.418
3083,7,453.32,65.62,505.46,266.08,0.784,51.435
3083,14,143.98,63.96,224.29,278.53,0.8152,51.435
3083,16,206.01,44.03,263.86,213.56,0.8542,51.435
3083,18,373.38,38.02,423.66,176.21,0.7764,51.435
3084,7,454.1,65.8,505.57,266.08,0.7738,51.451
3084,14,146.1,67.83,224.43,278.22,0.8118,51.451
3084,16,206.22,43.98,263.81,212.82,0.8402,51.451
3084,18,372.67,38.15,422.6,176.17,0.7999,51.451
3085,7,454.74,66.12,505.59,266.12,0.7588,51.468
3085,14,147.74,69.78,224.86,277.81,0.816,51.468
3085,16,206.29,43.8,263.78,212.44,0.8386,51.468
3085,18,372.17,38.09,421.73,175.74,0.8091,51.468
3086,7,455.41,68.82,505.27,266.19,0.7379,51.485
3086,14,148.76,70.06,225.31,277.68,0.8317,51.485
3086,16,206.2,43.27,263.8,212.32,0.8374,51.485
3086,18,371.7,38.04,421.11,175.68,0.8187,51.485
3087,7,456.08,70.31,505.27,266.25,0.7264,51.501
3087,14,149.87,71.06,225.57,277.44,0.8321,51.501
3087,16,206.18,43.15,263.78,212.33,0.8404,51.501
3087,18,371.75,37.69,421.03,175.66,0.8215,51.501
3088,7,456.51,70.48,505.4,266.28,0.7116,51.518
3088,14,150.99,71.6,226.04,277.25,0.829,51.518
3088,16,206.19,43.16,263.79,212.43,0.8421,51.518
3088,18,371.19,37.34,420.45,175.63,0.8321,51.518
3089,7,456.7,70.05,505.47,266.33,0.7129,51.535
3089,14,151.71,71.77,226.68,278.27,0.8629,51.535
3089,16,206.38,42.78,263.84,211.75,0.8371,51.535
3089,18,370.9,36.96,420.2,175.71,0.8372,51.535
3090,7,460.6,67.17,510.94,266.67,0.7062,51.552
3090,14,152.22,71.76,226.85,278.77,0.8676,51.552
3090,16,206.43,42.58,263.87,211.65,0.8398,51.552
3090,18,370.88,36.91,420.01,175.73,0.8256,51.552
3091,7,461.71,66.21,512.95,266.86,0.7142,51.568
3091,14,152.94,72.05,227.14,279.26,0.8624,51.568
3091,16,206.45,42.54,263.73,211.11,0.8359,51.568
3091,18,371.16,37.22,420.01,175.75,0.8318,51.568
3092,7,461.78,65.55,513.66,267.04,0.7059,51.585
3092,14,153.62,71.65,227.5,279.26,0.8587,51.585
3092,16,206.39,41.74,264.13,211.81,0.8307,51.585
3092,18,370.87,36.88,419.72,175.81,0.8368,51.585
3093,7,459.05,67.49,509.86,266.79,0.7199,51.602
3093,14,154.44,71.67,227.88,279.26,0.85,51.602
3093,16,206.19,42.06,263.56,210.99,0.8307,51.602
3093,18,370.76,37.03,419.47,175.86,0.838,51.602
3094,7,458.26,67.35,508.63,266.75,0.7098,51.618
3094,14,156.05,72.75,227.8,276.3,0.864,51.618
3094,16,206.41,42.33,263.27,209.56,0.84,51.618
3094,18,370.43,36.9,419.12,175.89,0.8432,51.618
3095,7,458.02,67.76,507.87,266.74,0.7075,51.635
3095,14,157.31,73.4,228.25,275.24,0.8688,51.635
3095,16,206.73,41.61,263.79,209.35,0.8323,51.635
3095,18,370.32,36.77,418.95,175.88,0.8384,51.635
3096,7,458.09,68.38,507.44,266.79,0.7309,51.652
3096,14,158.2,72.72,228.93,275.0,0.8638,51.652
3096,16,206.87,41.29,263.94,208.94,0.8392,51.652
3096,18,369.41,36.2,418.26,176.11,0.8361,51.652
3097,7,458.35,68.24,507.35,266.8,0.7314,51.668
3097,14,158.81,69.5,230.98,277.53,0.8395,51.668
3097,16,207.13,41.42,263.85,207.78,0.8343,51.668
3097,18,368.94,35.77,417.78,176.06,0.8341,51.668
3098,7,458.76,68.1,507.47,266.83,0.7368,51.685
3098,14,160.33,68.67,231.81,276.01,0.8444,51.685
3098,16,207.11,41.35,263.94,207.88,0.8267,51.685
3098,18,368.77,35.49,417.55,176.02,0.8287,51.685
3099,7,459.16,67.97,507.61,266.86,0.7303,51.702
3099,14,161.42,66.73,233.0,275.73,0.8499,51.702
3099,16,207.39,41.28,264.21,207.84,0.8094,51.702
3099,18,368.61,35.25,417.32,175.92,0.8259,51.702
3100,7,459.8,67.87,508.03,266.89,0.7471,51.718
3100,14,162.54,68.66,233.86,277.83,0.8555,51.718
3100,16,208.1,42.09,263.54,204.3,0.7997,51.718
3100,18,368.65,35.12,417.22,175.83,0.828,51.718
3101,7,460.44,66.55,509.12,267.31,0.7519,51.735
3101,14,163.25,67.84,234.66,278.43,0.8465,51.735
3101,16,208.4,42.36,263.53,203.66,0.7951,51.735
3101,18,368.54,34.84,417.1,175.91,0.8245,51.735
3102,7,461.91,65.95,511.14,267.55,0.7406,51.752
3102,14,163.92,66.09,235.54,278.45,0.845,51.752
3102,16,209.47,42.42,262.87,197.95,0.7942,51.752
3102,18,368.29,34.78,416.79,176.03,0.8298,51.752
3103,7,462.1,65.65,511.5,267.48,0.7557,51.768
3103,14,164.52,64.65,236.2,278.59,0.8462,51.768
3103,16,209.47,42.41,263.22,198.94,0.7842,51.768
3103,18,368.12,34.91,416.46,176.03,0.8322,51.768
3104,7,462.64,65.66,512.19,267.42,0.7506,51.785
3104,14,165.47,65.57,236.29,277.73,0.8497,51.785
3104,16,210.39,42.39,262.52,193.31,0.7794,51.785
3104,18,368.05,34.99,416.22,175.99,0.8347,51.785
3105,7,462.2,65.8,511.64,267.49,0.7631,51.802
3105,14,166.22,66.31,236.42,277.4,0.8496,51.802
3105,16,210.61,42.3,262.68,192.64,0.7739,51.802
3105,18,367.95,35.04,415.98,176.03,0.8365,51.802
3106,7,462.06,65.63,511.57,267.72,0.7796,51.818
3106,14,166.95,66.3,236.75,276.99,0.8452,51.818
3106,16,210.14,42.02,263.69,197.04,0.7626,51.818
3106,18,367.85,35.21,415.69,176.04,0.842,51.818
3107,7,462.0,65.64,511.45,267.72,0.7706,51.835
3107,14,167.37,66.32,236.82,276.56,0.8317,51.835
3107,16,209.95,41.86,264.28,199.8,0.7441,51.835
3107,18,367.8,35.24,415.48,176.04,0.8382,51.835
3108,7,462.34,65.76,511.8,267.63,0.7744,51.852
3108,14,167.82,64.29,237.7,276.45,0.8142,51.852
3108,16,211.59,42.05,263.05,190.84,0.7574,51.852
3108,18,367.66,35.04,415.27,176.17,0.8314,51.852
3109,7,462.19,65.82,511.55,267.54,0.7734,51.868
3109,14,168.1,60.63,238.85,276.54,0.8115,51.868
3109,16,212.85,42.08,262.33,184.04,0.7728,51.868
3109,18,367.63,34.95,415.08,176.12,0.8333,51.868
3110,7,462.08,65.86,511.37,267.49,0.804,51.885
3110,14,168.96,60.69,239.26,275.99,0.8152,51.885
3110,16,213.37,41.78,261.66,178.92,0.7845,51.885
3110,18,367.59,34.96,414.85,176.12,0.8314,51.885
3111,7,462.09,65.86,511.39,267.38,0.8077,51.902
3111,14,169.75,61.91,239.42,275.75,0.8241,51.902
3111,16,213.79,41.62,261.63,176.23,0.7951,51.902
3111,18,367.55,35.03,414.62,176.13,0.8278,51.902
3112,7,462.27,65.84,511.65,267.22,0.8147,51.919
3112,14,170.84,64.48,239.67,275.61,0.8499,51.919
3112,16,213.81,40.68,261.71,174.33,0.8003,51.919
3112,18,367.53,35.09,414.43,176.17,0.8278,51.919
3113,7,462.49,65.75,512.09,267.13,0.8343,51.935
3113,14,171.19,64.82,239.87,275.5,0.843,51.935
3113,16,213.72,40.2,261.8,173.25,0.8064,51.935
3113,18,367.4,34.99,414.19,176.15,0.8214,51.935
3114,7,462.86,65.84,512.71,267.06,0.8322,51.952
3114,14,171.32,64.31,240.1,275.28,0.8415,51.952
3114,16,213.32,40.05,261.98,173.63,0.8053,51.952
3114,18,367.23,34.82,413.93,176.06,0.8224,51.952
3115,7,462.87,65.82,512.97,267.02,0.8409,51.969
3115,14,171.93,64.44,240.72,275.1,0.8446,51.969
3115,16,213.29,39.93,262.19,173.3,0.7943,51.969
3115,18,367.16,34.75,413.76,176.08,0.8184,51.969
3116,7,463.03,65.84,513.38,266.96,0.8376,51.985
3116,14,172.39,66.42,240.66,274.87,0.8547,51.985
3116,16,213.27,39.75,262.32,172.59,0.7969,51.985
3116,18,366.98,34.71,413.44,176.06,0.8169,51.985
3117,7,463.23,65.96,513.84,266.83,0.8343,52.002
3117,14,172.8,67.04,240.9,274.5,0.8507,52.002
3117,16,213.06,39.52,262.33,172.02,0.7943,52.002
3117,18,366.97,34.63,413.23,176.03,0.8133,52.002
3118,7,463.51,66.03,514.29,266.61,0.8235,52.019
3118,14,173.4,67.55,241.39,274.39,0.8569,52.019
3118,16,212.88,39.39,262.55,172.15,0.7966,52.019
3118,18,366.69,35.03,412.58,175.91,0.8172,52.019
3119,7,463.82,66.13,514.9,266.45,0.8244,52.035
3119,14,173.77,66.66,241.87,273.97,0.8576,52.035
3119,16,212.91,39.49,262.81,172.2,0.8,52.035
3119,18,366.49,35.15,412.06,175.75,0.8135,52.035
3120,7,464.54,66.03,516.18,266.4,0.8138,52.052
3120,14,174.21,67.74,242.02,273.88,0.8605,52.052
3120,16,212.81,39.39,262.8,171.62,0.7906,52.052
3120,18,366.43,35.38,411.61,175.41,0.818,52.052
3121,7,464.73,66.22,516.79,266.35,0.8243,52.069
3121,14,174.56,68.21,242.28,274.01,0.8528,52.069
3121,16,213.04,39.66,262.61,169.9,0.7892,52.069
3121,18,366.22,35.43,411.08,175.21,0.8179,52.069
3122,7,464.88,66.22,517.44,266.31,0.8221,52.085
3122,14,175.21,67.79,242.74,273.29,0.8532,52.085
3122,16,212.81,39.55,262.91,170.64,0.7887,52.085
3122,18,366.04,35.32,410.59,174.88,0.8194,52.085
3123,7,465.38,66.11,518.64,266.29,0.8222,52.102
3123,14,175.39,67.56,242.85,273.14,0.8502,52.102
3123,16,212.6,39.22,263.15,171.11,0.7865,52.102
3123,18,366.16,35.25,410.48,174.78,0.8244,52.102
3124,7,465.38,66.06,519.23,266.3,0.8285,52.119
3124,14,175.65,68.26,242.77,272.94,0.8465,52.119
3124,16,212.48,39.2,263.27,171.32,0.7911,52.119
3124,18,366.26,35.16,410.28,174.34,0.8328,52.119
3125,7,465.23,66.06,519.66,266.31,0.8277,52.135
3125,14,176.0,68.41,242.85,272.55,0.8474,52.135
3125,16,212.23,38.85,263.34,171.55,0.7859,52.135
3125,18,366.33,35.03,410.07,173.87,0.837,52.135
3126,7,465.29,66.16,520.31,266.32,0.8285,52.152
3126,14,176.46,68.61,242.92,271.91,0.8412,52.152
3126,16,212.37,38.61,263.35,170.76,0.7832,52.152
3126,18,366.32,34.93,409.85,173.6,0.8402,52.152
3127,7,465.38,66.22,521.02,266.33,0.8265,52.169
3127,14,177.72,69.51,243.21,270.35,0.8484,52.169
3127,16,212.34,38.42,263.23,170.01,0.7782,52.169
3127,18,366.31,34.87,409.64,173.38,0.8402,52.169
3128,7,465.39,66.27,521.64,266.57,0.8326,52.185
3128,14,178.98,70.38,243.67,268.94,0.8448,52.185
3128,16,212.78,38.29,263.14,168.01,0.7774,52.185
3128,18,366.27,35.09,409.33,173.06,0.8333,52.185
3129,7,465.27,66.41,522.06,266.66,0.832,52.202
3129,14,179.72,70.76,243.88,267.92,0.8428,52.202
3129,16,212.93,38.42,262.91,166.41,0.7825,52.202
3129,18,366.17,35.18,409.07,172.9,0.8332,52.202
3130,7,465.1,66.58,522.37,266.72,0.8351,52.219
3130,14,180.22,70.97,244.07,267.55,0.838,52.219
3130,16,212.89,38.47,263.01,166.12,0.777,52.219
3130,18,366.14,35.22,408.96,172.93,0.833,52.219
3131,7,465.13,66.56,522.97,266.73,0.836,52.236
3131,14,180.56,70.96,244.16,267.07,0.8415,52.236
3131,16,212.65,38.39,262.93,165.74,0.7947,52.236
3131,18,366.14,35.23,408.86,172.81,0.833,52.236
3132,7,465.12,66.54,523.53,266.78,0.8383,52.252
3132,14,180.8,71.04,244.14,266.58,0.8384,52.252
3132,16,212.66,38.32,263.11,165.66,0.7962,52.252
3132,18,366.17,35.23,408.82,172.81,0.8309,52.252
3132,19,0.0,236.31,87.59,401.36,0.7849,52.252
3133,7,465.16,66.47,524.18,266.82,0.8354,52.269
3133,14,180.92,71.26,244.01,266.24,0.8305,52.269
3133,16,212.79,38.19,263.38,165.6,0.7949,52.269
3133,18,366.27,35.25,408.85,172.8,0.8285,52.269
3133,19,0.0,234.23,88.65,401.14,0.8167,52.269
3134,7,465.2,66.6,524.77,266.83,0.8292,52.286
3134,14,181.1,71.43,244.02,266.18,0.8243,52.286
3134,16,212.6,38.11,263.32,165.48,0.7996,52.286
3134,18,366.25,35.23,408.79,172.81,0.8292,52.286
3134,19,0.0,232.27,90.24,401.13,0.8367,52.286
3135,7,465.61,66.79,525.86,266.86,0.8208,52.302
3135,14,181.25,71.69,243.99,266.08,0.8265,52.302
3135,16,212.49,38.01,263.43,165.6,0.7952,52.302
3135,18,366.27,35.22,408.76,172.82,0.8292,52.302
3135,19,0.28,231.96,91.03,401.44,0.8899,52.302
3136,7,465.52,66.81,526.38,266.89,0.8233,52.319
3136,14,181.32,71.59,244.01,266.07,0.8227,52.319
3136,16,212.43,37.89,263.48,165.5,0.7939,52.319
3136,18,366.5,35.25,408.91,172.86,0.8241,52.319
3136,19,0.28,229.58,92.43,401.64,0.8901,52.319
3137,7,465.1,66.71,526.48,266.82,0.8229,52.336
3137,14,181.3,71.34,244.0,266.22,0.8221,52.336
3137,16,212.13,37.73,263.51,165.92,0.7942,52.336
3137,18,366.49,35.25,408.88,172.97,0.8268,52.336
3137,19,1.07,227.79,94.37,401.71,0.8827,52.336
3138,7,465.03,66.56,526.97,266.81,0.8163,52.352
3138,14,181.3,71.23,243.98,266.32,0.8216,52.352
3138,16,211.75,37.38,263.45,166.13,0.7991,52.352
3138,18,366.5,35.25,408.85,173.01,0.8277,52.352
3138,19,1.66,226.96,95.61,401.67,0.8804,52.352
3139,7,464.46,66.46,526.77,266.74,0.8248,52.369
3139,14,181.21,71.23,243.88,266.44,0.8175,52.369
3139,16,211.48,37.19,263.44,166.15,0.7862,52.369
3139,18,366.61,35.24,408.9,172.95,0.8243,52.369
3139,19,2.11,225.9,96.83,401.49,0.8793,52.369
3140,7,464.16,66.19,526.87,266.72,0.8209,52.386
3140,14,181.17,71.02,243.87,266.55,0.8131,52.386
3140,16,211.33,37.04,263.66,166.55,0.7711,52.386
3140,18,366.88,35.2,409.08,172.94,0.8168,52.386
3140,19,2.28,224.16,98.03,401.1,0.8793,52.386
3141,7,464.1,66.03,527.24,266.73,0.8109,52.402
3141,14,181.13,71.1,243.79,266.57,0.8078,52.402
3141,16,211.13,37.12,263.41,166.25,0.7622,52.402
3141,18,366.61,35.14,408.8,172.85,0.8141,52.402
3141,19,1.79,220.1,99.92,401.09,0.885,52.402
3142,7,464.1,65.88,527.67,266.74,0.806,52.419
3142,14,181.04,70.99,243.7,266.54,0.8033,52.419
3142,16,210.98,36.97,263.34,166.09,0.7721,52.419
3142,18,366.51,35.11,408.69,172.81,0.8146,52.419
3142,19,1.9,217.69,101.64,401.12,0.8805,52.419
3143,7,464.05,65.62,528.11,266.75,0.7998,52.436
3143,14,180.95,70.49,243.75,266.63,0.7945,52.436
3143,16,210.84,37.04,263.3,166.34,0.7633,52.436
3143,18,366.64,35.1,408.78,172.82,0.8114,52.436
3143,19,2.56,216.77,103.16,400.92,0.8904,52.436
3144,7,464.0,65.32,528.55,266.79,0.8021,52.452
3144,14,180.85,70.24,243.65,266.59,0.7921,52.452
3144,16,210.7,37.03,263.3,166.39,0.7597,52.452
3144,18,366.69,35.19,408.77,172.77,0.8062,52.452
3144,19,3.04,216.21,104.36,400.65,0.8932,52.452
3145,7,463.88,65.06,528.88,266.72,0.8026,52.469
3145,14,180.84,70.48,243.51,266.69,0.7924,52.469
3145,16,210.42,37.06,263.09,166.3,0.7541,52.469
3145,18,366.72,35.17,408.77,172.76,0.801,52.469
3145,19,3.39,215.57,105.74,400.75,0.8933,52.469
3146,7,463.79,64.9,529.24,266.69,0.8022,52.486
3146,14,180.84,70.55,243.42,266.72,0.7894,52.486
3146,16,210.01,36.79,262.97,166.51,0.745,52.486
3146,18,366.73,35.17,408.76,172.75,0.8016,52.486
3146,19,3.42,215.18,106.68,400.89,0.8954,52.486
3147,7,463.44,64.6,529.31,266.67,0.8016,52.502
3147,14,180.92,70.78,243.35,266.63,0.7908,52.502
3147,16,209.85,36.75,262.89,166.36,0.7512,52.502
3147,18,366.99,35.05,408.97,172.74,0.8012,52.502
3147,19,3.56,215.16,107.43,400.78,0.8982,52.502
3148,7,463.29,64.29,529.53,266.6,0.8021,52.519
3148,14,180.76,71.01,243.04,266.71,0.802,52.519
3148,16,209.37,36.76,262.75,167.06,0.741,52.519
3148,18,367.41,34.99,409.27,172.81,0.796,52.519
3148,19,3.61,214.67,108.59,401.01,0.9007,52.519
3149,7,462.92,63.77,529.59,266.57,0.7992,52.536
3149,14,180.56,71.09,242.72,266.77,0.7969,52.536
3149,16,209.1,36.75,262.55,167.03,0.7555,52.536
3149,18,367.72,35.01,409.41,172.73,0.7898,52.536
3149,19,3.54,213.88,109.77,401.24,0.9013,52.536
3150,7,462.65,63.54,529.63,266.55,0.7995,52.553
3150,14,180.51,71.01,242.61,266.8,0.7999,52.553
3150,16,208.85,36.69,262.36,167.01,0.7527,52.553
3150,18,367.9,35.09,409.4,172.66,0.7894,52.553
3150,19,3.68,212.99,111.17,401.27,0.9005,52.553
3151,7,461.21,64.54,528.32,266.89,0.7942,52.569
3151,14,180.52,70.89,242.6,266.89,0.7858,52.569
3151,16,208.67,36.74,262.13,166.84,0.7402,52.569
3151,18,367.98,35.14,409.34,172.58,0.7887,52.569
3151,19,3.66,211.56,112.8,401.44,0.9029,52.569
3152,7,460.58,64.93,527.92,267.03,0.7947,52.586
3152,14,180.36,70.88,242.37,267.02,0.7857,52.586
3152,16,208.59,36.76,262.02,166.66,0.7542,52.586
3152,18,368.05,35.16,409.3,172.55,0.788,52.586
3152,19,3.58,210.61,114.0,401.47,0.9053,52.586
3153,7,460.18,64.94,527.79,267.08,0.7973,52.603
3153,14,180.32,70.84,242.3,267.19,0.7819,52.603
3153,16,208.36,36.87,261.83,166.71,0.721,52.603
3153,18,368.68,35.25,409.67,172.58,0.7907,52.603
3153,19,3.24,209.27,115.13,401.6,0.9014,52.603
3154,7,459.95,64.97,527.78,267.08,0.7957,52.619
3154,14,180.3,70.87,242.22,267.27,0.7789,52.619
3154,16,208.25,37.02,261.74,166.74,0.7216,52.619
3154,18,369.03,35.28,409.78,172.61,0.7952,52.619
3154,19,2.84,208.18,115.96,401.7,0.9031,52.619
3155,7,460.9,63.52,529.16,266.69,0.7906,52.636
3155,14,180.2,70.77,242.12,267.36,0.7807,52.636
3155,16,208.0,37.27,261.45,166.52,0.6996,52.636
3155,18,369.18,35.3,409.72,172.64,0.7918,52.636
3155,19,2.66,207.53,116.68,401.7,0.906,52.636
3156,7,460.12,64.47,528.27,266.89,0.7941,52.653
3156,14,180.1,70.63,242.02,267.39,0.7755,52.653
3156,16,207.78,37.49,261.36,166.79,0.6873,52.653
3156,18,369.19,35.32,409.59,172.7,0.7874,52.653
3156,19,2.54,206.69,117.55,401.68,0.9075,52.653
3157,7,459.83,64.65,528.09,266.94,0.7983,52.669
3157,14,180.2,70.5,242.09,267.46,0.7375,52.669
3157,16,207.69,37.71,261.24,166.31,0.5663,52.669
3157,18,369.3,35.14,409.59,172.74,0.7975,52.669
3157,19,2.43,206.07,118.28,401.65,0.9092,52.669
3158,7,459.64,64.71,528.04,266.98,0.7988,52.686
3158,14,180.24,70.2,242.14,267.49,0.7312,52.686
3158,16,205.53,37.63,260.41,168.25,0.5302,52.686
3158,18,369.37,35.08,409.52,172.76,0.7933,52.686
3158,19,2.22,204.75,119.29,401.64,0.9063,52.686
3159,7,459.62,64.64,528.14,266.96,0.8019,52.703
3159,14,180.41,70.14,242.22,267.48,0.7132,52.703
3159,16,203.57,37.62,259.53,168.92,0.4809,52.703
3159,18,369.74,34.94,409.7,172.71,0.807,52.703
3159,19,2.24,204.0,120.21,401.62,0.9113,52.703
3160,7,459.83,63.29,528.73,266.79,0.802,52.719
3160,14,180.59,70.54,242.13,267.3,0.701,52.719
3160,16,202.07,37.1,259.17,169.2,0.4835,52.719
3160,18,369.74,34.88,409.56,172.69,0.8026,52.719
3160,19,2.63,203.64,121.36,401.61,0.9138,52.719
3161,7,459.87,62.75,528.94,266.79,0.8033,52.736
3161,14,180.82,71.35,242.03,267.24,0.6974,52.736
3161,16,200.63,37.13,258.0,167.35,0.4748,52.736
3161,18,370.19,34.8,409.83,172.82,0.8079,52.736
3161,19,2.63,203.21,122.13,401.59,0.9165,52.736
3162,7,459.88,62.57,528.99,266.76,0.8023,52.753
3162,14,181.02,71.86,242.05,267.25,0.7004,52.753
3162,16,200.07,37.17,258.05,166.77,0.4835,52.753
3162,18,370.25,34.78,409.74,172.88,0.8048,52.753
3162,19,2.7,202.68,123.04,401.58,0.916,52.753
3163,7,459.91,62.54,529.01,266.8,0.8019,52.769
3163,14,181.17,72.34,242.01,267.16,0.6879,52.769
3163,16,199.5,36.94,258.37,166.83,0.476,52.769
3163,18,370.72,34.77,409.96,172.92,0.8129,52.769
3163,19,2.78,202.27,123.85,401.47,0.9134,52.769
3164,7,459.89,62.57,528.96,266.8,0.8016,52.786
3164,14,181.25,71.67,242.27,266.84,0.6975,52.786
3164,16,199.1,36.81,258.45,166.06,0.464,52.786
3164,18,371.0,34.76,410.0,172.97,0.813,52.786
3164,19,2.45,201.71,124.34,401.49,0.9148,52.786
3165,7,459.81,62.62,528.81,266.8,0.8044,52.803
3165,14,180.54,64.91,243.49,266.73,0.6947,52.803
3165,16,197.71,36.86,257.44,164.62,0.432,52.803
3165,18,371.23,34.82,409.99,172.92,0.8124,52.803
3165,19,2.39,201.11,125.02,401.29,0.9167,52.803
3166,7,459.79,62.66,528.73,266.79,0.8037,52.819
3166,14,179.81,57.86,244.61,266.65,0.6908,52.819
3166,16,196.99,36.88,257.51,164.33,0.4044,52.819
3166,18,371.38,34.85,409.93,172.9,0.8115,52.819
3166,19,2.01,200.68,125.41,401.51,0.9161,52.819
3167,7,459.8,62.67,528.69,266.74,0.8046,52.836
3167,14,179.62,53.9,245.34,266.61,0.6823,52.836
3167,16,196.58,37.0,257.38,162.81,0.3757,52.836
3167,18,371.31,34.87,409.72,172.89,0.8084,52.836
3167,19,2.0,200.15,126.05,401.37,0.9156,52.836
3168,7,459.74,62.82,528.54,266.72,0.8036,52.853
3168,14,179.15,47.81,246.22,266.53,0.696,52.853
3168,16,196.45,37.06,257.66,161.97,0.367,52.853
3168,18,371.55,34.96,409.79,172.9,0.8132,52.853
3168,19,1.86,199.63,126.58,401.33,0.9136,52.853
3169,7,459.72,62.98,528.41,266.71,0.8023,52.869
3169,14,178.75,41.38,247.18,266.45,0.6787,52.869
3169,18,370.91,34.72,409.13,172.59,0.8131,52.869
3169,19,1.73,199.16,127.07,401.33,0.9152,52.869
3170,7,459.72,63.03,528.35,266.71,0.8026,52.886
3170,14,178.38,37.92,247.14,266.39,0.6843,52.886
3170,18,371.29,34.87,409.44,172.8,0.8137,52.886
3170,19,1.59,198.42,127.66,401.27,0.912,52.886
3171,7,459.74,63.07,528.31,266.7,0.8031,52.903
3171,14,178.83,37.52,247.16,266.32,0.6661,52.903
3171,18,371.48,34.93,409.56,172.89,0.8172,52.903
3171,19,1.35,197.49,128.32,401.45,0.9146,52.903
3172,7,459.76,63.17,528.28,266.72,0.8029,52.92
3172,14,179.39,37.34,247.27,266.2,0.649,52.92
3172,18,370.98,34.65,409.07,172.64,0.8167,52.92
3172,19,1.34,196.75,128.97,401.38,0.9148,52.92
3173,7,459.73,63.23,528.23,266.81,0.8035,52.936
3173,14,179.59,36.14,247.32,266.26,0.6277,52.936
3173,18,370.68,34.56,408.83,172.54,0.818,52.936
3173,19,1.27,195.98,129.57,401.35,0.9149,52.936
3174,7,459.71,63.25,528.19,266.84,0.8039,52.953
3174,14,184.68,35.4,253.68,266.64,0.7079,52.953
3174,18,370.54,34.53,408.74,172.49,0.8184,52.953
3174,19,1.15,195.35,130.01,401.32,0.9135,52.953
3175,7,459.7,63.18,528.17,266.85,0.8048,52.97
3175,14,186.48,35.23,256.41,266.68,0.7234,52.97
3175,18,370.46,34.54,408.72,172.48,0.8176,52.97
3175,19,1.17,195.15,130.37,401.34,0.9107,52.97
3176,7,459.71,63.3,528.14,266.87,0.8042,52.986
3176,14,186.94,35.24,257.65,266.83,0.7517,52.986
3176,18,370.5,34.59,408.81,172.49,0.8175,52.986
3176,19,1.26,194.99,130.81,401.36,0.9098,52.986
3177,7,459.57,63.35,527.96,266.91,0.8064,53.003
3177,14,186.9,35.51,258.27,266.99,0.7286,53.003
3177,18,370.47,34.5,408.86,172.51,0.8174,53.003
3177,19,1.31,194.83,131.19,401.34,0.9087,53.003
3178,7,459.53,63.34,527.89,266.94,0.8066,53.02
3178,14,186.74,35.73,258.62,266.82,0.7016,53.02
3178,18,370.45,34.47,408.9,172.51,0.8168,53.02
3178,19,1.3,194.83,131.39,401.31,0.9062,53.02
3179,7,459.51,63.33,527.86,266.97,0.808,53.036
3179,14,186.53,36.0,258.88,266.8,0.7646,53.036
3179,18,370.78,34.56,409.3,172.88,0.8166,53.036
3179,19,1.42,195.05,131.74,401.48,0.9042,53.036
3180,7,459.47,63.34,527.78,267.04,0.8074,53.053
3180,14,186.11,36.32,258.91,267.1,0.7861,53.053
3180,18,370.82,34.5,409.42,173.05,0.8176,53.053
3180,19,1.58,194.48,132.44,401.41,0.9004,53.053
3181,7,460.33,63.84,528.39,266.6,0.808,53.07
3181,14,185.82,36.5,258.94,267.2,0.7484,53.07
3181,18,370.85,34.49,409.5,173.17,0.8206,53.07
3181,19,1.75,194.69,132.88,401.51,0.8974,53.07
3182,7,460.65,64.11,528.62,266.43,0.8087,53.086
3182,14,185.67,36.61,258.98,266.89,0.7465,53.086
3182,18,370.86,34.49,409.53,173.22,0.8207,53.086
3182,19,1.69,194.11,133.47,401.5,0.8956,53.086
3183,7,460.79,64.36,528.73,266.37,0.8103,53.103
3183,14,185.71,36.71,259.18,266.51,0.8024,53.103
3183,18,370.87,34.48,409.55,173.24,0.8221,53.103
3183,19,1.78,193.7,134.21,401.59,0.8941,53.103
3184,7,460.85,64.39,528.84,266.38,0.8099,53.12
3184,14,185.59,36.86,259.22,266.41,0.7547,53.12
3184,18,370.9,34.55,409.57,173.25,0.822,53.12
3184,19,1.59,193.36,134.51,401.61,0.8965,53.12
3185,7,460.86,64.33,528.93,266.37,0.8079,53.136
3185,14,185.53,37.01,259.24,266.08,0.7792,53.136
3185,18,370.88,34.58,409.56,173.25,0.8203,53.136
3185,19,1.41,193.2,134.68,401.64,0.8974,53.136
3186,7,460.86,64.26,529.04,266.4,0.8052,53.153
3186,14,185.35,37.1,259.37,266.68,0.7561,53.153
3186,18,370.84,34.61,409.53,173.25,0.8185,53.153
3186,19,1.16,193.03,134.71,401.64,0.8987,53.153
3187,7,459.89,64.47,528.21,266.89,0.8161,53.17
3187,14,185.4,37.24,259.49,266.73,0.738,53.17
3187,18,370.65,34.33,409.51,173.24,0.8221,53.17
3187,19,0.96,192.04,135.07,401.53,0.8969,53.17
3188,7,459.51,64.51,527.93,267.12,0.8176,53.186
3188,14,185.28,37.2,259.22,265.99,0.6517,53.186
3188,18,370.34,34.29,409.38,173.28,0.8226,53.186
3188,19,0.77,191.53,135.2,401.54,0.9001,53.186
3189,7,459.34,64.55,527.81,267.21,0.8194,53.203
3189,14,185.53,37.16,259.46,265.49,0.7327,53.203
3189,18,370.18,34.28,409.37,173.29,0.8226,53.203
3189,19,0.62,191.17,135.25,401.57,0.9011,53.203
3190,7,459.24,64.6,527.73,267.22,0.8206,53.22
3190,14,185.51,37.08,259.27,264.69,0.7079,53.22
3190,18,369.99,34.28,409.33,173.31,0.8244,53.22
3190,19,0.54,190.86,135.32,401.56,0.9043,53.22
3191,7,459.23,64.56,527.76,267.24,0.8224,53.237
3191,14,185.58,37.82,257.98,261.33,0.5963,53.237
3191,18,369.82,34.26,409.32,173.34,0.8248,53.237
3191,19,0.46,190.55,135.37,401.54,0.9053,53.237
3192,7,459.17,64.72,527.7,267.28,0.8216,53.253
3192,14,185.38,38.18,257.15,260.01,0.5759,53.253
3192,18,369.65,34.25,409.3,173.34,0.824,53.253
3192,19,0.41,190.18,135.45,401.42,0.9074,53.253
3193,7,459.15,64.77,527.7,267.3,0.822,53.27
3193,14,185.21,38.54,257.09,261.12,0.6094,53.27
3193,18,369.55,34.24,409.34,173.34,0.8242,53.27
3193,19,0.34,189.85,135.47,401.35,0.9084,53.27
3194,7,459.15,64.84,527.69,267.29,0.8218,53.287
3194,14,184.77,40.37,256.4,262.95,0.5757,53.287
3194,18,369.48,34.24,409.39,173.33,0.8238,53.287
3194,19,0.25,189.46,135.59,401.41,0.9075,53.287
3194,16,196.7,37.56,251.59,135.23,0.4066,53.287
3195,7,459.13,65.11,527.62,267.25,0.818,53.303
3195,14,184.42,39.47,256.54,264.57,0.5987,53.303
3195,18,369.35,34.25,409.36,173.3,0.8221,53.303
3195,19,0.1,188.86,135.8,401.54,0.9078,53.303
3195,16,194.8,37.68,253.64,135.32,0.3695,53.303
3196,7,459.11,65.35,527.54,267.22,0.8198,53.32
3196,14,184.46,39.21,256.62,265.01,0.6065,53.32
3196,18,369.19,34.27,409.29,173.23,0.8218,53.32
3196,19,0.05,188.32,136.0,401.55,0.9089,53.32
3196,16,193.65,37.52,255.2,135.26,0.3608,53.32
3197,7,459.09,65.44,527.52,267.19,0.8194,53.337
3197,14,184.82,40.85,256.63,265.76,0.6011,53.337
3197,18,369.09,34.28,409.29,173.2,0.8221,53.337
3197,19,0.0,187.5,136.13,401.49,0.9066,53.337
3197,16,192.68,37.45,256.24,134.94,0.3769,53.337
3198,7,459.08,65.46,527.54,267.19,0.8205,53.353
3198,14,187.8,64.31,252.7,264.87,0.5984,53.353
3198,18,369.03,34.29,409.32,173.2,0.822,53.353
3198,19,0.0,186.71,136.28,401.45,0.9049,53.353
3198,16,192.13,37.25,256.83,133.88,0.429,53.353
3199,7,459.11,65.63,527.55,267.19,0.8208,53.37
3199,14,188.88,49.05,260.1,266.68,0.5621,53.37
3199,18,369.0,34.3,409.36,173.17,0.8227,53.37
3199,19,0.0,186.38,136.21,401.34,0.906,53.37
3200,7,459.04,65.77,527.43,267.12,0.8181,53.387
3200,14,188.79,42.11,263.08,267.19,0.5362,53.387
3200,18,368.66,34.27,409.0,172.72,0.8226,53.387
3200,19,0.0,185.63,136.39,401.45,0.9044,53.387
3201,7,459.02,65.83,527.39,267.08,0.8182,53.403
3201,14,188.9,41.1,264.53,268.1,0.5339,53.403
3201,18,368.5,34.26,408.89,172.55,0.8227,53.403
3201,19,0.0,185.69,136.16,401.28,0.904,53.403
3201,16,192.12,36.74,258.38,133.78,0.3696,53.403
3202,7,459.02,65.84,527.4,267.07,0.8179,53.42
3202,14,188.02,63.79,255.72,265.74,0.5797,53.42
3202,18,368.42,34.26,408.88,172.48,0.822,53.42
3202,19,0.0,184.59,136.66,401.48,0.9057,53.42
3202,16,191.94,36.41,259.16,133.92,0.4377,53.42
3203,7,458.94,65.95,527.27,267.0,0.8157,53.437
3203,14,187.3,73.04,251.92,265.04,0.6153,53.437
3203,18,368.31,34.29,408.83,172.44,0.8229,53.437
3203,19,0.0,183.84,137.0,401.42,0.9045,53.437
3203,16,192.43,36.35,259.91,133.76,0.4776,53.437
3204,7,458.91,65.96,527.24,267.0,0.8177,53.453
3204,14,186.8,75.72,250.63,264.85,0.5924,53.453
3204,18,368.32,34.33,408.88,172.43,0.821,53.453
3204,19,0.0,183.38,137.13,401.12,0.9038,53.453
3204,16,192.02,36.04,260.18,133.96,0.475,53.453
3205,7,458.89,65.96,527.24,267.01,0.8177,53.47
3205,14,186.17,76.04,249.93,264.85,0.6531,53.47
3205,18,368.47,34.37,409.2,172.85,0.8212,53.47
3205,19,0.0,182.8,137.32,401.08,0.907,53.47
3205,16,191.5,35.94,260.22,134.33,0.4894,53.47
3206,7,458.88,65.96,527.24,267.01,0.818,53.487
3206,14,185.47,75.21,249.45,264.91,0.6679,53.487
3206,18,368.52,34.38,409.34,173.02,0.8212,53.487
3206,19,0.0,181.75,137.64,401.11,0.9148,53.487
3206,16,190.56,35.86,259.88,134.61,0.4905,53.487
3207,7,458.88,66.03,527.24,267.01,0.8167,53.503
3207,14,185.1,74.25,249.27,264.83,0.6913,53.503
3207,18,368.6,34.43,409.45,173.12,0.8221,53.503
3207,19,0.0,181.22,137.79,401.21,0.9164,53.503
3207,16,191.15,35.86,260.44,134.47,0.522,53.503
3208,7,458.9,66.17,527.24,267.02,0.8142,53.52
3208,14,184.94,73.47,249.2,264.66,0.6918,53.52
3208,18,368.56,34.47,409.43,173.12,0.8209,53.52
3208,19,0.0,180.69,137.74,401.34,0.9155,53.52
3208,16,191.63,35.86,260.37,133.3,0.4763,53.52
3209,7,458.91,66.21,527.24,267.02,0.8145,53.537
3209,14,184.92,73.62,249.06,264.64,0.6902,53.537
3209,18,368.53,34.48,409.43,173.11,0.8209,53.537
3209,19,0.0,179.46,138.13,401.42,0.9156,53.537
3209,16,192.48,35.62,261.21,133.1,0.5005,53.537
3210,7,458.9,66.21,527.26,267.02,0.8148,53.553
3210,14,184.89,73.35,249.05,264.68,0.6922,53.553
3210,18,368.51,34.49,409.43,173.11,0.8208,53.553
3210,19,0.0,178.25,138.54,401.39,0.9141,53.553
3210,16,193.53,35.53,261.33,131.68,0.4964,53.553
3211,7,458.91,66.37,527.22,266.99,0.8129,53.57
3211,14,184.92,73.21,249.03,264.62,0.7165,53.57
3211,18,368.37,34.52,409.32,173.1,0.8198,53.57
3211,19,0.0,177.35,138.69,401.49,0.9158,53.57
3211,16,196.41,35.77,262.83,130.78,0.5297,53.57
3212,7,458.91,66.56,527.2,267.01,0.8114,53.587
3212,14,184.96,73.07,249.0,264.48,0.747,53.587
3212,18,368.34,34.47,409.32,173.03,0.82,53.587
3212,19,0.0,176.7,138.75,401.52,0.9158,53.587
3212,16,196.56,35.44,262.76,130.39,0.5475,53.587
3213,7,458.9,66.61,527.2,267.01,0.8119,53.604
3213,14,185.11,72.94,249.1,264.44,0.7414,53.604
3213,18,368.32,34.45,409.32,173.01,0.8201,53.604
3213,19,0.0,175.65,139.1,401.54,0.913,53.604
3213,16,197.1,35.13,263.57,131.12,0.5485,53.604
3214,7,458.91,66.62,527.22,267.0,0.8128,53.62
3214,14,185.31,72.98,249.21,264.48,0.7603,53.62
3214,18,368.31,34.44,409.34,173.01,0.8195,53.62
3214,19,0.0,174.85,139.39,401.65,0.913,53.62
3214,16,195.31,34.91,261.81,130.54,0.555,53.62
3215,7,458.86,66.84,527.14,267.02,0.8102,53.637
3215,14,185.41,73.37,249.14,264.51,0.7472,53.637
3215,18,368.43,34.42,409.42,172.87,0.8198,53.637
3215,19,0.0,174.28,139.32,401.64,0.912,53.637
3215,16,194.2,34.92,261.55,131.57,0.537,53.637
3216,7,458.79,67.04,527.05,267.04,0.8107,53.654
3216,14,185.69,75.21,248.77,264.41,0.7355,53.654
3216,18,368.43,34.41,409.42,172.85,0.8192,53.654
3216,19,0.0,173.89,139.37,401.64,0.9114,53.654
3216,16,191.91,34.82,260.41,132.33,0.5539,53.654
3217,7,458.75,67.11,527.03,267.04,0.8104,53.67
3217,14,185.8,76.36,248.58,264.53,0.7209,53.67
3217,18,368.43,34.41,409.41,172.84,0.8191,53.67
3217,19,0.0,173.52,139.28,401.55,0.9117,53.67
3217,16,190.81,34.79,260.11,132.71,0.5471,53.67
3218,7,458.74,67.15,527.04,267.04,0.8097,53.687
3218,14,185.86,75.86,248.87,264.83,0.7445,53.687
3218,18,368.42,34.41,409.41,172.83,0.8188,53.687
3218,19,0.11,173.32,139.37,401.5,0.9105,53.687
3218,16,190.84,34.72,260.1,131.91,0.5769,53.687
3219,7,458.65,67.28,526.96,267.06,0.8108,53.704
3219,14,186.16,75.6,249.15,264.64,0.7433,53.704
3219,18,368.39,34.41,409.4,172.94,0.8193,53.704
3219,19,0.28,173.09,139.29,401.49,0.9117,53.704
3219,16,190.99,34.62,260.42,131.43,0.6099,53.704
3220,7,458.67,67.37,527.0,267.12,0.8105,53.72
3220,14,186.16,75.24,249.19,264.34,0.7258,53.72
3220,18,368.43,34.5,409.4,172.98,0.8193,53.72
3220,19,0.39,172.63,139.24,401.56,0.911,53.72
3220,16,190.51,34.47,261.41,133.09,0.5596,53.72
3221,7,458.66,67.39,527.03,267.15,0.8109,53.737
3221,14,185.95,75.78,249.43,266.22,0.7255,53.737
3221,18,368.31,34.54,409.28,172.97,0.8182,53.737
3221,19,0.45,172.23,139.11,401.63,0.9124,53.737
3221,16,190.56,34.34,261.56,132.74,0.567,53.737
3222,7,458.66,67.4,527.05,267.16,0.8111,53.754
3222,14,185.81,76.05,249.55,267.15,0.7137,53.754
3222,18,368.23,34.54,409.21,172.87,0.8185,53.754
3222,19,0.52,171.27,139.23,401.54,0.9133,53.754
3222,16,190.22,34.11,261.97,133.32,0.5401,53.754
3223,7,458.63,67.52,527.02,267.16,0.8108,53.77
3223,14,186.47,76.17,250.04,266.11,0.6761,53.77
3223,18,367.99,34.63,408.99,172.8,0.8183,53.77
3223,19,0.67,170.89,139.17,401.54,0.9138,53.77
3223,16,190.37,34.0,262.27,133.26,0.4983,53.77
3224,7,458.64,67.61,527.02,267.16,0.8102,53.787
3224,14,186.25,76.3,249.91,266.71,0.7241,53.787
3224,18,367.75,34.69,408.82,172.73,0.8221,53.787
3224,19,0.71,170.12,139.2,401.49,0.9171,53.787
3224,16,190.57,33.93,263.36,134.65,0.5637,53.787
3225,7,458.64,67.64,527.03,267.16,0.8103,53.804
3225,14,187.14,76.93,250.43,265.72,0.6875,53.804
3225,18,367.66,34.71,408.8,172.71,0.8214,53.804
3225,19,0.91,169.5,139.27,401.49,0.9179,53.804
3225,16,190.1,33.98,263.27,135.28,0.5361,53.804
3226,7,458.62,67.65,527.03,267.17,0.8101,53.82
3226,14,185.09,52.38,256.13,266.51,0.657,53.82
3226,18,367.69,34.72,408.88,172.71,0.8202,53.82
3226,19,1.33,168.97,139.48,401.4,0.9121,53.82
3226,16,189.75,34.03,263.72,136.64,0.4696,53.82
3227,7,458.62,67.76,527.0,267.15,0.8084,53.837
3227,14,187.35,65.47,253.89,265.48,0.6745,53.837
3227,18,367.6,34.75,408.83,172.65,0.8172,53.837
3227,19,1.7,168.67,139.56,401.35,0.9141,53.837
3227,16,190.27,34.17,263.68,136.04,0.4943,53.837
3228,7,458.63,67.84,526.98,267.11,0.8084,53.854
3228,14,185.95,49.79,257.32,266.11,0.6621,53.854
3228,18,367.27,34.8,408.59,172.59,0.816,53.854
3228,19,2.07,168.11,139.75,401.25,0.9155,53.854
3228,16,190.32,34.12,264.07,136.68,0.4562,53.854
3229,7,458.63,67.86,526.97,267.1,0.8085,53.87
3229,14,185.14,41.47,258.6,266.41,0.6554,53.87
3229,18,367.23,34.82,408.63,172.57,0.8164,53.87
3229,19,2.45,167.67,140.04,401.29,0.9144,53.87
3229,16,190.31,34.04,264.69,137.84,0.478,53.87
3230,7,458.64,67.84,526.99,267.09,0.8089,53.887
3230,14,184.84,35.75,259.53,266.42,0.6556,53.887
3230,18,366.99,34.84,408.52,172.55,0.8133,53.887
3230,19,2.93,166.93,140.57,401.33,0.914,53.887
3230,16,190.6,33.86,265.17,138.32,0.4147,53.887
3231,7,458.65,68.02,526.92,267.03,0.8056,53.904
3231,14,185.65,33.19,260.66,266.54,0.6597,53.904
3231,18,366.79,34.84,408.43,172.52,0.8153,53.904
3231,19,3.26,166.52,140.88,401.62,0.9131,53.904
3231,16,191.61,34.04,265.09,137.17,0.3603,53.904
3232,7,459.68,66.62,528.23,266.86,0.8061,53.921
3232,14,186.77,32.07,261.79,266.39,0.6727,53.921
3232,18,366.82,34.9,408.52,172.57,0.8146,53.921
3232,19,3.59,166.32,141.02,401.86,0.913,53.921
3233,7,460.12,66.09,528.7,266.8,0.8057,53.937
3233,14,187.09,31.87,261.7,266.12,0.6693,53.937
3233,18,366.8,34.93,408.57,172.59,0.8136,53.937
3233,19,3.65,165.46,141.08,401.78,0.9126,53.937
3234,7,460.32,65.91,528.83,266.75,0.806,53.954
3234,14,188.38,31.86,262.55,265.48,0.6881,53.954
3234,18,366.89,34.93,408.68,172.6,0.8122,53.954
3234,19,4.15,164.8,141.43,401.66,0.9109,53.954
3235,7,460.44,65.84,528.87,266.73,0.8072,53.971
3235,14,189.23,31.92,262.99,264.9,0.6842,53.971
3235,18,366.89,34.95,408.7,172.7,0.811,53.971
3235,19,4.65,164.45,141.74,401.66,0.9103,53.971
3236,7,460.48,65.8,528.83,266.73,0.808,53.987
3236,14,190.29,32.06,263.69,264.17,0.7097,53.987
3236,18,366.77,34.99,408.58,172.78,0.8133,53.987
3236,19,5.29,163.9,142.22,401.75,0.9063,53.987
3237,7,460.52,65.8,528.78,266.74,0.8082,54.004
3237,14,191.18,32.31,264.1,263.5,0.707,54.004
3237,18,366.74,35.0,408.54,172.8,0.8133,54.004
3237,19,5.91,163.72,142.53,401.86,0.9056,54.004
3238,7,460.55,65.8,528.73,266.75,0.8083,54.021
3238,14,191.39,32.48,264.02,263.32,0.6843,54.021
3238,18,366.76,35.08,408.52,172.82,0.8125,54.021
3238,19,6.38,163.34,142.78,401.92,0.9052,54.021
3239,7,460.53,65.85,528.61,266.75,0.8085,54.037
3239,14,191.83,32.51,264.25,263.22,0.6933,54.037
3239,18,366.72,35.08,408.47,172.86,0.8149,54.037
3239,19,6.83,163.11,142.96,402.04,0.9051,54.037
3240,7,460.6,65.87,528.59,266.71,0.8082,54.054
3240,14,191.6,32.54,263.84,262.73,0.6711,54.054
3240,18,366.65,35.04,408.39,172.8,0.8165,54.054
3240,19,7.38,162.76,143.33,402.17,0.9043,54.054
3241,7,460.64,65.88,528.56,266.69,0.8083,54.071
3241,14,191.76,32.58,263.84,262.01,0.7013,54.071
3241,18,366.64,35.03,408.36,172.78,0.8164,54.071
3241,19,7.63,161.93,143.61,401.9,0.904,54.071
3242,7,460.67,65.9,528.52,266.69,0.808,54.087
3242,14,191.75,32.49,263.27,259.64,0.7163,54.087
3242,18,366.64,35.04,408.35,172.77,0.8167,54.087
3242,19,7.88,161.21,143.93,401.86,0.9049,54.087
3243,7,460.71,65.91,528.51,266.66,0.8079,54.104
3243,14,191.64,32.52,262.94,258.12,0.7461,54.104
3243,18,366.65,35.01,408.33,172.71,0.8156,54.104
3243,19,8.35,160.85,144.27,401.78,0.9079,54.104
3244,7,460.74,65.88,528.51,266.63,0.808,54.121
3244,14,191.86,32.58,262.98,257.1,0.7144,54.121
3244,18,366.65,35.01,408.29,172.67,0.8171,54.121
3244,19,8.81,160.53,144.67,401.83,0.9106,54.121
3245,7,460.78,65.87,528.53,266.61,0.8079,54.137
3245,14,192.48,32.5,263.38,256.24,0.7258,54.137
3245,18,366.63,35.04,408.23,172.64,0.8165,54.137
3245,19,9.29,160.47,144.97,401.82,0.9106,54.137
3246,7,460.82,65.84,528.55,266.52,0.8032,54.154
3246,14,192.92,32.83,264.14,258.04,0.6562,54.154
3246,18,366.27,35.26,407.79,172.47,0.8176,54.154
3246,19,9.62,160.45,145.01,401.71,0.9125,54.154
3247,7,460.84,65.88,528.56,266.5,0.804,54.171
3247,14,193.33,33.11,264.37,258.13,0.6526,54.171
3247,18,365.93,35.33,407.47,172.32,0.8222,54.171
3247,19,9.93,160.25,145.18,401.66,0.9128,54.171
3248,7,460.85,65.89,528.56,266.5,0.804,54.187
3248,14,194.19,33.41,264.56,257.51,0.6362,54.187
3248,18,365.79,35.35,407.37,172.26,0.8224,54.187
3248,19,10.04,160.17,145.03,401.67,0.9133,54.187
3249,7,460.85,65.9,528.56,266.5,0.8038,54.204
3249,14,194.19,34.03,263.51,256.62,0.6107,54.204
3249,18,365.73,35.36,407.37,172.25,0.8218,54.204
3249,19,10.47,160.06,145.2,401.62,0.9093,54.204
3249,16,196.13,34.12,265.76,131.58,0.3544,54.204
3250,7,460.8,65.93,528.49,266.51,0.8065,54.221
3250,14,195.3,33.88,264.35,256.0,0.646,54.221
3250,18,365.64,35.38,407.31,172.14,0.8214,54.221
3250,19,10.89,159.84,145.49,401.63,0.9117,54.221
3251,7,460.79,65.95,528.45,266.51,0.8071,54.238
3251,14,195.62,33.73,264.88,256.53,0.6799,54.238
3251,18,365.58,35.39,407.3,172.09,0.8215,54.238
3251,19,11.26,159.57,145.77,401.68,0.9097,54.238
3252,7,460.79,66.01,528.42,266.51,0.807,54.254
3252,14,195.94,33.63,265.02,255.36,0.6854,54.254
3252,18,365.54,35.39,407.33,172.08,0.8218,54.254
3252,19,11.94,159.23,146.31,401.69,0.9093,54.254
3253,7,460.79,66.04,528.41,266.51,0.807,54.271
3253,14,195.84,33.84,264.72,255.36,0.631,54.271
3253,18,365.52,35.39,407.36,172.08,0.8218,54.271
3253,19,12.47,159.01,146.67,401.75,0.9115,54.271
3254,7,460.78,66.07,528.39,266.51,0.808,54.288
3254,14,196.01,34.08,264.7,255.13,0.6361,54.288
3254,18,365.43,35.39,407.33,172.08,0.8239,54.288
3254,19,13.0,158.68,147.06,401.76,0.9119,54.288
3255,7,460.79,66.04,528.41,266.51,0.8074,54.304
3255,14,195.86,34.35,264.48,254.91,0.6409,54.304
3255,18,365.3,35.39,407.28,172.1,0.8228,54.304
3255,19,13.59,158.18,147.54,401.7,0.9066,54.304
3256,7,460.8,66.03,528.41,266.51,0.8076,54.321
3256,14,196.04,34.26,264.82,254.53,0.7011,54.321
3256,18,365.23,35.39,407.28,172.11,0.8226,54.321
3256,19,14.18,158.13,147.81,401.62,0.9093,54.321
3257,7,460.8,66.03,528.4,266.51,0.8072,54.338
3257,14,195.14,34.23,264.41,254.96,0.6949,54.338
3257,18,365.19,35.38,407.3,172.11,0.8229,54.338
3257,19,14.58,157.9,147.92,401.58,0.9124,54.338
3258,7,460.8,66.03,528.41,266.52,0.8063,54.354
3258,14,194.75,34.45,264.44,255.47,0.712,54.354
3258,18,365.14,35.4,407.28,172.11,0.8196,54.354
3258,19,15.02,157.6,148.13,401.51,0.9113,54.354
3259,7,460.79,65.98,528.4,266.5,0.8083,54.371
3259,14,195.79,34.64,265.31,254.99,0.6885,54.371
3259,18,365.14,35.51,407.28,172.11,0.818,54.371
3259,19,15.48,157.49,148.3,401.51,0.9083,54.371
3260,7,460.78,65.96,528.39,266.5,0.8082,54.388
3260,14,194.88,35.35,265.32,258.13,0.7089,54.388
3260,18,365.14,35.55,407.28,172.11,0.8168,54.388
3260,19,15.83,157.34,148.34,401.45,0.9076,54.388
3261,7,460.78,65.96,528.39,266.49,0.8084,54.404
3261,14,195.4,35.6,266.06,259.24,0.6933,54.404
3261,18,365.14,35.57,407.29,172.11,0.817,54.404
3261,19,16.31,157.12,148.56,401.47,0.9091,54.404
3262,7,460.69,65.82,528.33,266.49,0.8102,54.421
3262,14,195.59,35.57,266.35,259.62,0.6985,54.421
3262,18,365.24,35.68,407.36,172.11,0.811,54.421
3262,19,16.82,157.0,148.78,401.49,0.9109,54.421
3263,7,460.69,65.74,528.33,266.49,0.8112,54.438
3263,14,196.47,35.14,265.77,254.47,0.6809,54.438
3263,18,365.28,35.78,407.35,172.06,0.8074,54.438
3263,19,17.44,156.89,149.02,401.52,0.9074,54.438
3264,7,460.69,65.71,528.32,266.49,0.8111,54.454
3264,14,196.63,34.94,265.37,252.35,0.6869,54.454
3264,18,365.3,35.81,407.35,172.03,0.807,54.454
3264,19,18.27,156.57,149.55,401.64,0.9016,54.454
3265,7,460.71,65.63,528.34,266.49,0.8119,54.471
3265,14,196.54,34.92,265.07,251.77,0.6659,54.471
3265,18,365.3,35.83,407.33,172.02,0.8058,54.471
3265,19,19.11,156.14,150.15,401.83,0.8986,54.471
3266,7,460.7,65.65,528.3,266.49,0.8131,54.488
3266,14,195.57,35.38,265.42,256.29,0.7026,54.488
3266,18,365.38,35.92,407.36,172.0,0.8,54.488
3266,19,19.87,155.85,150.5,401.79,0.9013,54.488
3267,7,460.71,65.62,528.29,266.48,0.8132,54.504
3267,14,195.79,35.01,264.5,252.94,0.7019,54.504
3267,18,365.44,36.03,407.36,172.01,0.7958,54.504
3267,19,20.53,155.11,151.12,401.9,0.8964,54.504
3268,7,460.72,65.62,528.27,266.48,0.8132,54.521
3268,14,196.93,35.19,264.6,249.02,0.6965,54.521
3268,18,365.47,36.06,407.35,172.01,0.7957,54.521
3268,19,21.3,155.31,151.3,401.61,0.8962,54.521
3269,7,460.74,65.61,528.26,266.47,0.8131,54.538
3269,14,197.67,35.23,264.93,247.29,0.7103,54.538
3269,18,365.46,36.08,407.33,172.02,0.7953,54.538
3269,19,22.01,154.34,152.26,402.07,0.8994,54.538
3270,7,460.76,65.54,528.28,266.46,0.8116,54.555
3270,14,197.99,35.32,265.15,246.77,0.7202,54.555
3270,18,365.54,36.19,407.36,172.05,0.7892,54.555
3270,19,22.96,153.97,153.15,402.45,0.9003,54.555
3271,7,460.86,65.47,528.37,266.45,0.8127,54.571
3271,14,196.75,34.92,264.46,248.98,0.7452,54.571
3271,18,365.61,36.22,407.39,172.09,0.79,54.571
3271,19,23.65,153.71,153.57,402.44,0.9023,54.571
3272,7,460.91,65.45,528.42,266.45,0.8128,54.588
3272,14,196.14,34.68,264.04,249.81,0.7479,54.588
3272,18,365.65,36.23,407.4,172.11,0.7899,54.588
3272,19,24.52,153.55,154.16,402.54,0.9064,54.588
3273,7,460.93,65.47,528.42,266.44,0.8128,54.605
3273,14,195.82,34.56,263.79,250.37,0.7548,54.605
3273,18,365.67,36.23,407.39,172.12,0.7903,54.605
3273,19,25.3,153.2,154.68,402.47,0.9072,54.605
3274,7,460.93,65.39,528.4,266.43,0.8146,54.621
3274,14,195.31,34.68,264.6,255.07,0.7611,54.621
3274,18,365.82,36.24,407.48,172.14,0.7867,54.621
3274,19,26.18,152.73,155.26,402.37,0.9131,54.621
3275,7,460.95,65.31,528.41,266.4,0.8139,54.638
3275,14,194.92,34.77,264.62,256.64,0.7693,54.638
3275,18,365.91,36.33,407.48,172.14,0.7808,54.638
3275,19,26.87,152.16,155.72,402.24,0.914,54.638
3276,7,460.96,65.27,528.4,266.4,0.8139,54.655
3276,14,193.14,34.76,263.37,257.33,0.7444,54.655
3276,18,365.95,36.37,407.46,172.14,0.7812,54.655
3276,19,27.58,151.39,156.29,402.23,0.913,54.655
3277,7,460.98,65.27,528.39,266.39,0.8142,54.671
3277,14,191.04,34.25,260.69,252.87,0.7572,54.671
3277,18,365.99,36.38,407.44,172.14,0.7818,54.671
3277,19,28.43,151.02,156.64,401.78,0.9148,54.671
3278,7,460.98,65.1,528.42,266.38,0.814,54.688
3278,14,189.68,34.15,259.36,250.87,0.7629,54.688
3278,18,366.06,36.55,407.4,172.15,0.7756,54.688
3278,19,29.53,150.91,157.22,401.63,0.9155,54.688
3279,7,461.04,65.02,528.48,266.36,0.8153,54.705
3279,14,188.94,34.13,258.94,250.22,0.7353,54.705
3279,18,366.12,36.59,407.39,172.15,0.7796,54.705
3279,19,30.74,150.29,158.01,401.21,0.9102,54.705
3280,7,461.07,64.94,528.51,266.35,0.8152,54.721
3280,14,188.21,34.19,258.49,249.34,0.7177,54.721
3280,18,366.14,36.53,407.39,172.14,0.7791,54.721
3280,19,32.21,149.98,159.0,401.1,0.9073,54.721
3281,7,461.07,64.9,528.5,266.34,0.8167,54.738
3281,14,186.62,35.02,257.36,250.92,0.5958,54.738
3281,18,366.16,36.5,407.37,172.17,0.7808,54.738
3281,19,33.41,149.27,159.92,401.04,0.9037,54.738
3282,7,461.12,64.87,528.52,266.31,0.8155,54.755
3282,14,185.53,35.41,256.59,251.41,0.5799,54.755
3282,18,366.18,36.38,407.37,172.12,0.7811,54.755
3282,19,34.38,148.83,160.54,400.99,0.9078,54.755
3283,7,461.1,64.69,528.53,266.29,0.8172,54.771
3283,14,185.99,35.74,258.95,255.51,0.7125,54.771
3283,18,366.15,36.4,407.3,172.1,0.7799,54.771
3283,19,35.21,148.26,161.16,401.0,0.9059,54.771
3284,7,461.11,64.61,528.54,266.29,0.817,54.788
3284,14,183.85,35.84,258.32,256.98,0.5855,54.788
3284,18,366.14,36.41,407.27,172.1,0.7804,54.788
3284,19,35.94,147.52,161.68,400.92,0.9046,54.788
3285,7,461.12,64.56,528.54,266.28,0.8162,54.805
3285,14,182.54,35.68,258.13,257.27,0.6447,54.805
3285,18,366.14,36.4,407.26,172.09,0.7798,54.805
3285,19,36.85,146.97,162.34,401.07,0.9133,54.805
3286,7,461.16,64.49,528.58,266.29,0.8171,54.821
3286,14,180.89,35.72,257.66,257.76,0.6103,54.821
3286,18,366.15,36.5,407.24,172.11,0.7744,54.821
3286,19,37.55,146.66,162.62,401.0,0.9151,54.821
3287,7,461.2,64.35,528.68,266.3,0.8166,54.838
3287,14,180.41,35.59,258.19,257.83,0.5452,54.838
3287,18,366.11,36.56,407.18,172.13,0.7779,54.838
3287,19,38.26,146.24,162.92,400.83,0.9123,54.838
3288,7,461.21,64.31,528.7,266.3,0.8178,54.855
3288,14,178.91,35.83,256.01,251.7,0.4754,54.855
3288,18,366.1,36.58,407.16,172.14,0.7779,54.855
3288,19,39.56,145.83,163.82,400.98,0.9155,54.855
3289,7,461.23,64.39,528.7,266.3,0.8161,54.871
3289,14,176.76,35.9,256.28,255.3,0.6811,54.871
3289,18,366.11,36.68,407.14,172.13,0.7773,54.871
3289,19,40.86,144.89,164.75,400.92,0.9167,54.871
3290,7,461.24,64.46,528.69,266.3,0.8148,54.888
3290,14,174.91,35.91,256.0,256.43,0.6726,54.888
3290,18,366.1,36.69,407.12,172.13,0.7792,54.888
3290,19,41.94,144.22,165.45,400.86,0.9171,54.888
3291,7,461.24,64.43,528.7,266.3,0.8149,54.905
3291,14,173.8,35.99,256.07,256.71,0.7547,54.905
3291,18,366.08,36.67,407.11,172.18,0.7807,54.905
3291,19,43.33,143.67,166.51,400.79,0.9149,54.905
3292,7,461.24,64.48,528.69,266.31,0.8152,54.922
3292,14,172.99,36.11,256.08,255.84,0.7644,54.922
3292,18,366.08,36.66,407.11,172.2,0.7812,54.922
3292,19,44.3,142.61,167.44,400.66,0.9123,54.922
3293,7,461.24,64.53,528.67,266.31,0.8155,54.938
3293,14,172.3,36.16,256.34,255.64,0.8097,54.938
3293,18,366.09,36.74,407.1,172.22,0.7821,54.938
3293,19,45.36,142.04,168.24,400.64,0.9152,54.938
3294,7,461.22,64.53,528.66,266.31,0.8141,54.955
3294,14,171.59,36.07,256.35,254.89,0.811,54.955
3294,18,366.09,36.64,407.12,172.25,0.7831,54.955
3294,19,46.22,141.76,168.74,400.81,0.9182,54.955
3295,7,461.19,64.47,528.64,266.31,0.8136,54.972
3295,14,171.54,36.03,256.29,252.32,0.792,54.972
3295,18,366.13,36.63,407.13,172.29,0.7805,54.972
3295,19,47.01,141.63,169.26,401.39,0.9197,54.972
3296,7,461.19,64.44,528.64,266.3,0.8136,54.988
3296,14,171.29,36.0,256.44,250.77,0.8,54.988
3296,18,366.14,36.63,407.13,172.3,0.7813,54.988
3296,19,47.74,140.99,169.76,401.67,0.9186,54.988
3297,7,461.19,64.44,528.62,266.31,0.8133,55.005
3297,14,171.7,35.14,255.64,244.05,0.8169,55.005
3297,18,366.16,36.62,407.12,172.31,0.7813,55.005
3297,19,48.4,140.88,170.0,402.0,0.9157,55.005
3298,7,461.16,64.4,528.58,266.3,0.8131,55.022
3298,14,171.6,35.72,255.28,241.13,0.7823,55.022
3298,18,366.17,36.66,407.1,172.31,0.7793,55.022
3298,19,49.34,140.61,170.59,402.14,0.9173,55.022
3299,7,461.14,64.35,528.57,266.33,0.8145,55.038
3299,14,171.02,35.91,254.58,238.59,0.7718,55.038
3299,18,366.15,36.66,407.05,172.32,0.7792,55.038
3299,19,50.28,140.35,171.16,402.17,0.9099,55.038
3300,7,461.14,64.33,528.56,266.34,0.8144,55.055
3300,14,170.47,36.19,254.3,237.37,0.7905,55.055
3300,18,366.15,36.66,407.03,172.33,0.7796,55.055
3300,19,50.8,140.49,171.14,401.78,0.9016,55.055
3301,7,461.13,64.25,528.57,266.34,0.8157,55.072
3301,14,169.77,36.39,254.04,236.8,0.8159,55.072
3301,18,366.16,36.69,407.02,172.33,0.7795,55.072
3301,19,51.8,140.44,171.64,401.48,0.886,55.072
3302,7,461.12,64.22,528.55,266.36,0.815,55.088
3302,14,168.98,35.64,254.07,236.83,0.8168,55.088
3302,18,366.12,36.68,406.98,172.33,0.7801,55.088
3302,19,53.01,140.36,172.44,401.5,0.8804,55.088
3303,7,461.17,64.18,528.63,266.39,0.814,55.105
3303,14,168.57,36.31,253.82,236.7,0.8143,55.105
3303,18,366.05,36.73,406.91,172.36,0.7783,55.105
3303,19,53.88,139.68,173.35,401.48,0.8775,55.105
3304,7,461.26,64.19,528.73,266.42,0.8113,55.122
3304,14,168.21,36.63,253.68,236.44,0.7769,55.122
3304,18,365.94,36.77,406.83,172.36,0.7748,55.122
3304,19,54.19,139.18,173.49,401.4,0.8804,55.122
3305,7,461.36,64.37,528.8,266.56,0.8175,55.138
3305,14,167.72,36.86,253.53,236.67,0.8485,55.138
3305,18,365.96,36.95,406.83,172.54,0.7802,55.138
3305,19,54.56,138.05,173.85,401.26,0.8831,55.138
3306,7,461.41,64.47,528.82,266.6,0.8168,55.155
3306,14,167.41,37.0,253.48,236.7,0.8559,55.155
3306,18,365.96,37.04,406.8,172.59,0.7782,55.155
3306,19,55.3,137.68,174.27,401.08,0.8824,55.155
3307,7,461.43,64.51,528.82,266.62,0.8166,55.172
3307,14,167.17,37.06,253.47,236.68,0.8466,55.172
3307,18,365.97,37.07,406.78,172.6,0.7778,55.172
3307,19,55.77,136.76,174.76,401.23,0.8835,55.172
3308,7,461.44,64.53,528.81,266.62,0.8168,55.188
3308,14,167.1,36.47,253.75,236.43,0.8549,55.188
3308,18,365.97,37.09,406.77,172.6,0.778,55.188
3308,19,56.55,136.25,175.37,401.36,0.8849,55.188
3309,7,461.44,64.56,528.8,266.61,0.8166,55.205
3309,14,167.02,36.36,253.87,236.4,0.8295,55.205
3309,18,365.96,37.12,406.74,172.61,0.7762,55.205
3309,19,57.59,135.94,176.0,401.17,0.8879,55.205
3310,7,461.44,64.53,528.8,266.6,0.817,55.222
3310,14,166.81,36.52,253.74,236.41,0.8539,55.222
3310,18,365.93,37.12,406.7,172.61,0.7751,55.222
3310,19,58.39,135.59,176.71,401.58,0.8871,55.222
3311,7,461.44,64.53,528.79,266.6,0.8172,55.239
3311,14,166.68,36.58,253.71,236.49,0.8595,55.239
3311,18,365.92,37.12,406.68,172.61,0.7755,55.239
3311,19,58.84,135.33,176.83,401.4,0.8878,55.239
3312,7,461.44,64.53,528.78,266.59,0.8171,55.255
3312,14,166.47,36.82,253.44,236.48,0.8809,55.255
3312,18,365.92,37.13,406.67,172.61,0.7747,55.255
3312,19,59.42,134.57,177.65,402.07,0.8847,55.255
3313,7,461.44,64.5,528.78,266.59,0.8173,55.272
3313,14,166.4,37.0,253.32,236.48,0.8811,55.272
3313,18,365.9,37.16,406.63,172.61,0.7733,55.272
3313,19,59.85,134.18,177.87,402.25,0.889,55.272
3314,7,461.43,64.43,528.79,266.59,0.8167,55.289
3314,14,166.16,37.17,253.05,236.68,0.8882,55.289
3314,18,365.9,37.24,406.6,172.61,0.7728,55.289
3314,19,60.3,133.96,178.01,402.29,0.8884,55.289
3315,7,461.43,64.4,528.79,266.59,0.8167,55.305
3315,14,165.94,37.24,252.74,236.74,0.8865,55.305
3315,18,365.89,37.27,406.59,172.6,0.7729,55.305
3315,19,60.96,133.78,178.35,402.28,0.8886,55.305
3316,7,461.43,64.4,528.79,266.6,0.8166,55.322
3316,14,165.87,37.17,252.7,236.82,0.8867,55.322
3316,18,365.89,37.28,406.59,172.62,0.7729,55.322
3316,19,61.54,133.47,178.58,402.25,0.8925,55.322
3317,7,461.43,64.39,528.79,266.6,0.8156,55.339
3317,14,165.79,37.25,252.54,236.87,0.8928,55.339
3317,18,365.88,37.29,406.58,172.62,0.7735,55.339
3317,19,61.94,133.24,178.61,402.22,0.8923,55.339
3318,7,461.43,64.38,528.79,266.62,0.816,55.355
3318,14,165.65,37.24,252.35,237.02,0.8901,55.355
3318,18,365.94,37.3,406.63,172.65,0.7739,55.355
3318,19,62.45,133.42,178.79,402.28,0.8935,55.355
3319,7,461.43,64.37,528.78,266.62,0.8163,55.372
3319,14,165.59,37.27,252.18,237.09,0.8811,55.372
3319,18,365.96,37.31,406.66,172.66,0.7742,55.372
3319,19,63.02,133.42,179.12,402.31,0.892,55.372
3320,7,461.43,64.37,528.78,266.62,0.8162,55.389
3320,14,165.58,37.25,252.1,237.25,0.8745,55.389
3320,18,365.97,37.31,406.66,172.67,0.7748,55.389
3320,19,63.18,133.15,179.18,402.35,0.8926,55.389
3321,7,461.43,64.35,528.76,266.62,0.8162,55.405
3321,14,165.69,37.23,252.09,237.29,0.8708,55.405
3321,18,366.01,37.33,406.7,172.68,0.7774,55.405
3321,19,63.4,132.94,179.36,402.36,0.892,55.405
3322,7,461.4,64.33,528.72,266.62,0.8173,55.422
3322,14,165.78,37.04,252.21,237.45,0.8632,55.422
3322,18,366.0,37.45,406.68,172.67,0.7753,55.422
3322,19,63.9,132.63,179.83,402.32,0.8906,55.422
3323,7,461.4,64.31,528.71,266.62,0.8173,55.439
3323,14,165.81,36.98,252.1,237.38,0.8572,55.439
3323,18,365.99,37.49,406.68,172.66,0.7753,55.439
3323,19,63.95,132.46,179.84,402.3,0.8916,55.439
3324,7,461.4,64.3,528.69,266.61,0.8171,55.455
3324,14,165.82,37.04,251.91,237.3,0.8403,55.455
3324,18,365.98,37.51,406.69,172.66,0.7754,55.455
3324,19,64.49,132.21,180.29,402.39,0.8899,55.455
3325,7,461.39,64.29,528.65,266.61,0.8182,55.472
3325,14,165.96,36.98,251.93,237.29,0.8492,55.472
3325,18,365.92,37.55,406.64,172.65,0.772,55.472
3325,19,64.97,132.03,180.65,402.42,0.8901,55.472
3326,7,461.41,64.26,528.68,266.61,0.8186,55.489
3326,14,165.85,36.91,251.8,237.43,0.7549,55.489
3326,18,365.89,37.55,406.64,172.69,0.7722,55.489
3326,19,65.79,131.89,181.31,402.49,0.8907,55.489
3327,7,461.43,64.25,528.68,266.61,0.8186,55.505
3327,14,165.81,36.96,251.67,237.56,0.7418,55.505
3327,18,365.88,37.55,406.65,172.71,0.7717,55.505
3327,19,66.17,131.86,181.45,402.48,0.8915,55.505
3328,7,461.44,64.22,528.69,266.61,0.8178,55.522
3328,14,165.99,36.58,252.05,237.99,0.6695,55.522
3328,18,365.87,37.55,406.67,172.73,0.772,55.522
3328,19,66.47,131.67,181.51,402.52,0.893,55.522
3329,7,461.46,64.22,528.71,266.62,0.8175,55.539
3329,14,166.11,36.48,252.15,238.23,0.6751,55.539
3329,18,365.86,37.5,406.68,172.74,0.7717,55.539
3329,19,66.8,132.01,181.3,402.13,0.8924,55.539
3330,7,461.46,64.18,528.71,266.63,0.8168,55.556
3330,14,166.26,36.94,251.8,237.72,0.7956,55.556
3330,18,365.81,37.51,406.64,172.75,0.7688,55.556
3330,19,66.82,131.87,181.03,401.73,0.8926,55.556
3331,7,461.46,64.16,528.71,266.64,0.8168,55.572
3331,14,166.32,37.09,251.62,237.46,0.8186,55.572
3331,18,365.79,37.51,406.62,172.75,0.7696,55.572
3331,19,66.85,131.87,180.87,401.64,0.8932,55.572
3332,7,461.47,64.12,528.72,266.65,0.8165,55.589
3332,14,166.35,37.15,251.5,237.32,0.8188,55.589
3332,18,365.78,37.51,406.61,172.75,0.7689,55.589
3332,19,67.05,131.85,180.82,401.47,0.8927,55.589
3333,7,461.46,64.15,528.68,266.65,0.8169,55.606
3333,14,166.5,37.32,251.45,237.1,0.843,55.606
3333,18,365.74,37.52,406.57,172.74,0.7693,55.606
3333,19,67.22,131.64,180.92,401.64,0.8931,55.606
3334,7,461.48,64.2,528.69,266.65,0.8165,55.622
3334,14,166.58,37.45,251.45,237.03,0.8505,55.622
3334,18,365.71,37.42,406.57,172.77,0.7703,55.622
3334,19,67.38,131.29,181.06,401.84,0.8911,55.622
3335,7,461.49,64.22,528.69,266.66,0.8166,55.639
3335,14,166.61,37.51,251.43,237.01,0.8616,55.639
3335,18,365.71,37.38,406.57,172.79,0.7708,55.639
3335,19,67.55,131.13,181.07,401.81,0.8906,55.639
3336,7,461.5,64.21,528.69,266.66,0.8169,55.656
3336,14,166.6,37.57,251.38,236.97,0.858,55.656
3336,18,365.71,37.37,406.56,172.8,0.7704,55.656
3336,19,67.82,131.05,181.0,401.36,0.8908,55.656
3337,7,461.6,64.2,528.84,266.67,0.8135,55.672
3337,14,166.72,37.73,251.44,236.99,0.854,55.672
3337,18,365.68,37.29,406.55,172.8,0.7714,55.672
3337,19,67.97,130.98,181.1,401.75,0.8924,55.672
3338,7,461.55,64.2,528.79,266.68,0.8138,55.689
3338,14,166.86,37.82,251.48,236.89,0.862,55.689
3338,18,365.62,37.28,406.48,172.8,0.7683,55.689
3338,19,68.14,130.81,181.19,401.9,0.8931,55.689
3339,7,461.53,64.2,528.78,266.69,0.8138,55.706
3339,14,166.83,37.78,251.4,236.74,0.8717,55.706
3339,18,365.6,37.28,406.45,172.8,0.7679,55.706
3339,19,68.56,130.48,181.41,401.76,0.8925,55.706
3340,7,461.53,64.2,528.77,266.69,0.814,55.722
3340,14,166.83,37.7,251.43,236.64,0.8846,55.722
3340,18,365.59,37.28,406.44,172.8,0.769,55.722
3340,19,68.88,130.31,181.46,401.55,0.8942,55.722
3341,7,461.5,64.21,528.75,266.7,0.8118,55.739
3341,14,166.87,37.61,251.38,236.41,0.8818,55.739
3341,18,365.56,37.27,406.38,172.76,0.7691,55.739
3341,19,68.92,130.55,181.07,401.13,0.8968,55.739
3342,7,461.5,64.22,528.75,266.71,0.8104,55.756
3342,14,166.89,37.54,251.34,236.19,0.8856,55.756
3342,18,365.48,37.27,406.32,172.76,0.7681,55.756
3342,19,68.89,130.58,180.83,400.98,0.8991,55.756
3343,7,461.5,64.23,528.75,266.71,0.8104,55.772
3343,14,166.92,37.5,251.31,236.01,0.8872,55.772
3343,18,365.46,37.28,406.31,172.77,0.7685,55.772
3343,19,68.86,130.55,180.66,401.02,0.8993,55.772
3344,7,461.5,64.22,528.75,266.71,0.8101,55.789
3344,14,166.95,37.43,251.33,235.96,0.8874,55.789
3344,18,365.44,37.27,406.3,172.76,0.7687,55.789
3344,19,68.8,130.41,180.48,400.84,0.9,55.789
3345,7,461.51,64.2,528.76,266.71,0.8088,55.806
3345,14,167.04,37.37,251.39,235.79,0.8876,55.806
3345,18,365.35,37.26,406.24,172.75,0.7668,55.806
3345,19,68.68,130.33,180.18,400.66,0.9003,55.806
3346,7,461.51,64.19,528.76,266.69,0.8104,55.822
3346,14,167.14,37.2,251.48,235.6,0.8887,55.822
3346,18,365.26,37.2,406.19,172.71,0.7663,55.822
3346,19,68.63,130.19,179.91,400.35,0.8992,55.822
3347,7,461.52,64.18,528.76,266.69,0.8106,55.839
3347,14,167.13,37.1,251.48,235.51,0.8864,55.839
3347,18,365.22,37.18,406.19,172.69,0.767,55.839
3347,19,68.62,130.08,179.68,399.91,0.8977,55.839
3348,7,461.52,64.18,528.76,266.68,0.8106,55.856
3348,14,167.21,36.98,251.56,235.49,0.8877,55.856
3348,18,365.2,37.17,406.19,172.69,0.7666,55.856
3348,19,68.76,129.99,179.52,399.27,0.8976,55.856
3349,7,461.56,64.07,528.82,266.65,0.8108,55.872
3349,14,167.27,36.97,251.55,235.44,0.8882,55.872
3349,18,365.2,37.14,406.22,172.66,0.7651,55.872
3349,19,69.11,129.69,179.67,398.91,0.8891,55.872
3350,7,461.57,64.06,528.85,266.69,0.8105,55.889
3350,14,167.27,36.92,251.51,235.53,0.892,55.889
3350,18,365.16,37.11,406.21,172.64,0.7634,55.889
3350,19,69.64,129.54,179.41,397.05,0.8884,55.889
3351,7,461.58,64.05,528.87,266.7,0.8105,55.906
3351,14,167.38,36.92,251.49,235.48,0.8906,55.906
3351,18,365.13,37.11,406.22,172.63,0.7631,55.906
3351,19,69.83,129.45,179.1,395.79,0.8853,55.906
3352,7,461.58,64.07,528.87,266.71,0.8105,55.923
3352,14,167.43,37.01,251.33,235.44,0.8894,55.923
3352,18,365.12,37.11,406.24,172.63,0.7626,55.923
3352,19,70.07,129.32,178.93,394.8,0.8818,55.923
3353,7,461.61,64.12,528.9,266.71,0.809,55.939
3353,14,167.31,37.04,251.14,235.58,0.8909,55.939
3353,18,365.08,37.14,406.22,172.62,0.7621,55.939
3353,19,70.26,129.35,178.63,393.67,0.8812,55.939
3354,7,461.62,64.17,528.92,266.71,0.8089,55.956
3354,14,167.22,37.03,250.97,235.63,0.8915,55.956
3354,18,365.06,37.18,406.23,172.63,0.7637,55.956
3354,19,70.38,129.31,177.88,391.46,0.8798,55.956
3355,7,461.61,64.19,528.91,266.71,0.8087,55.973
3355,14,167.34,36.88,251.05,235.78,0.8913,55.973
3355,18,365.05,37.2,406.24,172.64,0.7637,55.973
3355,19,70.56,129.31,177.75,390.53,0.878,55.973
3356,7,461.59,64.12,528.93,266.7,0.8106,55.989
3356,14,167.46,36.82,251.09,235.93,0.8911,55.989
3356,18,365.03,37.2,406.25,172.65,0.7648,55.989
3356,19,71.07,129.22,178.14,389.64,0.8757,55.989
3357,7,461.56,64.02,528.93,266.7,0.8103,56.006
3357,14,167.42,36.83,250.98,236.15,0.8907,56.006
3357,18,365.02,37.22,406.26,172.67,0.7656,56.006
3357,19,71.07,129.22,177.94,388.76,0.8756,56.006
3358,7,461.59,63.94,528.98,266.68,0.8121,56.023
3358,14,167.39,36.72,250.88,236.21,0.8912,56.023
3358,18,365.0,37.2,406.28,172.68,0.7668,56.023
3358,19,70.66,129.14,177.47,388.41,0.8772,56.023
3359,7,461.61,63.91,529.0,266.68,0.8126,56.039
3359,14,167.15,36.41,250.79,236.68,0.8895,56.039
3359,18,364.99,37.2,406.29,172.68,0.7676,56.039
3359,19,70.45,128.84,177.45,388.23,0.8744,56.039
3360,7,461.6,63.93,528.99,266.67,0.8126,56.056
3360,14,167.37,36.24,250.84,236.8,0.883,56.056
3360,18,364.98,37.2,406.3,172.69,0.7672,56.056
3360,19,70.05,128.6,177.45,388.76,0.8698,56.056
3361,7,461.68,63.92,529.07,266.66,0.8131,56.073
3361,14,167.79,36.14,251.04,237.09,0.8831,56.073
3361,18,364.95,37.15,406.29,172.68,0.7669,56.073
3361,19,69.78,128.36,177.29,388.75,0.8727,56.073
3362,7,461.75,63.93,529.15,266.65,0.8127,56.089
3362,14,170.93,35.92,253.17,237.03,0.8752,56.089
3362,18,364.91,37.09,406.27,172.67,0.7675,56.089
3362,19,69.58,128.17,176.8,387.96,0.8683,56.089
3363,7,461.8,63.95,529.21,266.64,0.8121,56.106
3363,14,173.66,35.8,254.56,236.96,0.8758,56.106
3363,18,364.88,37.06,406.27,172.66,0.7673,56.106
3363,19,69.4,127.85,176.49,387.42,0.8676,56.106
3364,7,461.99,63.86,529.38,266.52,0.8183,56.123
3364,14,174.83,35.88,254.44,236.93,0.8796,56.123
3364,18,364.79,36.98,406.17,172.43,0.7858,56.123
3364,19,69.81,127.53,176.46,385.61,0.8731,56.123
3365,7,462.06,63.77,529.49,266.56,0.8174,56.139
3365,14,175.83,35.96,254.2,237.04,0.8746,56.139
3365,18,364.76,36.83,406.17,172.34,0.7841,56.139
3365,19,69.16,127.37,175.58,384.97,0.8763,56.139
3366,7,462.09,63.74,529.53,266.58,0.8177,56.156
3366,14,176.37,35.97,253.67,237.15,0.878,56.156
3366,18,364.74,36.77,406.18,172.3,0.7843,56.156
3366,19,68.86,127.15,175.34,384.92,0.8794,56.156
3367,7,462.11,63.73,529.55,266.59,0.8173,56.173
3367,14,176.85,36.04,253.14,237.26,0.8767,56.173
3367,18,364.73,36.75,406.19,172.3,0.7837,56.173
3367,19,69.04,127.01,175.56,384.64,0.8791,56.173
3368,7,462.13,63.73,529.56,266.59,0.8165,56.189
3368,14,177.3,36.03,252.65,237.39,0.878,56.189
3368,18,364.68,36.68,406.17,172.29,0.7823,56.189
3368,19,68.4,126.7,174.84,384.43,0.8876,56.189
3369,7,462.12,63.74,529.54,266.59,0.8178,56.206
3369,14,177.63,36.01,252.14,237.5,0.8697,56.206
3369,18,364.59,36.61,406.13,172.28,0.784,56.206
3369,19,68.04,126.09,174.72,384.62,0.8839,56.206
3370,7,462.11,63.75,529.53,266.59,0.8181,56.223
3370,14,177.97,36.05,251.64,237.48,0.859,56.223
3370,18,364.55,36.59,406.13,172.28,0.7836,56.223
3370,19,67.45,125.78,174.25,384.71,0.8811,56.223
3371,7,462.11,63.75,529.53,266.59,0.8179,56.24
3371,14,178.59,36.09,251.39,237.36,0.8415,56.24
3371,18,364.53,36.58,406.14,172.28,0.7836,56.24
3371,19,66.87,125.46,173.6,384.59,0.8892,56.24
3372,7,462.1,63.78,529.51,266.58,0.8184,56.256
3372,14,179.05,36.1,251.14,237.44,0.837,56.256
3372,18,364.4,36.52,406.07,172.28,0.7848,56.256
3372,19,66.59,125.25,173.36,384.88,0.8865,56.256
3373,7,462.09,63.79,529.49,266.58,0.8185,56.273
3373,14,179.04,36.09,250.52,237.55,0.8244,56.273
3373,18,364.31,36.38,406.06,172.27,0.7877,56.273
3373,19,66.59,124.97,173.24,384.6,0.8823,56.273
3374,7,462.09,63.79,529.48,266.58,0.8186,56.29
3374,14,179.32,36.1,250.23,237.6,0.8304,56.29
3374,18,364.26,36.32,406.07,172.27,0.7882,56.29
3374,19,66.37,124.52,172.97,384.44,0.8856,56.29
3375,7,462.09,63.8,529.47,266.58,0.8187,56.306
3375,14,179.46,36.17,249.78,237.53,0.8068,56.306
3375,18,364.24,36.3,406.09,172.27,0.7883,56.306
3375,19,66.26,124.24,172.84,384.41,0.884,56.306
3376,7,462.09,63.8,529.46,266.59,0.8176,56.323
3376,14,179.53,36.27,249.33,237.5,0.7742,56.323
3376,18,364.37,36.22,406.23,172.25,0.7879,56.323
3376,19,66.02,124.06,172.54,384.52,0.8865,56.323
3377,7,462.09,63.81,529.45,266.6,0.8177,56.34
3377,14,179.11,36.38,248.78,238.92,0.7297,56.34
3377,18,364.59,36.15,406.39,172.2,0.7864,56.34
3377,19,65.6,123.43,172.35,385.09,0.8863,56.34
3378,7,462.09,63.82,529.44,266.6,0.8177,56.356
3378,14,178.99,36.33,248.31,239.41,0.7224,56.356
3378,18,364.69,36.13,406.43,172.17,0.7861,56.356
3378,19,65.47,123.15,172.2,385.38,0.8893,56.356
3379,7,462.09,63.82,529.44,266.6,0.8178,56.373
3379,14,178.94,36.61,247.61,239.35,0.7149,56.373
3379,18,364.71,36.06,406.42,172.17,0.7876,56.373
3379,19,65.18,122.69,172.15,386.24,0.8909,56.373
3380,7,462.1,63.85,529.44,266.62,0.8173,56.39
3380,14,178.74,39.38,246.12,239.51,0.7124,56.39
3380,18,364.64,36.03,406.34,172.17,0.7876,56.39
3380,19,64.97,122.43,172.01,387.0,0.893,56.39
3381,7,462.13,63.92,529.43,266.64,0.8166,56.406
3381,14,178.93,43.78,244.57,239.65,0.7229,56.406
3381,18,364.7,35.95,406.37,172.22,0.787,56.406
3381,19,64.95,122.25,171.69,386.75,0.8942,56.406
3382,7,462.14,63.95,529.41,266.64,0.8167,56.423
3382,14,178.77,43.22,244.23,239.64,0.7224,56.423
3382,18,364.69,35.93,406.31,172.23,0.7881,56.423
3382,19,64.89,122.2,171.56,387.09,0.8945,56.423
3382,20,187.99,36.95,247.09,162.09,0.4594,56.423
3383,7,462.16,63.96,529.42,266.65,0.8157,56.44
3383,14,178.1,41.23,243.69,239.75,0.7154,56.44
3383,18,364.64,35.9,406.25,172.23,0.7901,56.44
3383,19,64.84,122.19,171.42,387.38,0.8955,56.44
3383,20,188.15,36.95,247.26,162.15,0.4478,56.44
3384,7,462.17,64.03,529.36,266.64,0.8146,56.456
3384,14,178.0,40.97,243.19,239.77,0.7325,56.456
3384,18,364.68,35.86,406.25,172.2,0.793,56.456
3384,19,64.8,122.21,171.24,387.46,0.8969,56.456
3384,20,188.29,36.99,247.47,162.36,0.4927,56.456
3385,7,462.25,64.07,529.43,266.66,0.8108,56.473
3385,14,178.41,44.15,242.24,239.75,0.7467,56.473
3385,18,364.78,35.72,406.28,172.13,0.7954,56.473
3385,19,64.72,122.08,171.03,387.38,0.8981,56.473
3385,20,188.48,37.06,247.99,163.23,0.4965,56.473
3386,7,462.29,64.09,529.45,266.67,0.8106,56.49
3386,14,178.35,43.25,242.09,239.7,0.742,56.49
3386,18,364.8,35.66,406.22,172.09,0.7955,56.49
3386,19,64.69,121.88,171.02,387.63,0.8984,56.49
3386,20,188.46,37.09,248.1,163.68,0.4813,56.49
3387,7,462.32,64.08,529.48,266.67,0.8107,56.506
3387,14,178.87,45.81,241.59,239.72,0.7538,56.506
3387,18,364.89,35.64,406.21,172.08,0.7942,56.506
3387,19,64.8,121.83,171.12,387.81,0.898,56.506
3387,20,188.54,37.1,248.22,163.96,0.5078,56.506
3388,7,462.41,64.18,529.56,266.7,0.8054,56.523
3388,14,179.06,46.73,241.23,239.63,0.7578,56.523
3388,18,364.9,35.54,406.1,172.1,0.7898,56.523
3388,19,64.73,121.69,171.23,388.41,0.9005,56.523
3388,20,188.79,37.15,248.43,164.19,0.4983,56.523
3389,7,462.44,64.31,529.55,266.7,0.8044,56.54
3389,14,178.61,42.29,241.84,239.52,0.7559,56.54
3389,18,365.16,35.31,406.23,172.12,0.8002,56.54
3389,19,64.5,121.39,171.39,389.41,0.8996,56.54
3389,20,189.22,37.24,248.36,163.43,0.4844,56.54
3390,7,462.44,64.36,529.54,266.7,0.8045,56.556
3390,14,178.38,39.69,242.09,239.45,0.7519,56.556
3390,18,365.38,35.24,406.3,172.15,0.8031,56.556
3390,19,64.45,121.28,171.44,389.8,0.8993,56.556
3390,20,189.38,37.26,248.25,163.07,0.4831,56.556
3391,7,462.45,64.39,529.54,266.71,0.8049,56.573
3391,14,177.62,33.65,242.45,238.24,0.7463,56.573
3391,18,365.65,35.25,406.33,172.08,0.8106,56.573
3391,19,64.26,121.11,171.49,390.54,0.8993,56.573
3391,20,189.48,37.33,248.15,162.94,0.4415,56.573
3392,7,462.44,64.41,529.5,266.69,0.8028,56.59
3392,14,177.5,30.82,242.74,237.74,0.7465,56.59
3392,18,365.8,35.18,406.33,172.09,0.8131,56.59
3392,19,64.29,121.02,171.56,390.71,0.9005,56.59
3392,20,189.73,37.32,248.04,162.38,0.4679,56.59
3393,7,462.37,64.46,529.38,266.68,0.8034,56.607
3393,14,178.24,34.77,242.35,238.8,0.7488,56.607
3393,18,365.78,35.12,406.15,171.87,0.8131,56.607
3393,19,64.45,120.76,171.63,390.44,0.8996,56.607
3393,20,189.84,37.41,247.79,161.84,0.4627,56.607
3394,7,462.41,64.5,529.35,266.65,0.8044,56.623
3394,14,178.57,36.33,242.12,239.17,0.7478,56.623
3394,18,365.81,35.1,406.07,171.79,0.8141,56.623
3394,19,64.49,120.67,171.75,390.71,0.8981,56.623
3394,20,189.87,37.44,247.69,161.72,0.4602,56.623
3395,7,462.44,64.53,529.33,266.63,0.8035,56.64
3395,14,178.69,37.09,241.88,239.38,0.7461,56.64
3395,18,365.8,35.08,405.99,171.79,0.8153,56.64
3395,19,64.58,120.7,172.0,391.39,0.8993,56.64
3395,20,189.93,37.47,247.69,161.79,0.4422,56.64
3396,7,462.37,64.66,529.16,266.59,0.8058,56.657
3396,14,178.1,32.76,242.02,238.33,0.7523,56.657
3396,18,365.7,35.13,405.81,171.64,0.8156,56.657
3396,19,64.76,120.55,172.02,391.06,0.8989,56.657
3396,20,189.98,37.56,247.68,161.9,0.4353,56.657
3397,7,462.47,64.8,529.18,266.64,0.8082,56.673
3397,14,177.94,31.03,242.0,237.84,0.7513,56.673
3397,18,365.38,35.06,405.53,171.67,0.8173,56.673
3397,19,64.75,120.38,172.27,391.97,0.8974,56.673
3397,20,190.11,37.6,247.54,161.42,0.4407,56.673
3398,7,462.51,64.9,529.16,266.66,0.8068,56.69
3398,14,177.87,30.34,241.81,237.61,0.7534,56.69
3398,18,365.26,35.03,405.43,171.68,0.8174,56.69
3398,19,64.94,120.31,172.46,392.22,0.899,56.69
3398,20,190.15,37.62,247.49,161.35,0.4405,56.69
3399,7,462.55,65.06,529.09,266.67,0.8072,56.707
3399,14,177.94,30.11,241.69,237.52,0.7574,56.707
3399,18,365.08,35.02,405.31,171.69,0.8191,56.707
3399,19,65.4,120.36,172.56,391.55,0.8994,56.707
3399,20,190.11,37.62,247.44,161.38,0.43,56.707
3400,7,462.62,65.18,529.11,266.69,0.8108,56.723
3400,14,177.91,29.92,241.48,237.53,0.7568,56.723
3400,18,365.01,34.99,405.28,171.64,0.8213,56.723
3400,19,65.64,120.17,172.76,391.34,0.899,56.723
3400,20,190.06,37.62,247.34,161.35,0.4433,56.723
3401,7,462.66,65.25,529.14,266.8,0.8123,56.74
3401,14,178.08,30.48,241.29,237.49,0.762,56.74
3401,18,365.0,34.97,405.3,171.47,0.8316,56.74
3401,19,66.04,119.96,173.05,390.63,0.9004,56.74
3401,20,189.87,37.61,247.35,161.87,0.4389,56.74
3402,7,462.68,65.32,529.15,266.82,0.8129,56.757
3402,14,178.24,30.88,241.17,237.53,0.7642,56.757
3402,18,364.98,34.97,405.32,171.41,0.8315,56.757
3402,19,66.38,119.83,173.38,390.21,0.9004,56.757
3402,20,189.79,37.61,247.35,162.12,0.4432,56.757
3403,7,462.65,65.29,529.11,266.86,0.8114,56.773
3403,14,178.3,31.0,241.04,237.57,0.7663,56.773
3403,18,364.92,34.99,405.32,171.38,0.8334,56.773
3403,19,66.86,119.72,173.7,389.16,0.9005,56.773
3403,20,189.77,37.62,247.38,162.32,0.4413,56.773
3404,7,462.63,65.27,529.08,266.86,0.8118,56.79
3404,14,179.12,35.64,240.77,238.75,0.7706,56.79
3404,18,364.95,35.03,405.36,171.16,0.8405,56.79
3404,19,67.48,119.48,174.4,388.46,0.9007,56.79
3404,20,189.69,37.61,247.49,162.88,0.454,56.79
3405,7,462.62,65.16,529.03,266.82,0.8083,56.807
3405,14,179.4,37.48,240.58,239.27,0.7777,56.807
3405,18,365.01,34.97,405.47,170.94,0.8417,56.807
3405,19,68.12,119.29,175.21,387.85,0.8991,56.807
3405,20,189.74,37.63,247.5,162.91,0.4372,56.807
3406,7,462.66,65.31,528.95,266.8,0.809,56.823
3406,14,179.54,38.28,240.47,239.48,0.7778,56.823
3406,18,365.02,34.94,405.51,170.69,0.8421,56.823
3406,19,68.47,119.13,175.89,387.65,0.8979,56.823
3406,20,189.79,37.64,247.5,162.97,0.4377,56.823
3407,7,462.68,65.46,528.86,266.77,0.8115,56.84
3407,14,179.64,38.82,240.39,239.58,0.775,56.84
3407,18,365.01,34.93,405.55,170.55,0.8411,56.84
3407,19,68.67,118.92,176.63,387.91,0.8994,56.84
3407,20,190.11,37.58,249.11,166.68,0.439,56.84
3408,7,462.73,65.6,528.76,266.72,0.8067,56.857
3408,14,179.77,38.96,240.42,239.53,0.7724,56.857
3408,18,365.13,34.95,405.58,170.05,0.8383,56.857
3408,19,68.78,118.59,177.13,387.71,0.9,56.857
3408,20,190.36,37.59,249.42,167.63,0.4158,56.857
3409,7,462.65,65.88,528.49,266.67,0.8063,56.873
3409,14,179.92,39.09,240.47,239.47,0.77,56.873
3409,18,365.18,34.96,405.61,169.69,0.8356,56.873
3409,19,68.89,118.29,177.64,387.71,0.8984,56.873
3409,20,190.66,37.6,249.45,167.76,0.4084,56.873
3410,7,462.66,66.17,528.31,266.65,0.8045,56.89
3410,14,180.02,39.27,240.49,239.53,0.7714,56.89
3410,18,365.17,34.96,405.64,169.53,0.835,56.89
3410,19,69.04,118.19,177.98,387.33,0.897,56.89
3410,20,190.43,37.65,247.74,164.3,0.4083,56.89
3411,7,462.63,66.49,528.12,266.65,0.805,56.907
3411,14,180.09,39.37,240.51,239.56,0.7728,56.907
3411,18,365.15,34.96,405.66,169.42,0.8341,56.907
3411,19,69.33,118.14,178.43,387.07,0.8987,56.907
3411,20,190.61,37.62,248.8,166.92,0.4087,56.907
3412,7,462.59,66.71,527.96,266.65,0.7987,56.924
3412,14,180.37,39.73,240.75,239.64,0.7615,56.924
3412,18,365.14,34.89,405.76,169.39,0.832,56.924
3412,19,69.64,118.14,178.75,386.43,0.8963,56.924
3412,20,191.35,37.61,248.67,165.27,0.4079,56.924
3413,7,462.5,66.85,527.76,266.58,0.7894,56.94
3413,14,179.89,35.44,241.11,238.06,0.7745,56.94
3413,18,365.18,34.73,406.16,170.4,0.8357,56.94
3413,19,69.85,118.18,178.95,385.7,0.8967,56.94
3413,20,191.81,37.69,248.55,164.34,0.394,56.94
3414,7,462.48,67.03,527.64,266.56,0.7912,56.957
3414,14,179.78,34.42,241.18,237.51,0.7731,56.957
3414,18,365.2,34.67,406.29,170.6,0.8371,56.957
3414,19,70.09,118.22,179.4,385.66,0.8969,56.957
3414,20,192.02,37.72,248.47,163.98,0.395,56.957
3415,7,462.38,67.34,527.37,266.56,0.7869,56.974
3415,14,179.59,32.83,241.41,237.33,0.7808,56.974
3415,18,365.18,34.6,406.36,170.78,0.8371,56.974
3415,19,70.3,118.05,179.91,385.77,0.9005,56.974
3415,20,192.11,37.76,248.39,163.88,0.3939,56.974
3416,7,462.38,67.37,527.32,266.53,0.7907,56.99
3416,14,179.75,33.66,241.35,237.28,0.773,56.99
3416,18,365.18,34.49,406.3,170.27,0.8367,56.99
3416,19,70.4,117.82,180.21,385.68,0.899,56.99
3416,20,192.19,37.79,248.13,163.2,0.3954,56.99
3417,7,462.31,67.36,527.3,266.62,0.7951,57.007
3417,14,179.62,32.75,241.48,237.28,0.7724,57.007
3417,18,365.2,34.38,406.32,169.95,0.8424,57.007
3417,19,71.06,117.73,180.5,384.24,0.9,57.007
3417,20,192.14,37.83,248.02,163.12,0.3753,57.007
3418,7,462.3,67.39,527.32,266.71,0.7927,57.024
3418,14,179.57,32.12,241.58,237.27,0.7711,57.024
3418,18,365.25,34.34,406.26,169.27,0.8423,57.024
3418,19,71.66,117.43,181.0,383.45,0.9026,57.024
3418,20,192.1,37.85,247.97,163.16,0.3724,57.024
3419,7,462.08,67.42,527.24,266.74,0.8018,57.04
3419,14,179.48,31.51,241.66,237.37,0.7708,57.04
3419,18,365.3,34.3,406.21,168.67,0.8455,57.04
3419,19,72.12,117.14,181.58,383.28,0.9002,57.04
3419,20,192.09,37.85,247.95,163.15,0.3727,57.04
3420,7,462.06,67.46,527.41,266.79,0.8003,57.057
3420,14,179.54,31.06,241.8,237.39,0.7696,57.057
3420,18,365.48,34.19,406.38,168.38,0.8499,57.057
3420,19,72.52,116.76,181.98,382.9,0.8991,57.057
3420,20,192.3,37.85,247.86,162.48,0.359,57.057
3421,7,462.07,67.51,527.62,266.83,0.8045,57.074
3421,14,179.56,30.5,241.93,237.38,0.7692,57.074
3421,18,365.67,34.08,406.52,168.06,0.853,57.074
3421,19,72.81,116.4,182.22,382.49,0.8949,57.074
3421,20,192.4,37.82,247.85,162.26,0.3511,57.074
3422,7,462.11,67.55,527.89,266.92,0.8043,57.09
3422,14,179.58,30.11,242.0,237.39,0.7677,57.09
3422,18,365.83,33.93,406.64,167.79,0.8574,57.09
3422,19,73.01,115.92,182.46,382.32,0.8947,57.09
3422,20,192.51,37.88,247.96,162.46,0.3546,57.09
3423,7,461.9,67.98,527.94,266.95,0.7989,57.107
3423,14,179.57,29.13,242.32,237.7,0.754,57.107
3423,18,365.93,33.49,406.81,167.8,0.8624,57.107
3423,19,73.46,115.48,182.87,381.98,0.8956,57.107
3424,7,461.7,68.18,528.01,267.02,0.7937,57.124
3424,14,179.49,28.71,242.31,237.72,0.754,57.124
3424,18,365.95,33.1,406.88,167.73,0.8585,57.124
3424,19,73.88,115.21,183.22,381.98,0.8923,57.124
3425,7,461.67,68.32,528.34,267.03,0.7995,57.14
3425,14,179.62,28.73,242.4,237.79,0.742,57.14
3425,18,366.1,32.95,407.0,167.74,0.8608,57.14
3425,19,74.54,115.15,183.57,381.86,0.8923,57.14
3426,7,461.26,68.47,528.32,267.27,0.8001,57.157
3426,14,179.69,29.0,242.29,237.79,0.7407,57.157
3426,18,366.21,32.89,407.05,167.74,0.8627,57.157
3426,19,75.41,115.05,183.9,381.22,0.891,57.157
3427,7,460.66,68.58,528.09,267.42,0.8029,57.174
3427,14,180.09,29.01,242.68,237.8,0.7314,57.174
3427,18,366.45,32.79,407.19,167.65,0.8624,57.174
3427,19,76.0,115.06,184.2,381.33,0.8931,57.174
3428,7,459.7,68.61,527.61,267.63,0.8013,57.19
3428,14,179.92,28.94,242.54,237.79,0.7046,57.19
3428,18,366.76,32.74,407.38,167.52,0.8608,57.19
3428,19,76.58,114.95,184.44,381.02,0.895,57.19
3429,7,458.69,68.56,527.11,267.45,0.8007,57.207
3429,14,179.96,28.84,242.61,237.75,0.7039,57.207
3429,18,366.94,32.67,407.47,167.48,0.8599,57.207
3429,19,77.4,114.24,184.96,380.17,0.892,57.207
3430,7,457.42,68.84,526.24,267.2,0.8088,57.224
3430,14,179.98,28.67,242.61,237.77,0.6949,57.224
3430,18,367.02,32.62,407.47,167.47,0.8607,57.224
3430,19,78.45,113.81,185.73,379.65,0.8904,57.224
3431,7,456.44,68.76,525.83,267.13,0.806,57.241
3431,14,182.83,34.8,243.65,236.64,0.7304,57.241
3431,18,367.45,32.58,407.73,167.4,0.8544,57.241
3431,19,79.22,113.47,186.21,379.36,0.8902,57.241
3432,7,455.37,70.97,524.57,267.15,0.821,57.257
3432,14,183.89,37.07,244.23,236.17,0.7561,57.257
3432,18,367.78,32.41,407.89,167.25,0.8443,57.257
3432,19,80.21,113.16,186.67,378.37,0.8913,57.257
3433,7,454.68,71.42,524.3,267.24,0.8383,57.274
3433,14,184.12,37.86,244.56,236.04,0.7737,57.274
3433,18,367.93,32.28,407.91,167.22,0.8432,57.274
3433,19,80.63,112.45,187.02,378.33,0.8954,57.274
3434,7,453.41,71.33,523.75,267.23,0.851,57.291
3434,14,184.27,38.12,244.97,236.1,0.7912,57.291
3434,18,368.11,32.12,407.96,167.19,0.8405,57.291
3434,19,81.14,112.05,187.26,378.13,0.9003,57.291
3435,7,451.81,71.33,523.07,267.12,0.8484,57.307
3435,14,184.43,38.15,245.51,236.3,0.8187,57.307
3435,18,368.39,32.09,408.05,167.13,0.8456,57.307
3435,19,81.68,111.94,187.09,377.07,0.9032,57.307
3436,7,450.17,71.5,522.28,266.93,0.8524,57.324
3436,14,184.33,37.97,245.82,236.42,0.8354,57.324
3436,18,368.71,31.91,408.18,166.94,0.8398,57.324
3436,19,82.11,111.83,186.99,376.44,0.9037,57.324
3437,7,449.05,71.58,522.06,266.68,0.8502,57.341
3437,14,183.95,37.89,245.77,236.46,0.8333,57.341
3437,18,368.82,31.8,408.02,166.43,0.8409,57.341
3437,19,83.05,111.64,187.49,375.9,0.9088,57.341
3438,7,447.94,71.77,521.83,266.4,0.8504,57.357
3438,14,183.86,37.87,246.02,236.55,0.8417,57.357
3438,18,368.94,31.74,407.92,166.18,0.842,57.357
3438,19,83.91,111.45,187.88,375.41,0.9082,57.357
3439,7,446.93,71.92,521.74,266.36,0.8495,57.374
3439,14,184.36,37.85,246.56,236.37,0.8464,57.374
3439,18,369.17,31.47,408.03,166.06,0.8467,57.374
3439,19,84.8,111.29,188.46,375.41,0.9105,57.374
3440,7,446.36,71.84,522.11,266.4,0.8679,57.391
3440,14,184.86,37.74,247.11,236.32,0.8587,57.391
3440,18,369.66,31.32,408.29,165.83,0.8458,57.391
3440,19,85.75,111.21,188.88,374.9,0.9112,57.391
3441,7,445.81,71.41,522.46,266.32,0.8712,57.407
3441,14,185.08,37.74,247.24,236.12,0.857,57.407
3441,18,369.95,31.28,408.36,165.75,0.8453,57.407
3441,19,86.29,111.19,188.97,374.51,0.9085,57.407
3442,7,445.23,71.29,522.57,266.25,0.8778,57.424
3442,14,185.31,37.72,247.51,236.35,0.8672,57.424
3442,18,370.07,31.19,408.35,165.77,0.8437,57.424
3442,19,86.85,111.09,189.12,374.05,0.9083,57.424
3443,7,444.85,70.98,522.85,266.16,0.8826,57.441
3443,14,185.63,37.78,247.74,236.34,0.8714,57.441
3443,18,370.63,31.17,408.63,165.67,0.8453,57.441
3443,19,87.59,110.93,189.52,373.6,0.9064,57.441
3444,7,444.41,70.6,523.06,266.19,0.8768,57.457
3444,14,185.85,37.7,247.97,236.35,0.8774,57.457
3444,18,371.02,31.18,408.8,165.66,0.845,57.457
3444,19,88.34,110.74,190.0,373.52,0.9013,57.457
3445,7,444.02,70.62,523.05,266.16,0.8659,57.474
3445,14,186.14,37.68,248.2,236.4,0.8761,57.474
3445,18,371.26,31.16,408.85,165.68,0.8456,57.474
3445,19,89.35,110.53,190.69,373.18,0.8969,57.474
3446,7,444.15,68.93,523.96,266.47,0.8503,57.491
3446,14,186.28,37.67,248.18,236.24,0.879,57.491
3446,18,371.52,31.15,408.9,165.7,0.8464,57.491
3446,19,90.44,110.73,191.31,373.12,0.8927,57.491
3447,7,444.92,68.55,524.86,266.46,0.8398,57.507
3447,14,186.35,37.65,248.09,236.11,0.8772,57.507
3447,18,371.76,31.2,408.95,165.71,0.8483,57.507
3447,19,91.07,110.15,191.86,373.56,0.891,57.507
3448,7,445.04,68.31,524.94,266.38,0.8531,57.524
3448,14,186.65,37.56,248.22,235.84,0.8754,57.524
3448,18,372.03,31.44,409.02,165.75,0.8425,57.524
3448,19,91.8,109.81,192.34,373.95,0.892,57.524
3449,7,444.31,68.2,523.93,266.39,0.8597,57.541
3449,14,186.94,37.47,248.45,235.75,0.8771,57.541
3449,18,372.16,31.41,409.03,165.75,0.8437,57.541
3449,19,92.45,109.45,192.64,374.0,0.8962,57.541
3450,7,443.63,68.11,522.93,266.4,0.8533,57.558
3450,14,187.16,37.4,248.61,235.6,0.8743,57.558
3450,18,372.29,31.29,409.09,165.82,0.844,57.558
3450,19,92.87,109.11,192.87,374.44,0.8967,57.558
3451,7,442.85,68.09,521.72,266.45,0.8575,57.574
3451,14,187.47,37.29,248.97,235.53,0.8782,57.574
3451,18,372.47,31.35,409.18,165.92,0.8388,57.574
3451,19,93.24,108.82,192.96,374.58,0.897,57.574
3452,7,441.96,67.93,520.39,266.43,0.8547,57.591
3452,14,187.67,37.2,249.2,235.37,0.8795,57.591
3452,18,372.7,31.39,409.37,166.09,0.8367,57.591
3452,19,94.26,108.61,193.46,374.48,0.9001,57.591
3453,7,441.23,67.7,519.19,266.46,0.8459,57.608
3453,14,187.81,37.13,249.39,235.22,0.8751,57.608
3453,18,372.82,31.38,409.41,166.06,0.8354,57.608
3453,19,95.47,108.17,194.12,374.22,0.9039,57.608
3454,7,440.37,67.53,517.68,266.48,0.8273,57.624
3454,14,187.86,37.08,249.51,235.13,0.8744,57.624
3454,18,372.92,31.45,409.44,166.04,0.8336,57.624
3454,19,96.84,107.78,194.78,373.71,0.9065,57.624
3455,7,439.98,67.2,516.66,266.35,0.834,57.641
3455,14,187.91,37.07,249.56,234.81,0.864,57.641
3455,18,372.94,31.64,409.28,165.65,0.836,57.641
3455,19,97.91,107.66,195.31,373.8,0.9041,57.641
3456,7,439.69,66.97,515.74,266.34,0.8348,57.658
3456,14,187.71,37.11,249.54,235.11,0.8748,57.658
3456,18,373.12,31.81,409.4,165.56,0.8413,57.658
3456,19,98.8,107.44,195.79,374.01,0.906,57.658
3457,7,439.61,66.96,514.93,266.29,0.8294,57.674
3457,14,187.58,37.07,249.63,235.36,0.8799,57.674
3457,18,373.18,31.84,409.42,165.4,0.8386,57.674
3457,19,99.87,107.29,196.28,373.78,0.9073,57.674
3458,7,439.54,66.89,514.2,266.25,0.814,57.691
3458,14,187.54,36.98,249.72,235.29,0.8733,57.691
3458,18,373.33,32.01,409.54,165.26,0.8376,57.691
3458,19,100.89,106.85,196.79,373.71,0.907,57.691
3459,7,439.36,67.01,513.3,266.21,0.8145,57.708
3459,14,187.54,36.98,249.81,235.09,0.869,57.708
3459,18,373.48,32.11,409.72,165.27,0.8394,57.708
3459,19,101.7,106.67,197.01,373.52,0.9091,57.708
3460,7,439.43,67.01,512.89,266.24,0.8042,57.724
3460,14,187.48,37.14,249.79,234.82,0.8657,57.724
3460,18,373.57,32.09,409.87,165.28,0.8372,57.724
3460,19,102.42,106.43,197.27,373.56,0.9089,57.724
3461,7,435.96,66.92,509.72,266.31,0.8144,57.741
3461,14,187.49,37.14,249.93,234.61,0.8659,57.741
3461,18,373.6,32.08,409.91,165.14,0.8373,57.741
3461,19,103.17,106.1,197.73,373.81,0.911,57.741
3462,7,433.74,66.72,507.74,266.3,0.83,57.758
3462,14,186.51,36.3,250.32,237.67,0.8668,57.758
3462,18,373.59,31.98,409.96,165.06,0.8365,57.758
3462,19,103.93,106.0,198.06,373.69,0.91,57.758
3463,7,430.95,66.83,505.45,266.35,0.839,57.774
3463,14,186.06,36.01,250.46,238.71,0.8669,57.774
3463,18,373.59,31.94,410.01,165.01,0.8312,57.774
3463,19,104.76,106.02,198.3,373.09,0.914,57.774
3464,7,429.22,67.12,504.05,266.29,0.8541,57.791
3464,14,185.83,36.15,250.53,239.06,0.86,57.791
3464,18,373.57,31.94,410.06,165.06,0.8312,57.791
3464,19,105.6,105.82,198.73,372.37,0.9147,57.791
3465,7,428.34,67.19,503.49,266.24,0.8585,57.808
3465,14,185.6,36.27,250.51,239.06,0.8535,57.808
3465,18,373.55,31.93,410.08,165.06,0.8292,57.808
3465,19,106.16,105.64,199.01,371.95,0.9161,57.808
3466,7,427.76,67.18,503.13,266.33,0.8448,57.824
3466,14,185.49,36.31,250.65,239.06,0.8501,57.824
3466,18,373.58,32.06,410.1,165.0,0.8287,57.824
3466,19,106.91,105.51,199.27,370.92,0.918,57.824
3467,7,429.43,66.53,504.38,266.1,0.8286,57.841
3467,14,185.86,37.06,250.35,236.5,0.778,57.841
3467,18,373.59,32.09,410.15,165.0,0.8264,57.841
3467,19,107.46,105.39,199.43,370.0,0.913,57.841
3468,7,428.66,66.33,503.45,265.87,0.8335,57.858
3468,14,187.02,38.62,251.04,236.13,0.7027,57.858
3468,18,373.65,32.07,410.23,165.04,0.8269,57.858
3468,19,108.02,105.1,199.72,369.07,0.9089,57.858
3469,7,428.24,66.32,503.23,265.86,0.8357,57.874
3469,14,186.61,38.08,250.94,235.66,0.7255,57.874
3469,18,373.67,32.05,410.28,165.09,0.8269,57.874
3469,19,108.51,104.85,199.72,367.43,0.911,57.874
3470,7,429.82,66.44,504.11,265.82,0.8337,57.891
3470,14,186.14,37.81,250.86,235.53,0.739,57.891
3470,18,373.68,32.05,410.31,165.17,0.8256,57.891
3470,19,108.87,104.81,199.92,366.88,0.9107,57.891
3471,7,428.03,66.11,502.22,265.79,0.8277,57.908
3471,14,185.72,37.68,250.87,235.65,0.7515,57.908
3471,18,373.71,32.04,410.33,165.21,0.8261,57.908
3471,19,109.12,104.77,200.16,366.88,0.9104,57.908
3472,7,426.86,65.83,501.03,265.75,0.8299,57.925
3472,14,185.36,37.7,250.96,235.93,0.7759,57.925
3472,18,373.79,32.09,410.42,165.21,0.8298,57.925
3472,19,109.39,104.66,200.24,366.19,0.9099,57.925
3473,7,425.25,65.68,499.01,265.34,0.8307,57.941
3473,14,185.16,38.07,250.79,235.4,0.7891,57.941
3473,18,373.81,32.11,410.46,165.2,0.8287,57.941
3473,19,109.7,104.7,200.33,365.53,0.9097,57.941
3474,7,424.86,65.45,498.2,264.99,0.844,57.958
3474,14,184.93,38.24,250.77,235.06,0.7941,57.958
3474,18,373.82,32.11,410.46,165.05,0.8267,57.958
3474,19,110.21,104.65,200.52,364.62,0.9069,57.958
3475,7,424.89,65.37,497.84,264.84,0.8365,57.975
3475,14,184.8,38.39,250.86,234.81,0.7863,57.975
3475,18,373.95,32.15,410.59,165.01,0.8259,57.975
3475,19,110.66,104.65,200.86,364.53,0.9045,57.975
3476,7,424.88,65.39,497.41,264.51,0.8351,57.991
3476,14,184.71,38.38,251.11,234.71,0.8286,57.991
3476,18,373.87,32.18,410.54,164.98,0.8208,57.991
3476,19,110.94,104.74,201.01,364.44,0.9018,57.991
3477,7,425.61,65.71,498.2,264.76,0.8204,58.008
3477,14,184.57,38.36,251.34,234.84,0.832,58.008
3477,18,373.84,32.18,410.52,164.92,0.8194,58.008
3477,19,111.26,104.79,201.34,364.79,0.8977,58.008
3478,7,425.54,65.5,497.61,264.52,0.8296,58.025
3478,14,184.36,38.33,251.47,234.78,0.8416,58.025
3478,18,373.83,32.19,410.51,164.78,0.8193,58.025
3478,19,111.29,104.6,201.71,366.04,0.8955,58.025
3479,7,425.82,65.38,497.48,264.19,0.8386,58.041
3479,14,184.28,38.33,251.67,234.66,0.8432,58.041
3479,18,373.75,32.16,410.43,164.66,0.8156,58.041
3479,19,111.52,104.5,202.2,367.34,0.8919,58.041
3480,7,426.43,65.41,497.6,263.91,0.8483,58.058
3480,14,184.13,38.31,251.89,234.86,0.8451,58.058
3480,18,373.64,32.06,410.35,164.55,0.8139,58.058
3480,19,111.9,104.46,202.35,367.13,0.8929,58.058
3481,7,427.31,65.51,497.92,263.79,0.8625,58.075
3481,14,183.83,38.32,251.97,235.16,0.8403,58.075
3481,18,373.51,31.88,410.27,164.46,0.8095,58.075
3481,19,112.11,104.5,202.58,367.77,0.8928,58.075
3482,7,427.58,65.07,497.86,263.45,0.8696,58.091
3482,14,183.51,38.38,252.01,235.62,0.8494,58.091
3482,18,373.39,31.85,410.24,164.59,0.8064,58.091
3482,19,112.28,104.5,202.62,368.2,0.8957,58.091
3483,7,427.7,64.88,497.57,262.74,0.8682,58.108
3483,14,183.26,38.27,252.12,235.9,0.8493,58.108
3483,18,373.29,31.71,410.21,164.62,0.8047,58.108
3483,19,112.63,104.37,202.65,367.84,0.8953,58.108
3484,7,427.81,64.72,497.27,261.92,0.8719,58.125
3484,14,182.99,38.26,252.12,235.99,0.845,58.125
3484,18,373.26,31.72,410.21,164.64,0.8061,58.125
3484,19,112.87,104.33,202.51,367.27,0.8968,58.125
3485,7,427.96,64.45,497.16,261.28,0.8747,58.141
3485,14,182.52,38.67,251.78,236.06,0.8438,58.141
3485,18,373.05,31.78,410.13,164.98,0.8055,58.141
3485,19,113.33,104.3,202.56,366.59,0.8972,58.141
3486,7,428.04,64.37,496.98,260.62,0.8805,58.158
3486,14,182.31,38.8,251.76,236.04,0.8422,58.158
3486,18,372.92,31.73,410.09,165.12,0.8068,58.158
3486,19,113.69,104.13,202.51,365.63,0.8955,58.158
3487,7,428.11,64.26,496.7,259.45,0.8813,58.175
3487,14,182.13,38.89,251.82,235.96,0.8255,58.175
3487,18,372.77,31.68,410.01,165.2,0.8087,58.175
3487,19,114.06,104.04,202.51,364.76,0.8941,58.175
3488,7,428.22,64.22,496.49,258.3,0.8795,58.191
3488,14,181.99,38.9,251.89,235.86,0.8291,58.191
3488,18,372.69,31.68,409.97,165.23,0.8102,58.191
3488,19,114.35,104.01,202.38,363.69,0.8939,58.191
3489,7,428.26,64.19,496.26,257.25,0.8833,58.208
3489,14,181.99,38.89,252.04,235.65,0.8336,58.208
3489,18,372.66,31.68,409.97,165.24,0.8123,58.208
3489,19,114.58,104.0,202.24,362.66,0.8932,58.208
3490,7,428.2,64.1,496.07,256.45,0.889,58.225
3490,14,181.97,38.91,252.17,235.37,0.8199,58.225
3490,18,372.62,31.7,409.95,165.25,0.8138,58.225
3490,19,114.87,103.82,202.31,361.94,0.8917,58.225
3491,7,428.1,64.1,495.98,256.06,0.8974,58.242
3491,14,182.53,38.49,253.19,235.42,0.8273,58.242
3491,18,372.44,31.75,409.79,165.23,0.8132,58.242
3491,19,115.0,103.6,202.3,361.27,0.8903,58.242
3492,7,428.05,64.11,495.97,255.81,0.9013,58.258
3492,14,182.7,38.35,253.65,235.4,0.8257,58.258
3492,18,372.37,31.77,409.74,165.23,0.8125,58.258
3492,19,115.14,103.51,202.15,360.23,0.8898,58.258
3493,7,428.04,64.1,496.02,255.66,0.9061,58.275
3493,14,182.74,38.27,253.94,235.42,0.8264,58.275
3493,18,372.33,31.78,409.72,165.22,0.8119,58.275
3493,19,115.25,103.45,201.99,359.17,0.8902,58.275
3494,7,427.86,64.15,495.91,255.45,0.907,58.292
3494,14,182.87,38.24,254.29,235.35,0.8286,58.292
3494,18,372.2,31.92,409.56,165.22,0.8053,58.292
3494,19,115.36,103.25,201.92,358.27,0.8898,58.292
3495,7,427.52,64.08,495.76,255.47,0.9089,58.308
3495,14,182.5,38.71,253.87,234.85,0.8223,58.308
3495,18,372.08,31.84,409.42,165.11,0.7929,58.308
3495,19,115.61,103.07,201.79,356.63,0.8877,58.308
3496,7,427.32,64.04,495.73,255.55,0.9087,58.325
3496,14,182.3,38.89,253.78,234.6,0.822,58.325
3496,18,372.03,31.83,409.35,165.09,0.7931,58.325
3496,19,115.95,103.0,201.45,353.96,0.8898,58.325
3497,7,427.2,64.04,495.72,255.54,0.9057,58.342
3497,14,182.2,38.97,253.91,234.54,0.8227,58.342
3497,18,371.88,31.61,409.13,164.89,0.7907,58.342
3497,19,115.99,102.99,201.44,353.28,0.8877,58.342
3498,7,426.94,63.86,495.61,255.51,0.9051,58.358
3498,14,182.34,39.07,254.12,234.05,0.8151,58.358
3498,18,371.81,31.44,409.02,164.75,0.7911,58.358
3498,19,116.06,102.86,201.4,352.34,0.8878,58.358
3499,7,426.7,63.84,495.4,255.32,0.9013,58.375
3499,14,182.59,39.02,254.48,233.53,0.82,58.375
3499,18,371.85,31.38,409.04,165.26,0.7936,58.375
3499,19,116.06,102.94,201.18,351.19,0.89,58.375
3500,7,426.5,63.85,495.34,255.54,0.8978,58.392
3500,14,182.57,39.0,254.64,233.3,0.8159,58.392
3500,18,371.88,31.39,408.94,165.38,0.7864,58.392
3500,19,116.12,102.97,201.0,349.87,0.8908,58.392
3501,7,426.37,63.87,495.32,255.79,0.8944,58.408
3501,14,182.51,39.0,254.76,233.07,0.8131,58.408
3501,18,371.83,31.43,408.69,165.31,0.7867,58.408
3501,19,116.19,103.0,200.84,348.56,0.8924,58.408
3502,7,425.97,63.87,494.96,256.06,0.8883,58.425
3502,14,182.69,38.94,255.16,232.95,0.8108,58.425
3502,18,371.62,31.22,408.39,165.32,0.7856,58.425
3502,19,116.08,103.02,200.69,347.79,0.8948,58.425
3503,7,425.63,63.85,494.57,256.0,0.883,58.442
3503,14,182.83,38.93,255.42,232.62,0.8002,58.442
3503,18,371.6,31.01,408.26,165.38,0.7949,58.442
3503,19,115.96,103.03,200.36,346.33,0.897,58.442
3504,7,425.43,63.84,494.38,256.21,0.8805,58.458
3504,14,182.77,38.92,255.52,232.51,0.7999,58.458
3504,18,371.63,30.87,408.16,165.4,0.7908,58.458
3504,19,115.91,103.05,200.23,345.31,0.8978,58.458
3505,7,424.91,63.82,493.76,256.52,0.8689,58.475
3505,14,182.73,38.92,255.67,232.49,0.8008,58.475
3505,18,371.64,30.82,408.04,165.44,0.7945,58.475
3505,19,115.96,102.99,200.23,344.31,0.8983,58.475
3506,7,424.52,63.8,493.26,256.72,0.8609,58.492
3506,14,182.63,38.92,255.66,232.37,0.7727,58.492
3506,18,371.65,30.74,407.9,165.42,0.8031,58.492
3506,19,115.7,102.83,200.08,343.63,0.8999,58.492
3507,7,424.09,64.81,492.93,258.52,0.8649,58.508
3507,14,182.58,38.77,255.78,232.48,0.7592,58.508
3507,18,371.45,30.7,407.59,165.46,0.8032,58.508
3507,19,115.45,102.78,199.89,343.01,0.8993,58.508
3508,7,423.7,65.21,492.37,259.21,0.8669,58.525
3508,14,182.64,38.73,255.93,232.42,0.7439,58.525
3508,18,371.36,30.53,407.42,165.49,0.8008,58.525
3508,19,115.43,102.71,199.7,341.63,0.8989,58.525
3509,7,423.3,65.38,491.62,259.41,0.8656,58.542
3509,14,182.52,38.71,255.89,232.49,0.7358,58.542
3509,18,371.19,30.26,407.22,165.52,0.7989,58.542
3509,19,115.27,102.7,199.79,341.68,0.8966,58.542
3510,7,423.09,65.42,491.02,259.45,0.8658,58.559
3510,14,182.56,38.66,256.03,232.6,0.7382,58.559
3510,18,371.01,30.18,406.93,165.44,0.795,58.559
3510,19,114.97,102.58,199.62,341.26,0.8976,58.559
3511,7,422.86,65.52,490.35,259.45,0.8665,58.575
3511,14,182.74,38.67,256.02,231.98,0.7484,58.575
3511,18,370.52,30.04,406.42,165.44,0.7864,58.575
3511,19,114.7,102.39,199.52,340.87,0.8956,58.575
3512,7,422.86,65.55,489.98,259.56,0.8645,58.592
3512,14,182.83,38.68,255.97,231.6,0.7542,58.592
3512,18,370.44,30.05,406.27,165.43,0.7848,58.592
3512,19,114.41,102.22,199.39,340.52,0.8964,58.592
3513,7,422.91,65.55,489.66,259.66,0.8609,58.609
3513,14,182.99,38.69,256.14,231.45,0.7497,58.609
3513,18,370.42,30.0,406.21,165.44,0.7849,58.609
3513,19,114.19,102.13,199.41,340.67,0.8955,58.609
3514,7,422.99,65.6,489.37,259.72,0.861,58.625
3514,14,183.13,38.65,256.31,231.24,0.7496,58.625
3514,18,370.31,30.19,406.08,165.45,0.7764,58.625
3514,19,113.95,101.85,199.35,340.49,0.8945,58.625
3515,7,423.14,65.58,489.15,259.75,0.8574,58.642
3515,14,183.27,38.62,256.33,230.62,0.7346,58.642
3515,18,370.21,30.6,405.91,165.43,0.7795,58.642
3515,19,113.78,101.62,199.16,339.64,0.8922,58.642
3516,7,423.6,65.61,489.2,259.78,0.8578,58.659
3516,14,183.3,38.59,256.35,230.28,0.7382,58.659
3516,18,370.22,30.97,405.84,165.37,0.7868,58.659
3516,19,113.49,101.53,198.96,339.2,0.8918,58.659
3517,7,423.82,65.58,489.02,259.71,0.8557,58.675
3517,14,183.42,38.61,256.35,229.66,0.7289,58.675
3517,18,370.0,31.21,405.54,165.09,0.7835,58.675
3517,19,113.27,101.41,198.82,338.8,0.8905,58.675
3518,7,423.98,65.45,488.85,259.63,0.8541,58.692
3518,14,183.34,38.71,256.31,229.55,0.7266,58.692
3518,18,369.91,31.25,405.31,164.67,0.7767,58.692
3518,19,113.04,101.35,198.65,338.39,0.8926,58.692
3519,7,423.73,65.21,488.38,259.59,0.8545,58.709
3519,14,183.65,38.72,256.55,228.79,0.7271,58.709
3519,18,369.63,31.21,404.98,164.49,0.772,58.709
3519,19,112.73,101.39,198.37,337.88,0.8949,58.709
3520,7,423.73,65.08,488.16,259.56,0.8542,58.725
3520,14,183.68,38.71,256.76,228.69,0.7297,58.725
3520,18,369.46,31.11,404.84,164.63,0.7658,58.725
3520,19,112.28,101.42,198.07,337.7,0.8958,58.725
3521,7,423.82,64.98,488.04,259.49,0.856,58.742
3521,14,183.7,38.68,256.99,228.68,0.7313,58.742
3521,18,369.33,31.04,404.73,164.77,0.7651,58.742
3521,19,111.9,101.5,197.83,337.64,0.8949,58.742
3522,7,424.16,63.54,488.06,257.74,0.854,58.759
3522,14,183.76,38.64,256.96,227.97,0.7256,58.759
3522,18,369.09,30.81,404.49,164.56,0.7599,58.759
3522,19,111.42,101.49,197.45,337.49,0.8951,58.759
3523,7,424.5,64.37,488.28,258.71,0.8546,58.775
3523,14,184.4,38.69,257.23,226.09,0.6968,58.775
3523,18,368.87,30.84,404.25,164.42,0.7636,58.775
3523,19,110.86,101.36,197.13,337.52,0.8954,58.775
3524,7,424.62,63.3,488.26,257.59,0.8567,58.792
3524,14,184.6,38.7,257.51,225.38,0.6967,58.792
3524,18,368.83,30.92,404.19,164.44,0.7702,58.792
3524,19,110.82,100.65,197.2,337.17,0.8951,58.792
3525,7,424.71,62.87,488.25,257.15,0.861,58.809
3525,14,184.64,38.67,257.66,224.74,0.6964,58.809
3525,18,368.41,30.97,403.85,164.43,0.7587,58.809
3525,19,110.8,100.21,197.19,336.88,0.896,58.809
3526,7,424.8,62.67,488.32,257.01,0.8591,58.825
3526,14,184.77,38.63,258.32,225.09,0.6935,58.825
3526,18,368.32,31.02,403.78,164.36,0.7552,58.825
3526,19,110.44,99.86,196.94,337.07,0.8974,58.825
3527,7,424.84,62.39,488.45,257.11,0.8564,58.842
3527,14,184.74,38.61,258.63,225.04,0.6892,58.842
3527,18,367.95,31.37,403.08,162.61,0.751,58.842
3527,19,110.11,99.75,196.65,337.19,0.9014,58.842
3528,7,424.9,62.35,488.54,257.22,0.8559,58.859
3528,14,184.64,38.62,258.85,225.09,0.6893,58.859
3528,18,367.8,31.22,403.19,162.93,0.751,58.859
3528,19,109.75,99.84,196.28,337.49,0.8992,58.859
3529,7,424.91,62.29,488.64,257.47,0.8562,58.875
3529,14,184.58,38.7,258.92,224.66,0.6776,58.875
3529,18,367.7,31.35,403.15,162.7,0.757,58.875
3529,19,109.43,99.61,196.0,337.55,0.9034,58.875
3530,7,424.7,63.96,488.41,258.83,0.8439,58.892
3530,14,184.28,38.72,258.88,224.69,0.6671,58.892
3530,18,367.56,31.85,402.8,161.49,0.7603,58.892
3530,19,109.07,99.44,195.71,337.82,0.9036,58.892
3531,7,424.86,62.45,488.73,257.91,0.8511,58.909
3531,14,184.73,38.72,259.24,223.47,0.5976,58.909
3531,18,367.36,31.99,402.61,160.69,0.7614,58.909
3531,19,108.53,99.22,195.33,338.52,0.9019,58.909
3532,7,424.94,61.85,488.9,257.66,0.8535,58.926
3532,14,184.87,38.71,259.35,222.35,0.5912,58.926
3532,18,367.2,32.13,402.56,160.28,0.7598,58.926
3532,19,107.97,99.09,194.86,339.09,0.9003,58.926
3533,7,425.07,61.59,489.06,257.56,0.8517,58.942
3533,14,184.94,38.72,259.4,221.32,0.5684,58.942
3533,18,367.01,31.9,402.66,160.22,0.7634,58.942
3533,19,107.42,98.73,194.69,340.46,0.8979,58.942
3534,7,425.3,61.64,489.2,257.45,0.8552,58.959
3534,14,193.54,46.82,263.49,220.37,0.5582,58.959
3534,18,366.95,31.75,402.79,160.1,0.7599,58.959
3534,19,106.79,98.47,194.16,341.22,0.8989,58.959
3535,7,425.62,61.44,489.44,257.17,0.8556,58.976
3535,14,198.3,51.39,265.35,219.95,0.5846,58.976
3535,18,366.55,31.44,402.7,160.08,0.755,58.976
3535,19,106.4,98.15,193.41,340.51,0.9017,58.976
3535,22,182.15,37.86,228.54,164.55,0.4427,58.976
3536,7,425.74,61.35,489.54,257.21,0.8536,58.992
3536,14,200.21,52.96,265.78,219.74,0.5843,58.992
3536,18,366.5,31.32,402.8,159.88,0.7565,58.992
3536,19,105.99,97.92,192.85,340.36,0.9015,58.992
3536,22,182.15,37.86,228.58,164.67,0.4423,58.992
3537,7,425.83,61.41,489.56,257.3,0.8478,59.009
3537,14,201.65,54.31,265.79,219.26,0.6051,59.009
3537,18,366.33,31.16,402.77,159.55,0.7508,59.009
3537,19,105.48,97.68,192.22,340.0,0.9038,59.009
3537,22,182.44,37.9,228.58,163.88,0.4562,59.009
3538,7,425.91,61.03,489.75,257.42,0.8479,59.026
3538,14,202.5,54.69,265.66,218.87,0.5989,59.026
3538,18,365.94,31.02,402.57,159.23,0.747,59.026
3538,19,105.09,97.67,191.91,340.45,0.9033,59.026
3538,22,182.2,37.9,228.74,164.89,0.4495,59.026
3539,7,426.07,61.0,489.87,257.56,0.8435,59.042
3539,14,203.07,54.51,265.51,218.52,0.5971,59.042
3539,18,365.51,30.93,402.35,158.98,0.738,59.042
3539,19,104.58,97.5,191.67,341.24,0.9036,59.042
3539,22,181.97,37.88,229.02,166.21,0.4508,59.042
3540,7,426.19,60.8,489.95,257.5,0.8421,59.059
3540,14,202.81,53.39,264.95,218.05,0.58,59.059
3540,18,365.16,30.91,402.2,158.77,0.7287,59.059
3540,19,104.18,97.4,191.39,341.6,0.9041,59.059
3540,22,181.91,37.83,228.97,166.13,0.4226,59.059
3541,7,426.24,60.25,490.08,257.5,0.8461,59.076
3541,14,204.44,54.98,265.22,217.41,0.6474,59.076
3541,18,364.74,30.87,401.93,158.5,0.7316,59.076
3541,19,103.94,97.17,190.64,339.56,0.9131,59.076
3541,22,182.16,37.73,229.29,166.16,0.4959,59.076
3542,7,426.43,59.76,490.24,257.38,0.8454,59.092
3542,14,205.09,54.94,265.27,217.12,0.6382,59.092
3542,18,364.48,30.8,401.83,158.27,0.725,59.092
3542,19,103.54,96.93,190.24,338.95,0.9139,59.092
3542,22,182.13,37.56,229.32,166.12,0.4845,59.092
3543,7,426.57,59.62,490.32,257.54,0.8408,59.109
3543,14,205.27,54.61,265.09,217.01,0.6286,59.109
3543,18,364.34,30.78,401.81,157.93,0.7232,59.109
3543,19,103.26,96.8,190.05,338.67,0.9149,59.109
3543,22,182.23,37.45,229.36,165.84,0.4847,59.109
3544,7,426.66,59.46,490.32,257.43,0.841,59.126
3544,14,205.3,54.23,264.79,216.75,0.6198,59.126
3544,18,364.1,30.8,401.69,157.6,0.7166,59.126
3544,19,102.99,96.72,189.81,338.31,0.915,59.126
3544,22,182.41,37.41,229.39,165.32,0.4782,59.126
3545,7,426.96,59.75,490.21,256.78,0.8302,59.142
3545,14,205.19,53.09,264.6,216.4,0.6107,59.142
3545,18,364.04,30.76,401.83,157.58,0.7165,59.142
3545,19,102.8,96.64,189.74,338.24,0.9149,59.142
3545,22,182.38,37.3,229.26,164.91,0.4756,59.142
3546,7,427.19,59.54,490.08,255.76,0.8269,59.159
3546,14,205.23,52.8,264.31,216.07,0.5949,59.159
3546,18,364.01,30.69,401.99,157.55,0.7127,59.159
3546,19,102.58,96.61,189.56,338.0,0.9147,59.159
3546,22,182.45,37.18,229.28,164.59,0.4673,59.159
3547,7,427.39,60.08,489.95,255.54,0.8211,59.176
3547,14,205.55,52.99,264.13,215.7,0.6027,59.176
3547,18,363.89,30.66,402.04,157.54,0.7103,59.176
3547,19,102.44,96.61,189.51,337.93,0.9139,59.176
3547,22,182.35,37.03,229.37,164.91,0.4825,59.176
3548,7,427.57,60.3,489.78,254.8,0.8217,59.192
3548,14,205.77,53.06,263.95,215.41,0.5974,59.192
3548,18,363.84,30.62,402.13,157.52,0.7084,59.192
3548,19,102.21,96.48,189.38,337.8,0.9125,59.192
3548,22,182.34,36.95,229.48,165.16,0.4823,59.192
3549,7,427.96,60.09,489.75,253.6,0.8132,59.209
3549,14,206.16,53.57,263.84,215.22,0.5991,59.209
3549,18,363.59,30.56,402.04,157.37,0.7051,59.209
3549,19,101.94,96.31,189.32,337.84,0.9133,59.209
3549,22,182.24,36.85,229.56,165.44,0.4882,59.209
3550,7,428.59,59.48,489.85,251.77,0.8339,59.226
3550,14,206.26,53.34,263.77,215.06,0.5824,59.226
3550,18,363.38,30.52,401.98,157.24,0.7072,59.226
3550,19,101.6,96.22,189.19,337.78,0.9132,59.226
3550,22,182.42,36.64,229.72,165.24,0.4602,59.226
3551,7,428.97,59.26,489.73,250.24,0.8338,59.243
3551,14,205.61,52.23,263.4,215.01,0.5682,59.243
3551,18,363.28,30.49,402.07,157.24,0.7104,59.243
3551,19,101.48,96.21,189.38,337.95,0.9114,59.243
3551,22,183.16,36.39,229.54,162.25,0.412,59.243
3552,7,429.16,59.11,489.72,249.71,0.8367,59.259
3552,14,205.21,51.28,263.11,214.52,0.5544,59.259
3552,18,363.2,30.49,401.99,156.77,0.7047,59.259
3552,19,101.22,96.24,189.42,338.13,0.91,59.259
3552,22,183.41,36.26,229.42,160.87,0.3949,59.259
3553,7,429.46,58.87,489.76,249.02,0.8441,59.276
3553,14,205.49,51.36,263.26,214.54,0.5648,59.276
3553,18,362.94,30.45,402.0,156.94,0.711,59.276
3553,19,101.0,96.27,189.59,338.58,0.9071,59.276
3553,22,183.54,36.1,229.39,160.05,0.4129,59.276
3554,7,429.5,58.61,489.92,249.26,0.8435,59.293
3554,14,205.87,52.2,263.12,214.08,0.556,59.293
3554,18,362.66,30.46,402.02,157.28,0.7128,59.293
3554,19,100.77,96.21,189.66,338.6,0.9054,59.293
3554,22,183.54,35.92,229.67,160.47,0.4234,59.293
3555,7,429.52,58.51,489.94,249.32,0.843,59.309
3555,14,205.82,52.22,262.96,213.9,0.5567,59.309
3555,18,362.48,30.47,402.08,157.43,0.713,59.309
3555,19,100.43,96.18,189.56,338.4,0.9042,59.309
3555,22,183.65,35.86,229.69,159.89,0.4134,59.309
3556,7,429.64,58.3,489.83,248.5,0.8379,59.326
3556,14,205.91,52.58,262.89,213.87,0.5529,59.326
3556,18,362.35,30.48,402.11,157.38,0.7109,59.326
3556,19,100.19,96.31,189.61,338.55,0.904,59.326
3556,22,183.57,35.82,229.85,160.39,0.4241,59.326
3557,7,429.8,58.07,489.93,248.03,0.8419,59.343
3557,14,206.17,52.91,262.82,213.25,0.5763,59.343
3557,18,362.05,30.51,402.07,157.53,0.7107,59.343
3557,19,100.1,96.33,189.77,338.3,0.9044,59.343
3557,22,183.29,35.76,230.38,162.55,0.4246,59.343
3558,7,430.22,57.87,490.15,247.09,0.8484,59.359
3558,14,206.39,53.41,262.73,212.83,0.6078,59.359
3558,18,361.7,30.57,402.04,157.71,0.718,59.359
3558,19,99.94,96.34,189.98,338.22,0.9028,59.359
3558,22,183.47,35.77,230.66,162.94,0.4406,59.359
3559,7,430.42,57.8,490.27,246.67,0.8486,59.376
3559,14,206.49,53.74,262.69,212.69,0.6135,59.376
3559,18,361.5,30.59,402.1,157.8,0.7165,59.376
3559,19,99.78,96.32,190.14,337.98,0.9019,59.376
3559,22,183.39,35.73,230.87,163.87,0.4507,59.376
3560,7,430.44,57.83,490.26,246.42,0.8509,59.393
3560,14,206.61,54.06,262.71,212.68,0.63,59.393
3560,18,361.38,30.6,402.21,157.82,0.7178,59.393
3560,19,99.54,96.44,190.42,338.51,0.8999,59.393
3560,22,183.49,35.74,231.15,164.63,0.4478,59.393
3561,7,430.64,57.86,490.47,246.42,0.8449,59.409
3561,14,206.74,54.48,262.57,212.34,0.6405,59.409
3561,18,361.23,30.64,402.31,157.87,0.7183,59.409
3561,19,99.29,96.46,190.48,338.31,0.9005,59.409
3561,22,183.7,35.72,231.35,165.05,0.4899,59.409
3562,7,430.65,57.93,490.38,246.08,0.8421,59.426
3562,14,206.73,54.78,262.41,212.03,0.6496,59.426
3562,18,361.04,30.61,402.44,158.02,0.7163,59.426
3562,19,98.87,96.32,190.57,338.55,0.9023,59.426
3562,22,183.85,35.67,231.59,165.69,0.4978,59.426
3563,7,430.64,57.96,490.36,245.92,0.839,59.443
3563,14,206.65,54.79,262.37,211.95,0.6456,59.443
3563,18,360.9,30.6,402.55,158.1,0.7165,59.443
3563,19,98.52,96.32,190.49,338.23,0.9026,59.443
3563,22,183.98,35.64,231.66,166.03,0.4984,59.443
3564,7,430.65,57.9,490.2,244.9,0.8328,59.459
3564,14,206.58,54.72,262.36,211.91,0.6451,59.459
3564,18,360.79,30.59,402.67,158.14,0.7161,59.459
3564,19,98.24,96.32,190.36,337.72,0.9023,59.459
3564,22,184.09,35.62,231.72,166.41,0.4946,59.459
3565,7,430.68,57.85,490.02,243.9,0.8343,59.476
3565,14,206.46,54.3,262.37,211.75,0.6328,59.476
3565,18,360.9,30.43,403.11,158.43,0.712,59.476
3565,19,97.89,96.18,190.24,337.46,0.9032,59.476
3565,22,184.27,35.57,231.67,166.29,0.4747,59.476
3566,7,430.57,57.67,490.02,243.83,0.8376,59.493
3566,14,206.24,53.71,262.37,211.66,0.6308,59.493
3566,18,360.83,30.37,403.26,158.54,0.7148,59.493
3566,19,97.49,96.12,190.15,337.53,0.9037,59.493
3566,22,184.46,35.63,231.65,166.42,0.4637,59.493
3567,7,430.55,57.6,489.9,243.03,0.8339,59.509
3567,14,206.13,53.54,262.36,211.62,0.6321,59.509
3567,18,360.52,30.47,403.05,158.35,0.7152,59.509
3567,19,97.23,96.08,190.18,337.63,0.9026,59.509
3567,22,184.66,35.62,231.62,166.36,0.4591,59.509
3568,7,430.32,57.51,489.57,241.75,0.8322,59.526
3568,14,205.94,52.99,262.37,211.57,0.6227,59.526
3568,18,360.6,30.45,403.34,158.52,0.7169,59.526
3568,19,97.12,96.17,190.26,337.57,0.9037,59.526
3568,22,184.82,35.59,231.67,166.71,0.4395,59.526
3569,7,430.22,57.29,489.51,240.87,0.832,59.543
3569,14,205.98,52.93,262.43,211.54,0.6406,59.543
3569,18,360.59,30.55,403.45,158.53,0.7213,59.543
3569,19,96.99,96.03,190.33,337.41,0.9047,59.543
3569,22,184.97,35.64,231.6,166.78,0.474,59.543
3570,7,430.04,57.12,489.52,240.44,0.837,59.559
3570,14,206.12,53.15,262.46,211.46,0.6562,59.559
3570,18,360.6,30.64,403.56,158.53,0.719,59.559
3570,19,96.65,95.87,190.35,337.66,0.9043,59.559
3570,22,185.22,35.68,231.62,166.67,0.4915,59.559
3571,7,429.95,57.06,489.69,240.52,0.841,59.576
3571,14,206.17,53.24,262.47,211.44,0.6533,59.576
3571,18,360.56,30.67,403.64,158.53,0.7184,59.576
3571,19,96.41,95.77,190.46,338.03,0.904,59.576
3571,22,185.33,35.68,231.55,166.65,0.4927,59.576
3572,7,429.85,56.99,489.85,240.5,0.8375,59.593
3572,14,206.18,53.23,262.47,211.43,0.6548,59.593
3572,18,360.52,30.68,403.71,158.54,0.7189,59.593
3572,19,96.15,95.7,190.52,338.28,0.9035,59.593
3572,22,185.43,35.67,231.47,166.56,0.496,59.593
3573,7,429.65,56.96,489.93,240.53,0.8365,59.61
3573,14,207.3,55.03,262.51,210.75,0.6555,59.61
3573,18,360.52,30.73,403.79,158.53,0.7178,59.61
3573,19,95.94,95.63,190.75,338.87,0.9025,59.61
3573,22,185.51,35.65,231.37,166.4,0.5155,59.61
3574,7,429.36,56.85,490.06,240.64,0.8385,59.626
3574,14,206.9,53.86,262.58,211.08,0.6521,59.626
3574,18,360.66,30.7,403.99,158.52,0.7054,59.626
3574,19,95.89,95.52,190.84,338.55,0.9028,59.626
3574,22,185.66,35.67,231.38,166.21,0.5255,59.626
3575,7,429.27,56.79,490.42,241.35,0.8408,59.643
3575,14,206.77,53.41,262.6,211.24,0.6527,59.643
3575,18,360.53,30.78,403.81,158.3,0.7061,59.643
3575,19,95.94,95.43,191.16,338.53,0.902,59.643
3575,22,185.72,35.68,231.37,166.18,0.5274,59.643
3576,7,429.49,56.76,490.77,240.85,0.841,59.66
3576,14,206.71,53.0,262.64,211.35,0.6596,59.66
3576,18,360.81,30.8,404.02,158.22,0.6989,59.66
3576,19,96.19,95.42,191.7,338.41,0.9006,59.66
3576,22,185.67,35.66,231.26,166.17,0.5451,59.66
3577,7,429.51,56.75,490.95,240.59,0.8423,59.676
3577,14,206.99,53.21,262.77,211.43,0.6716,59.676
3577,18,360.96,30.79,404.12,158.16,0.6982,59.676
3577,19,96.31,95.42,192.01,338.05,0.9001,59.676
3577,22,185.55,35.67,231.14,166.34,0.5629,59.676
3578,7,429.14,56.51,490.96,240.55,0.8408,59.693
3578,14,207.35,53.67,262.87,211.37,0.6837,59.693
3578,18,361.39,30.87,404.37,158.12,0.7012,59.693
3578,19,96.77,95.53,192.61,337.36,0.9003,59.693
3578,22,185.46,35.72,231.09,166.56,0.5711,59.693
3579,7,428.96,56.42,491.04,240.52,0.8427,59.71
3579,14,207.52,53.87,262.89,211.36,0.6862,59.71
3579,18,361.65,30.91,404.49,158.1,0.7014,59.71
3579,19,96.88,95.6,192.94,336.98,0.9001,59.71
3579,22,185.43,35.73,231.06,166.65,0.5729,59.71
3580,7,428.9,56.48,491.22,240.62,0.8428,59.726
3580,14,207.59,53.92,262.87,211.36,0.6844,59.726
3580,18,362.25,30.95,404.83,158.05,0.7034,59.726
3580,19,96.85,95.66,193.2,336.8,0.9014,59.726
3580,22,185.39,35.74,231.01,166.67,0.5762,59.726
3581,7,428.85,56.35,491.43,240.69,0.842,59.743
3581,14,207.8,54.53,262.83,211.34,0.6958,59.743
3581,18,362.76,31.02,405.04,158.03,0.7069,59.743
3581,19,96.73,95.71,193.47,336.91,0.9021,59.743
3581,22,185.43,35.77,231.06,166.68,0.5788,59.743
3582,7,428.72,56.16,491.55,240.87,0.8401,59.76
3582,14,207.93,54.84,262.82,211.29,0.6859,59.76
3582,18,363.22,31.11,405.18,158.0,0.698,59.76
3582,19,96.59,95.81,193.67,337.14,0.9008,59.76
3582,22,185.46,35.82,231.11,166.71,0.5743,59.76
3583,7,428.91,55.92,491.65,240.23,0.8403,59.776
3583,14,208.0,55.0,262.8,211.25,0.6863,59.776
3583,18,363.74,31.1,405.35,157.9,0.699,59.776
3583,19,96.51,95.86,193.9,337.23,0.9006,59.776
3583,22,185.46,35.84,231.14,166.72,0.574,59.776
3584,7,429.1,55.83,491.82,240.04,0.8426,59.793
3584,14,208.06,55.13,262.79,211.25,0.6885,59.793
3584,18,364.13,31.1,405.41,157.89,0.7003,59.793
3584,19,96.45,95.83,194.05,337.05,0.9004,59.793
3584,22,185.43,35.84,231.16,166.8,0.5776,59.793
3585,7,429.13,55.65,491.98,240.25,0.8497,59.81
3585,14,208.06,55.37,262.71,211.22,0.6787,59.81
3585,18,364.42,31.1,405.38,157.87,0.7079,59.81
3585,19,96.45,95.85,194.24,336.94,0.8987,59.81
3585,22,185.43,35.84,231.17,166.76,0.5762,59.81
3586,7,428.98,55.68,492.03,240.84,0.8537,59.826
3586,14,208.0,55.34,262.69,211.29,0.6798,59.826
3586,18,364.5,31.06,405.24,157.97,0.7113,59.826
3586,19,96.49,95.82,194.55,337.06,0.8976,59.826
3586,22,185.43,35.83,231.14,166.65,0.5791,59.826
3587,7,429.04,55.54,492.05,240.73,0.8532,59.843
3587,14,207.99,55.23,262.71,211.3,0.6821,59.843
3587,18,364.6,31.04,405.11,158.01,0.7106,59.843
3587,19,96.48,95.85,194.73,337.06,0.8973,59.843
3587,22,185.4,35.82,231.15,166.76,0.5837,59.843
3588,7,429.2,55.3,492.26,240.87,0.8522,59.86
3588,14,207.99,55.19,262.72,211.3,0.681,59.86
3588,18,364.85,31.04,405.1,158.02,0.7202,59.86
3588,19,95.93,95.26,194.32,336.33,0.8977,59.86
3588,22,185.39,35.82,231.1,166.65,0.5839,59.86
3589,7,429.47,55.24,492.31,240.64,0.8482,59.876
3589,14,207.99,55.19,262.69,211.23,0.6878,59.876
3589,18,364.87,31.1,404.91,158.05,0.7159,59.876
3589,19,95.73,94.85,194.33,336.09,0.8978,59.876
3589,22,185.34,35.84,231.05,166.65,0.5862,59.876
3590,7,429.49,55.08,492.23,240.53,0.8379,59.893
3590,14,207.99,55.29,262.63,211.14,0.6803,59.893
3590,18,364.85,30.94,404.79,158.12,0.7126,59.893
3590,19,95.6,94.59,194.37,335.93,0.8975,59.893
3590,22,185.39,35.88,231.07,166.46,0.5733,59.893
3591,7,429.58,55.05,492.12,240.37,0.8415,59.91
3591,14,208.0,55.3,262.64,211.09,0.6815,59.91
3591,18,364.94,30.87,404.74,158.14,0.7137,59.91
3591,19,95.65,94.5,194.57,335.9,0.8969,59.91
3591,22,185.32,35.89,231.07,166.55,0.5681,59.91
3592,7,429.29,56.84,491.2,240.8,0.8291,59.927
3592,14,207.97,55.36,262.61,211.08,0.6799,59.927
3592,18,365.01,30.85,404.65,158.15,0.7149,59.927
3592,19,95.68,94.64,194.66,335.95,0.8983,59.927
3592,22,185.32,35.88,231.11,166.57,0.5651,59.927
3593,7,429.04,55.64,490.85,240.19,0.8421,59.943
3593,14,207.94,55.45,262.55,211.02,0.6865,59.943
3593,18,365.02,30.7,404.56,158.14,0.7102,59.943
3593,19,95.88,94.8,194.85,335.8,0.9003,59.943
3593,22,185.3,35.89,231.11,166.49,0.5619,59.943
3594,7,428.58,55.03,490.26,240.2,0.8373,59.96
3594,14,207.85,55.57,262.48,211.11,0.6929,59.96
3594,18,364.57,30.6,404.17,158.27,0.713,59.96
3594,19,95.89,94.98,194.84,335.82,0.8996,59.96
3594,22,185.34,35.86,231.1,166.24,0.5666,59.96
3595,7,428.23,54.88,489.59,240.11,0.8462,59.977
3595,14,207.82,55.67,262.45,211.13,0.6888,59.977
3595,18,364.52,30.58,404.09,158.32,0.7128,59.977
3595,19,96.02,94.95,195.01,335.81,0.8989,59.977
3595,22,185.29,35.85,231.11,166.33,0.5628,59.977
3596,7,427.99,54.88,489.1,240.21,0.8502,59.993
3596,14,207.85,55.88,262.44,211.12,0.6994,59.993
3596,18,364.63,30.6,404.12,158.3,0.7154,59.993
3596,19,96.22,94.64,195.26,335.77,0.9,59.993
3596,22,185.28,35.85,231.17,166.54,0.5687,59.993
3597,7,427.83,54.96,488.63,240.35,0.8555,60.01
3597,14,207.67,55.89,262.37,211.29,0.6924,60.01
3597,18,364.59,30.49,404.08,158.32,0.7225,60.01
3597,19,96.27,94.57,195.23,335.78,0.9001,60.01
3597,22,185.24,35.83,231.01,166.17,0.5654,60.01
3598,7,427.63,54.98,488.18,240.39,0.8554,60.027
3598,14,207.63,56.15,262.35,211.45,0.6979,60.027
3598,18,364.65,30.46,404.1,158.33,0.7226,60.027
3598,19,96.34,94.38,195.18,335.76,0.9013,60.027
3598,22,185.24,35.84,230.95,165.98,0.5731,60.027
3599,7,427.56,55.0,487.81,240.37,0.8568,60.043
3599,14,207.62,56.53,262.34,211.64,0.6885,60.043
3599,18,364.69,30.42,404.09,158.32,0.7246,60.043
3599,19,96.57,94.21,195.22,335.73,0.9032,60.043
3599,22,185.21,35.84,230.88,165.82,0.5787,60.043
3600,7,427.24,54.96,487.43,241.44,0.8629,60.06
3600,14,207.79,57.41,262.22,211.54,0.5937,60.06
3600,18,364.24,30.27,403.76,158.31,0.7458,60.06
3600,19,96.86,94.35,195.72,337.06,0.9041,60.06
3600,22,184.78,35.59,231.08,167.53,0.5396,60.06
3601,7,426.77,54.61,486.81,241.7,0.8672,60.077
3601,14,207.43,56.31,262.62,212.35,0.6247,60.077
3601,18,364.16,30.03,403.79,158.29,0.7484,60.077
3601,19,97.41,94.45,195.79,336.85,0.9061,60.077
3601,22,184.6,35.54,231.0,167.75,0.5283,60.077
3602,7,426.9,54.44,486.65,241.72,0.8658,60.093
3602,14,207.32,56.11,262.85,212.88,0.6349,60.093
3602,18,364.14,29.95,403.81,158.27,0.7482,60.093
3602,19,97.76,94.36,195.76,336.77,0.9054,60.093
3602,22,184.54,35.64,230.81,167.12,0.528,60.093
3603,7,426.76,54.24,486.24,241.77,0.8691,60.11
3603,14,207.5,56.39,263.06,212.94,0.6475,60.11
3603,18,364.1,29.88,403.84,158.26,0.7474,60.11
3603,19,98.13,94.29,195.76,336.71,0.9083,60.11
3603,22,184.28,35.68,230.58,166.82,0.5328,60.11
3604,7,426.58,54.11,485.81,241.77,0.8706,60.127
3604,14,207.37,56.55,263.07,213.25,0.6483,60.127
3604,18,364.14,29.8,403.9,158.24,0.7505,60.127
3604,19,98.48,94.13,195.79,336.75,0.9099,60.127
3604,22,184.11,35.59,230.59,166.97,0.5193,60.127
3605,7,426.03,53.61,485.16,241.53,0.8696,60.143
3605,14,207.39,57.2,263.1,213.66,0.6818,60.143
3605,18,364.04,29.79,403.85,158.23,0.7512,60.143
3605,19,98.44,93.89,195.85,337.51,0.9083,60.143
3605,22,183.99,35.67,230.18,165.77,0.5271,60.143
3606,7,425.97,53.32,484.94,241.39,0.8659,60.16
3606,14,207.48,57.92,263.22,214.26,0.6972,60.16
3606,18,364.01,29.78,403.86,158.24,0.7509,60.16
3606,19,98.94,93.81,195.81,337.05,0.9093,60.16
3606,22,183.62,35.73,229.94,165.61,0.5366,60.16
3607,7,425.98,53.23,484.77,241.41,0.8658,60.177
3607,14,207.68,58.99,263.27,214.71,0.7367,60.177
3607,18,363.98,29.78,403.87,158.23,0.751,60.177
3607,19,99.08,93.71,195.89,337.72,0.9085,60.177
3607,22,183.19,35.77,229.77,165.85,0.5454,60.177
3608,7,425.81,53.05,484.38,241.0,0.8663,60.193
3608,14,207.54,59.33,263.27,215.25,0.7335,60.193
3608,18,363.88,29.82,403.82,158.24,0.753,60.193
3608,19,99.24,93.45,195.85,337.88,0.9076,60.193
3608,22,183.06,35.81,229.55,165.01,0.5167,60.193
3609,7,425.29,52.69,483.84,240.76,0.8685,60.21
3609,14,207.51,59.7,263.32,215.67,0.7439,60.21
3609,18,363.78,29.88,403.78,158.26,0.7551,60.21
3609,19,99.48,93.42,195.81,337.93,0.9067,60.21
3609,22,183.51,35.98,228.54,159.2,0.4635,60.21
3610,7,425.24,52.55,483.67,240.57,0.869,60.227
3610,14,207.35,59.93,263.31,216.14,0.7354,60.227
3610,18,363.72,29.91,403.79,158.27,0.7548,60.227
3610,19,99.67,93.52,195.71,338.03,0.9059,60.227
3610,22,183.96,36.05,228.28,155.59,0.4717,60.227
3611,7,424.82,52.09,483.45,241.19,0.8651,60.244
3611,14,207.43,59.96,263.56,216.69,0.7808,60.244
3611,18,363.67,29.91,403.8,158.27,0.7535,60.244
3611,19,99.83,93.6,195.53,338.12,0.9064,60.244
3611,22,184.18,36.08,227.93,151.98,0.5117,60.244
3612,7,424.9,52.17,483.35,241.03,0.8686,60.26
3612,14,207.48,59.65,263.84,217.23,0.7778,60.26
3612,18,363.75,29.79,403.95,158.27,0.7536,60.26
3612,19,100.11,93.78,195.45,338.13,0.9042,60.26
3612,22,184.05,36.21,228.0,150.58,0.5106,60.26
3613,7,424.51,51.99,482.9,240.83,0.8763,60.277
3613,14,207.51,59.26,264.01,217.57,0.7711,60.277
3613,18,363.73,29.71,403.97,158.27,0.7541,60.277
3613,19,100.86,94.15,195.64,338.05,0.9065,60.277
3613,22,183.22,36.12,227.95,150.96,0.5509,60.277
3614,7,424.46,51.98,482.66,240.31,0.8754,60.294
3614,14,207.39,58.86,264.26,218.75,0.7386,60.294
3614,18,363.74,29.69,404.0,158.24,0.7528,60.294
3614,19,101.8,94.55,195.68,337.28,0.9043,60.294
3614,22,182.4,36.0,228.04,151.45,0.5512,60.294
3615,7,424.38,52.0,482.45,240.03,0.8766,60.31
3615,14,206.99,59.48,264.64,222.38,0.7221,60.31
3615,18,363.71,29.68,403.99,158.23,0.7548,60.31
3615,19,102.69,94.82,195.8,336.83,0.9048,60.31
3615,22,180.09,35.8,227.97,155.28,0.5752,60.31
3616,7,424.4,51.95,482.34,239.82,0.8813,60.327
3616,14,206.1,59.14,265.81,229.76,0.7051,60.327
3616,18,363.71,29.62,404.02,158.24,0.7548,60.327
3616,19,103.05,94.81,195.69,336.63,0.9018,60.327
3616,22,177.1,35.62,227.53,159.4,0.5686,60.327
3617,7,423.88,51.93,481.78,239.5,0.8796,60.344
3617,14,205.45,59.5,265.62,232.68,0.7543,60.344
3617,18,363.75,29.66,404.05,158.25,0.7558,60.344
3617,19,103.86,94.77,195.91,336.3,0.9033,60.344
3617,22,176.31,35.65,226.87,158.13,0.599,60.344
3618,7,423.6,51.92,481.55,239.43,0.8825,60.36
3618,14,205.11,59.74,265.52,234.83,0.7768,60.36
3618,18,363.78,29.69,404.07,158.25,0.7546,60.36
3618,19,104.56,94.8,196.05,336.22,0.9032,60.36
3618,22,175.36,35.67,226.72,158.42,0.6217,60.36
3619,7,423.4,51.94,481.4,239.47,0.8741,60.377
3619,14,204.97,59.77,265.31,235.74,0.7731,60.377
3619,18,363.82,29.75,404.07,158.21,0.7556,60.377
3619,19,105.46,94.72,196.33,336.19,0.9044,60.377
3619,22,174.33,35.66,227.17,160.93,0.6161,60.377
3620,7,423.31,51.93,481.3,239.28,0.8727,60.394
3620,14,205.0,59.85,265.11,236.08,0.7941,60.394
3620,18,363.9,29.84,404.11,158.21,0.7541,60.394
3620,19,105.88,94.37,196.3,336.22,0.9031,60.394
3620,22,174.02,35.77,227.67,162.09,0.6355,60.394
3621,7,423.23,52.07,481.15,239.06,0.8713,60.41
3621,14,205.03,59.99,264.83,236.12,0.8046,60.41
3621,18,364.01,29.89,404.17,158.17,0.7507,60.41
3621,19,106.63,94.24,196.47,336.19,0.9007,60.41
3621,22,173.67,35.9,227.94,162.73,0.6515,60.41
3622,7,423.07,52.08,481.1,239.34,0.8626,60.427
3622,14,205.1,60.05,264.65,236.18,0.8177,60.427
3622,18,364.05,29.9,404.18,158.15,0.7494,60.427
3622,19,107.15,94.01,196.45,336.08,0.9014,60.427
3622,22,173.1,35.88,228.11,163.56,0.676,60.427
3623,7,423.05,52.22,480.92,238.93,0.86,60.444
3623,14,204.95,60.19,264.32,236.22,0.824,60.444
3623,18,364.06,29.87,404.17,158.15,0.7489,60.444
3623,19,107.68,93.88,196.46,336.04,0.8999,60.444
3623,22,171.87,35.88,227.63,164.47,0.6937,60.444
3624,7,423.25,52.23,480.7,237.44,0.8567,60.46
3624,14,204.73,60.26,263.96,236.2,0.833,60.46
3624,18,364.1,29.93,404.18,158.13,0.7462,60.46
3624,19,108.07,93.64,196.4,336.04,0.8993,60.46
3624,22,171.38,35.84,227.62,164.85,0.6978,60.46
3625,7,423.06,52.03,480.28,236.24,0.8561,60.477
3625,14,204.48,60.36,263.64,236.25,0.8313,60.477
3625,18,364.1,29.9,404.16,158.1,0.7432,60.477
3625,19,108.86,93.33,196.61,335.81,0.8948,60.477
3625,22,170.88,35.88,227.71,165.66,0.6828,60.477
3626,7,422.95,51.9,479.99,235.4,0.8578,60.494
3626,14,204.1,60.41,263.3,236.38,0.8195,60.494
3626,18,364.11,29.9,404.15,158.08,0.7448,60.494
3626,19,109.54,93.05,196.78,335.84,0.8959,60.494
3626,22,170.72,35.86,227.24,163.89,0.664,60.494
3627,7,422.72,51.89,479.56,234.58,0.8625,60.51
3627,14,203.88,60.25,263.18,236.45,0.8233,60.51
3627,18,364.12,29.9,404.15,158.07,0.7457,60.51
3627,19,110.15,92.95,196.72,335.56,0.8967,60.51
3627,22,169.92,35.93,227.11,164.77,0.6771,60.51
3628,7,422.78,51.86,479.33,233.48,0.8643,60.527
3628,14,203.52,60.18,262.93,236.53,0.8251,60.527
3628,18,364.1,29.82,404.15,158.06,0.7433,60.527
3628,19,110.64,92.85,196.61,335.36,0.8949,60.527
3628,22,169.59,35.95,227.33,165.52,0.6625,60.527
3629,7,422.74,51.74,479.12,232.87,0.8673,60.544
3629,14,203.15,60.01,262.71,236.66,0.8149,60.544
3629,18,364.09,29.71,404.16,158.11,0.7428,60.544
3629,19,111.22,92.66,196.63,335.22,0.8916,60.544
3629,22,169.42,36.03,227.27,165.47,0.6279,60.544
3630,7,422.69,51.68,478.89,232.29,0.8654,60.56
3630,14,203.01,59.98,262.62,236.53,0.8265,60.56
3630,18,364.1,29.68,404.16,158.13,0.7434,60.56
3630,19,111.72,92.56,196.6,335.15,0.8912,60.56
3630,22,169.94,36.1,227.28,164.07,0.6294,60.56
3631,7,422.64,51.5,478.75,231.97,0.8621,60.577
3631,14,202.83,59.85,262.52,236.56,0.8007,60.577
3631,18,364.11,29.68,404.16,158.15,0.7443,60.577
3631,19,112.34,92.33,196.78,335.1,0.8917,60.577
3631,22,169.53,36.16,226.55,163.04,0.592,60.577
3632,7,422.64,51.42,478.64,231.66,0.8616,60.594
3632,14,202.7,59.71,262.45,236.48,0.813,60.594
3632,18,364.17,29.61,404.21,158.14,0.7441,60.594
3632,19,112.86,92.25,196.8,334.92,0.8923,60.594
3632,22,169.38,36.29,226.41,162.95,0.6007,60.594
3633,7,422.55,51.3,478.39,231.15,0.8708,60.611
3633,14,202.4,59.73,262.27,236.45,0.7793,60.611
3633,18,364.2,29.6,404.23,158.16,0.7417,60.611
3633,19,113.3,92.02,196.87,335.0,0.8907,60.611
3633,22,170.53,36.38,227.58,162.53,0.5099,60.611
3634,7,422.6,51.24,478.21,230.49,0.8695,60.627
3634,14,202.35,59.67,262.36,236.53,0.7927,60.627
3634,18,364.21,29.6,404.24,158.17,0.7424,60.627
3634,19,113.66,91.88,196.85,335.06,0.8907,60.627
3634,22,170.75,36.42,227.65,161.95,0.5435,60.627
3635,7,422.69,51.29,478.05,229.73,0.8678,60.644
3635,14,202.17,59.79,262.22,236.72,0.7764,60.644
3635,18,364.2,29.59,404.22,158.17,0.7408,60.644
3635,19,114.19,91.57,197.05,335.22,0.8884,60.644
3635,22,170.86,36.44,227.53,160.85,0.515,60.644
3636,7,422.73,51.34,477.85,229.05,0.868,60.661
3636,14,201.89,59.65,261.95,236.74,0.7658,60.661
3636,18,364.18,29.6,404.2,158.2,0.7383,60.661
3636,19,114.65,91.53,197.17,335.61,0.8886,60.661
3636,22,171.17,36.38,227.95,160.83,0.4991,60.661
3637,7,422.83,51.32,477.79,228.49,0.8662,60.677
3637,14,201.24,59.52,261.31,236.71,0.7466,60.677
3637,18,364.18,29.57,404.2,158.19,0.7393,60.677
3637,19,115.15,91.6,197.23,335.72,0.8872,60.677
3637,22,172.03,36.46,229.2,160.97,0.448,60.677
3638,7,422.86,51.31,477.77,228.3,0.8674,60.694
3638,14,200.73,59.18,260.82,236.8,0.7359,60.694
3638,18,364.18,29.56,404.2,158.2,0.7394,60.694
3638,19,115.67,91.67,197.26,335.6,0.8831,60.694
3638,22,170.18,36.52,228.88,163.94,0.4229,60.694
3639,7,422.86,51.37,477.76,228.35,0.8653,60.711
3639,14,200.47,59.02,260.47,236.94,0.7106,60.711
3639,18,364.19,29.56,404.2,158.21,0.7401,60.711
3639,19,116.18,91.99,197.12,335.11,0.8818,60.711
3639,22,168.73,36.55,227.58,163.9,0.3947,60.711
3640,7,422.84,51.3,477.78,228.39,0.8638,60.727
3640,14,200.34,59.0,260.15,236.96,0.7585,60.727
3640,18,364.17,29.53,404.18,158.19,0.7376,60.727
3640,19,116.87,92.24,197.16,334.49,0.8803,60.727
3640,22,168.04,36.57,226.46,162.73,0.442,60.727
3641,7,422.72,51.2,477.67,228.47,0.863,60.744
3641,14,199.54,58.17,259.47,237.1,0.66,60.744
3641,18,364.15,29.48,404.17,158.15,0.7371,60.744
3641,19,117.41,92.29,197.3,334.45,0.8816,60.744
3642,7,422.74,51.16,477.59,228.23,0.8619,60.761
3642,14,199.1,57.83,258.95,237.16,0.6205,60.761
3642,18,364.16,29.47,404.17,158.14,0.7368,60.761
3642,19,117.97,92.23,197.52,334.47,0.8812,60.761
3643,7,422.82,51.13,477.59,227.99,0.8625,60.777
3643,14,198.92,57.15,258.73,237.23,0.6419,60.777
3643,18,364.15,29.46,404.16,158.13,0.7377,60.777
3643,19,118.31,91.89,197.67,334.56,0.8812,60.777
3644,7,422.83,51.04,477.52,227.68,0.8623,60.794
3644,14,198.7,57.17,258.29,237.33,0.679,60.794
3644,18,364.17,29.42,404.17,158.12,0.7352,60.794
3644,19,118.72,91.83,197.72,334.43,0.8792,60.794
3645,7,422.93,50.9,477.6,227.49,0.8534,60.811
3645,14,184.9,44.19,251.02,238.01,0.7318,60.811
3645,18,364.23,29.44,404.21,158.11,0.7394,60.811
3645,19,119.26,91.75,197.91,334.22,0.8807,60.811
3646,7,422.98,50.82,477.58,227.08,0.8526,60.827
3646,14,178.87,39.44,248.46,238.45,0.7757,60.827
3646,18,364.25,29.45,404.22,158.1,0.7404,60.827
3646,19,119.66,91.62,198.11,334.41,0.8807,60.827
3647,7,423.07,50.75,477.56,226.6,0.8536,60.844
3647,14,176.62,37.46,248.3,238.55,0.8529,60.844
3647,18,364.26,29.44,404.22,158.11,0.7411,60.844
3647,19,120.14,91.33,198.42,334.49,0.8827,60.844
3648,7,423.46,50.73,477.83,226.15,0.8429,60.861
3648,14,175.16,36.89,248.16,238.57,0.8507,60.861
3648,18,364.32,29.49,404.26,158.1,0.7468,60.861
3648,19,120.54,91.13,198.66,334.61,0.8807,60.861
3649,7,424.01,50.55,478.34,226.01,0.8381,60.877
3649,14,174.07,36.77,248.15,238.64,0.859,60.877
3649,18,364.42,29.55,404.34,158.08,0.7469,60.877
3649,19,120.84,90.82,198.94,334.96,0.8829,60.877
3650,7,424.11,50.69,478.42,226.09,0.8377,60.894
3650,14,173.43,36.58,248.42,238.66,0.858,60.894
3650,18,364.44,29.57,404.36,158.08,0.747,60.894
3650,19,121.12,90.8,199.08,335.2,0.8821,60.894
3651,7,424.36,50.74,478.58,225.94,0.8339,60.911
3651,14,172.55,36.49,248.37,238.78,0.8737,60.911
3651,18,364.46,29.58,404.38,158.07,0.7476,60.911
3651,19,121.6,90.78,199.4,335.11,0.8797,60.911
3652,7,424.81,50.75,478.9,225.68,0.8254,60.928
3652,14,172.31,36.73,248.58,238.58,0.8668,60.928
3652,18,364.46,29.58,404.39,158.09,0.746,60.928
3652,19,121.91,90.52,199.65,335.0,0.8772,60.928
3653,7,425.69,50.93,479.59,225.64,0.8181,60.944
3653,14,172.01,36.71,248.78,238.39,0.867,60.944
3653,18,364.48,29.6,404.42,158.1,0.7447,60.944
3653,19,122.18,90.33,199.84,334.73,0.8765,60.944
3654,7,426.1,51.09,479.83,225.51,0.815,60.961
3654,14,172.0,36.4,249.31,238.01,0.8775,60.961
3654,18,364.48,29.6,404.43,158.09,0.7465,60.961
3654,19,122.85,90.22,200.58,334.43,0.8625,60.961
3655,7,426.6,51.26,480.11,225.37,0.8107,60.978
3655,14,171.43,36.26,249.29,237.91,0.8775,60.978
3655,18,364.48,29.62,404.43,158.08,0.7474,60.978
3655,19,123.06,90.04,200.79,333.85,0.8639,60.978
3656,7,426.96,51.3,480.27,225.25,0.8159,60.994
3656,14,170.99,36.35,249.23,237.8,0.8775,60.994
3656,18,364.46,29.6,404.41,158.08,0.7437,60.994
3656,19,123.2,89.93,200.99,333.38,0.8648,60.994
3657,7,427.48,51.35,480.56,225.31,0.8169,61.011
3657,14,170.75,36.45,249.29,237.66,0.8817,61.011
3657,18,364.52,29.6,404.46,158.09,0.7417,61.011
3657,19,123.7,89.87,201.7,333.1,0.8617,61.011
3658,7,428.16,51.53,480.89,225.28,0.8156,61.028
3658,14,170.6,36.45,249.35,237.41,0.8767,61.028
3658,18,364.58,29.58,404.51,158.07,0.7419,61.028
3658,19,124.04,89.78,201.94,331.92,0.8658,61.028
3659,7,429.09,51.27,481.34,225.04,0.8148,61.044
3659,14,170.7,36.51,249.53,237.03,0.8804,61.044
3659,18,365.25,29.39,404.57,156.26,0.7503,61.044
3659,19,124.28,89.18,202.4,330.98,0.8699,61.044
3660,7,429.49,50.56,481.48,225.08,0.8162,61.061
3660,14,170.44,36.67,249.41,236.88,0.8608,61.061
3660,18,365.54,29.31,404.59,155.66,0.7498,61.061
3660,19,124.45,88.78,202.96,330.62,0.8692,61.061
3661,7,429.81,50.96,481.31,225.13,0.8167,61.078
3661,14,170.6,36.75,249.61,236.63,0.8728,61.078
3661,18,365.67,29.29,404.57,155.47,0.7493,61.078
3661,19,124.44,88.7,203.23,330.41,0.8707,61.078
3662,7,430.1,50.33,481.38,225.09,0.818,61.094
3662,14,170.48,36.71,249.63,236.4,0.8835,61.094
3662,18,365.35,29.43,404.63,156.98,0.7504,61.094
3662,19,124.43,88.67,203.25,329.52,0.8697,61.094
3663,7,430.33,50.03,481.41,225.09,0.8197,61.111
3663,14,170.38,36.65,249.59,235.98,0.8841,61.111
3663,18,365.25,29.47,404.62,157.44,0.7503,61.111
3663,19,124.66,88.54,203.45,328.14,0.8674,61.111
3664,7,430.4,49.62,481.41,225.21,0.8265,61.128
3664,14,170.12,36.66,249.45,235.81,0.852,61.128
3664,18,365.24,29.48,404.62,157.64,0.7482,61.128
3664,19,124.59,88.29,203.8,328.42,0.8669,61.128
3665,7,430.48,49.39,481.35,225.22,0.8237,61.144
3665,14,169.94,36.49,249.5,235.6,0.7836,61.144
3665,18,365.25,29.49,404.62,157.69,0.7495,61.144
3665,19,124.57,88.18,203.91,327.94,0.8691,61.144
3666,7,430.82,49.21,481.44,225.1,0.825,61.161
3666,14,170.05,36.32,249.77,235.64,0.8223,61.161
3666,18,365.25,29.48,404.61,157.74,0.7498,61.161
3666,19,124.36,88.2,203.93,328.04,0.8707,61.161
3667,7,431.67,49.14,481.91,224.93,0.8297,61.178
3667,14,173.53,37.66,251.38,234.32,0.6897,61.178
3667,18,365.3,29.47,404.62,157.7,0.7517,61.178
3667,19,124.36,87.92,204.1,327.84,0.8656,61.178
3668,7,432.14,49.13,482.05,224.86,0.8334,61.194
3668,14,171.73,37.3,250.11,235.8,0.7132,61.194
3668,18,365.51,29.37,404.7,157.33,0.752,61.194
3668,19,124.24,87.65,204.19,328.02,0.8654,61.194
3669,7,432.62,49.22,482.26,225.04,0.8356,61.211
3669,14,171.4,36.49,250.13,235.94,0.7413,61.211
3669,18,365.61,29.34,404.71,157.18,0.7509,61.211
3669,19,124.16,87.53,203.96,327.21,0.8672,61.211
3670,7,432.92,49.27,482.26,224.98,0.8319,61.228
3670,14,171.08,36.09,249.98,236.01,0.7524,61.228
3670,18,365.65,29.33,404.71,157.15,0.7513,61.228
3670,19,124.15,87.58,203.72,326.39,0.8661,61.228
3671,7,433.2,49.32,482.33,225.17,0.8281,61.245
3671,14,171.16,35.84,250.05,235.84,0.746,61.245
3671,18,365.72,29.4,404.71,157.14,0.7528,61.245
3671,19,124.15,87.45,203.61,325.79,0.8654,61.245
3672,7,433.18,49.37,482.18,225.39,0.8227,61.261
3672,14,171.6,36.09,250.2,235.75,0.8153,61.261
3672,18,365.76,29.53,404.67,157.15,0.7522,61.261
3672,19,124.22,87.33,203.45,324.83,0.8681,61.261
3673,7,433.36,49.54,482.14,225.48,0.8212,61.278
3673,14,172.27,36.23,250.54,235.56,0.8331,61.278
3673,18,365.97,29.62,404.44,156.07,0.7523,61.278
3673,19,124.44,87.28,203.38,323.57,0.8664,61.278
3674,7,433.7,49.75,482.17,225.22,0.8128,61.295
3674,14,172.6,36.34,250.61,235.59,0.8187,61.295
3674,18,366.09,29.73,404.35,155.69,0.7518,61.295
3674,19,124.47,87.37,203.08,322.35,0.8689,61.295
3675,7,434.08,49.92,482.31,225.26,0.8131,61.311
3675,14,172.34,36.38,250.23,235.51,0.8243,61.311
3675,18,365.92,29.7,404.47,156.65,0.7473,61.311
3675,19,124.43,87.41,202.85,321.57,0.8689,61.311
3676,7,434.73,49.81,482.87,225.55,0.8025,61.328
3676,14,172.43,36.32,250.18,235.56,0.8039,61.328
3676,18,365.91,29.64,404.56,157.03,0.7476,61.328
3676,19,124.4,87.48,202.71,321.07,0.8667,61.328
3677,7,435.16,49.86,483.12,225.58,0.802,61.345
3677,14,172.48,36.27,250.1,235.49,0.794,61.345
3677,18,365.91,29.61,404.58,157.16,0.7474,61.345
3677,19,124.34,87.43,202.58,320.63,0.8684,61.345
3678,7,435.67,49.89,483.5,225.45,0.8059,61.361
3678,14,172.7,36.38,250.08,235.59,0.7472,61.361
3678,18,366.11,29.63,404.4,156.15,0.7473,61.361
3678,19,124.25,87.48,202.52,320.65,0.8677,61.361
3679,7,435.82,49.9,483.67,225.75,0.7983,61.378
3679,14,172.97,36.36,250.12,235.59,0.7819,61.378
3679,18,366.25,29.55,404.36,155.78,0.7491,61.378
3679,19,124.18,87.47,202.48,320.68,0.8664,61.378
3680,7,435.95,49.87,483.8,225.54,0.7939,61.395
3680,14,173.15,36.39,250.11,235.53,0.7883,61.395
3680,18,366.16,29.53,404.5,156.67,0.7447,61.395
3680,19,123.98,87.43,202.32,320.77,0.8729,61.395
3681,7,436.07,49.94,483.91,225.45,0.7904,61.411
3681,14,173.43,36.41,250.24,235.72,0.7663,61.411
3681,18,366.32,29.56,404.36,155.94,0.7444,61.411
3681,19,123.84,87.42,202.18,320.88,0.8733,61.411
3682,7,436.21,49.86,483.97,224.73,0.7832,61.428
3682,14,172.45,36.38,249.41,235.81,0.7192,61.428
3682,18,366.21,29.53,404.46,156.71,0.7422,61.428
3682,19,123.81,87.42,202.12,320.82,0.8733,61.428
3683,7,436.22,49.88,484.03,224.55,0.7838,61.445
3683,14,171.1,38.1,246.85,235.67,0.539,61.445
3683,18,366.23,29.52,404.54,156.99,0.7425,61.445
3683,19,123.72,87.34,202.01,320.79,0.8717,61.445
3684,7,436.59,50.06,484.36,224.19,0.7893,61.461
3684,14,171.69,37.01,248.16,236.37,0.5628,61.461
3684,18,366.27,29.55,404.57,157.11,0.7458,61.461
3684,19,123.56,87.44,201.77,320.77,0.8731,61.461
3685,7,436.78,50.11,484.62,224.1,0.7899,61.478
3685,14,171.67,36.59,248.48,236.67,0.5452,61.478
3685,18,366.28,29.55,404.57,157.16,0.7462,61.478
3685,19,123.45,87.53,201.6,320.84,0.8738,61.478
3686,7,436.78,50.2,484.65,223.81,0.8008,61.495
3686,14,173.39,37.2,249.15,234.41,0.5196,61.495
3686,18,366.29,29.57,404.56,157.19,0.7455,61.495
3686,19,123.33,87.65,201.4,320.95,0.8705,61.495
3687,7,436.95,50.29,484.8,223.46,0.8038,61.511
3687,14,172.2,46.34,243.95,235.7,0.4204,61.511
3687,18,366.32,29.63,404.56,157.22,0.7513,61.511
3687,19,123.25,87.78,201.21,320.96,0.8706,61.511
3688,7,437.11,50.37,484.96,223.1,0.7981,61.528
3688,14,171.35,50.77,240.9,236.15,0.3934,61.528
3688,18,366.3,29.73,404.54,157.38,0.7524,61.528
3688,19,123.14,87.93,201.01,320.97,0.8703,61.528
3688,24,190.92,38.67,250.76,185.61,0.5331,61.528
3689,7,436.97,50.46,484.88,222.85,0.8026,61.545
3689,14,172.15,54.47,239.71,236.34,0.4141,61.545
3689,18,366.3,29.77,404.53,157.42,0.7523,61.545
3689,19,123.09,87.93,200.92,321.01,0.8705,61.545
3689,24,190.75,38.67,250.89,186.39,0.532,61.545
3690,7,437.14,50.38,485.03,222.32,0.7938,61.562
3690,14,171.79,53.73,239.03,236.45,0.3847,61.562
3690,18,366.3,29.78,404.52,157.45,0.753,61.562
3690,19,122.95,87.89,200.8,321.03,0.8688,61.562
3690,24,190.78,38.6,250.85,186.19,0.5305,61.562
3691,7,437.12,50.43,485.04,222.03,0.7951,61.578
3691,14,177.04,43.62,247.44,235.98,0.5303,61.578
3691,18,366.28,29.83,404.51,157.56,0.7544,61.578
3691,19,122.78,87.82,200.67,321.11,0.871,61.578
3692,7,437.11,50.37,485.08,221.52,0.7986,61.595
3692,14,175.37,57.33,240.84,237.07,0.4007,61.595
3692,18,366.32,29.91,404.5,157.56,0.7548,61.595
3692,19,122.59,87.93,200.45,321.13,0.8768,61.595
3692,24,190.96,38.73,250.92,186.1,0.563,61.595
3693,7,436.79,50.38,484.92,221.29,0.8029,61.612
3693,14,170.78,57.22,236.64,237.97,0.4732,61.612
3693,18,366.34,29.94,404.49,157.54,0.7539,61.612
3693,19,122.43,87.96,200.28,321.26,0.8782,61.612
3693,24,190.99,38.72,250.97,186.19,0.5835,61.612
3694,7,436.44,50.45,484.69,220.81,0.8063,61.628
3694,14,168.07,57.27,234.31,238.57,0.4523,61.628
3694,18,366.39,29.99,404.51,157.53,0.7551,61.628
3694,19,122.31,87.96,200.12,321.26,0.8745,61.628
3694,24,191.01,38.63,251.04,186.31,0.6124,61.628
3695,7,436.23,50.42,484.74,220.69,0.8053,61.645
3695,14,168.09,56.86,234.38,238.78,0.4679,61.645
3695,18,366.48,30.08,404.49,157.43,0.7529,61.645
3695,19,122.16,87.75,200.0,321.2,0.8766,61.645
3695,24,191.66,38.74,250.51,183.16,0.6129,61.645
3696,7,435.68,50.48,484.54,220.54,0.8235,61.662
3696,14,167.76,55.45,234.42,238.92,0.4148,61.662
3696,18,366.45,30.07,404.43,157.4,0.7386,61.662
3696,19,122.11,87.6,199.95,321.08,0.8802,61.662
3696,24,191.9,38.76,250.32,181.79,0.6368,61.662
3697,7,435.11,50.5,484.38,220.54,0.8279,61.678
3697,14,167.49,55.07,234.25,238.97,0.4778,61.678
3697,18,366.45,30.06,404.4,157.38,0.7393,61.678
3697,19,122.14,87.52,199.98,321.07,0.8794,61.678
3697,24,191.89,38.76,250.32,181.45,0.6363,61.678
3698,7,434.97,50.41,484.6,220.41,0.8311,61.695
3698,14,167.83,55.17,234.44,239.06,0.5066,61.695
3698,18,366.46,30.06,404.37,157.36,0.7402,61.695
3698,19,122.07,87.32,199.94,321.03,0.878,61.695
3698,24,191.87,38.77,250.37,181.29,0.6484,61.695
3699,7,435.01,50.39,484.94,220.25,0.8302,61.712
3699,14,167.87,54.6,234.52,239.1,0.4995,61.712
3699,18,366.53,30.06,404.4,157.33,0.7351,61.712
3699,19,121.95,87.11,199.81,320.97,0.8807,61.712
3699,24,191.81,38.77,250.48,181.34,0.6668,61.712
3700,7,435.05,50.34,485.24,220.16,0.8296,61.728
3700,14,168.06,54.46,234.52,239.08,0.498,61.728
3700,18,366.19,30.14,404.16,157.58,0.728,61.728
3700,19,121.92,87.07,199.66,320.83,0.8795,61.728
3700,24,191.74,38.78,250.56,181.35,0.6783,61.728
3701,7,434.86,50.31,485.31,220.02,0.8304,61.745
3701,14,168.19,54.24,234.56,239.16,0.513,61.745
3701,18,365.91,30.15,403.99,157.68,0.7266,61.745
3701,19,121.89,86.98,199.54,320.77,0.8782,61.745
3701,24,191.68,38.78,250.63,181.32,0.6725,61.745
3702,7,434.7,50.19,485.44,219.96,0.8284,61.762
3702,14,168.65,55.05,234.52,239.14,0.5406,61.762
3702,18,365.75,30.15,403.93,157.72,0.7258,61.762
3702,19,121.75,86.83,199.35,320.75,0.8745,61.762
3702,24,191.65,38.78,250.76,181.45,0.6914,61.762
3703,7,434.61,50.16,485.61,220.01,0.8286,61.778
3703,14,168.83,55.96,234.26,239.13,0.5498,61.778
3703,18,365.51,30.21,403.8,157.8,0.7283,61.778
3703,19,121.51,86.6,199.02,320.7,0.8773,61.778
3703,24,191.54,38.78,250.73,181.37,0.6877,61.778
3704,7,434.52,50.23,485.71,220.02,0.8293,61.795
3704,14,168.46,55.58,233.99,239.08,0.52,61.795
3704,18,365.65,30.33,403.95,157.77,0.7278,61.795
3704,19,121.29,86.48,198.66,320.69,0.8768,61.795
3704,24,191.55,38.78,250.78,181.21,0.6907,61.795
3705,7,434.43,50.26,485.79,220.02,0.8292,61.812
3705,14,168.06,55.0,233.84,239.13,0.5243,61.812
3705,18,366.06,30.28,404.24,157.48,0.7324,61.812
3705,19,121.12,86.37,198.35,320.64,0.8757,61.812
3705,24,191.55,38.8,250.85,181.17,0.686,61.812
3706,7,434.33,50.29,485.87,220.04,0.8286,61.828
3706,14,167.7,54.7,233.63,239.15,0.5372,61.828
3706,18,366.13,30.24,404.27,157.37,0.726,61.828
3706,19,120.86,86.34,197.96,320.63,0.8766,61.828
3706,24,191.52,38.78,250.89,181.09,0.6956,61.828
3707,7,434.23,50.36,485.89,220.05,0.8282,61.845
3707,14,167.81,55.1,233.57,239.0,0.5776,61.845
3707,18,366.22,30.31,404.29,157.31,0.73,61.845
3707,19,120.61,86.09,197.6,320.47,0.8779,61.845
3707,24,191.55,38.9,250.97,181.15,0.6916,61.845
3708,7,434.14,50.27,485.93,220.07,0.8264,61.862
3708,14,167.76,56.51,233.03,238.9,0.6288,61.862
3708,18,365.9,30.51,404.07,157.57,0.7324,61.862
3708,19,120.34,85.99,197.17,320.24,0.8789,61.862
3708,24,191.6,39.28,251.06,181.48,0.6953,61.862
3709,7,434.08,50.23,485.97,220.09,0.8264,61.878
3709,14,167.71,56.78,232.88,238.85,0.615,61.878
3709,18,365.26,30.53,403.65,157.74,0.7274,61.878
3709,19,120.11,85.91,196.86,320.2,0.8792,61.878
3709,24,191.61,39.4,251.12,181.67,0.696,61.878
3710,7,434.08,50.23,486.03,220.09,0.8274,61.895
3710,14,167.47,58.0,232.53,239.25,0.6431,61.895
3710,18,365.04,30.54,403.59,157.79,0.7274,61.895
3710,19,119.95,85.67,196.6,320.07,0.8807,61.895
3710,24,191.67,39.45,251.18,181.73,0.6941,61.895
3711,7,433.97,50.09,485.99,220.16,0.8238,61.912
3711,14,167.2,58.29,232.46,239.51,0.629,61.912
3711,18,364.38,30.51,403.24,157.9,0.7267,61.912
3711,19,119.77,85.48,196.31,319.93,0.883,61.912
3711,24,191.77,39.76,251.22,181.9,0.6909,61.912
3712,7,434.05,49.97,486.07,220.12,0.8185,61.929
3712,14,167.22,58.84,232.32,239.04,0.6728,61.929
3712,18,363.73,30.53,402.92,157.9,0.726,61.929
3712,19,119.54,85.34,196.04,319.8,0.8819,61.929
3712,24,191.82,40.28,251.0,181.85,0.67,61.929
3713,7,434.07,49.95,486.07,220.11,0.8188,61.945
3713,14,167.0,58.04,232.47,238.77,0.6708,61.945
3713,18,363.35,30.53,402.85,157.9,0.7248,61.945
3713,19,119.25,85.1,195.77,319.71,0.8809,61.945
3713,24,191.86,40.47,250.88,181.73,0.67,61.945
3714,7,434.06,49.91,486.05,220.12,0.8206,61.962
3714,14,167.1,58.15,232.67,238.72,0.69,61.962
3714,18,363.12,30.52,402.91,157.91,0.7245,61.962
3714,19,119.02,84.77,195.61,319.63,0.8856,61.962
3714,24,191.91,40.62,250.82,181.75,0.6571,61.962
3715,7,434.07,49.85,486.05,220.11,0.8148,61.979
3715,14,167.09,58.12,232.87,238.94,0.7071,61.979
3715,18,362.79,30.52,402.87,157.86,0.7221,61.979
3715,19,118.46,83.43,195.51,319.88,0.889,61.979
3715,24,192.04,41.0,250.57,181.44,0.6521,61.979
3716,7,434.12,49.82,486.06,220.12,0.8111,61.995
3716,14,167.04,57.96,233.09,239.21,0.7123,61.995
3716,18,362.65,30.56,402.98,157.84,0.7202,61.995
3716,19,117.96,82.9,195.23,319.98,0.8918,61.995
3716,24,192.15,41.32,250.42,181.3,0.6736,61.995
3717,7,434.1,49.76,486.02,220.13,0.8089,62.012
3717,14,167.02,57.22,233.48,239.47,0.7081,62.012
3717,18,362.65,30.62,403.16,157.82,0.719,62.012
3717,19,117.68,82.58,195.06,319.96,0.8928,62.012
3717,24,192.22,41.59,250.27,181.23,0.6833,62.012
3718,7,434.41,49.73,486.25,219.97,0.8134,62.029
3718,14,167.28,56.53,234.18,240.12,0.7142,62.029
3718,18,362.47,30.34,403.38,158.02,0.7429,62.029
3718,19,117.66,83.12,194.76,319.36,0.8974,62.029
3718,24,192.31,41.85,250.07,180.85,0.6377,62.029
3719,7,434.46,49.75,486.23,219.9,0.8121,62.045
3719,14,167.21,56.04,234.29,240.32,0.7214,62.045
3719,18,362.26,30.33,403.45,158.1,0.7475,62.045
3719,19,117.47,83.02,194.58,318.91,0.897,62.045
3719,24,192.22,41.96,249.91,180.9,0.6472,62.045
3720,7,434.52,49.76,486.24,219.89,0.81,62.062
3720,14,167.59,57.22,234.31,240.61,0.7332,62.062
3720,18,362.12,30.33,403.55,158.12,0.747,62.062
3720,19,117.14,83.12,194.29,318.62,0.8943,62.062
3720,24,192.21,42.06,249.91,181.08,0.635,62.062
3721,7,434.57,49.76,486.25,219.88,0.811,62.079
3721,14,167.86,58.02,234.41,241.03,0.7478,62.079
3721,18,361.95,30.33,403.61,158.12,0.7491,62.079
3721,19,116.89,82.94,194.14,318.23,0.8927,62.079
3721,24,192.22,42.1,249.95,181.23,0.6435,62.079
3722,7,434.51,49.78,486.16,219.92,0.8088,62.095
3722,14,168.24,58.79,234.42,240.97,0.7593,62.095
3722,18,361.71,30.35,403.58,158.1,0.7473,62.095
3722,19,116.56,82.87,194.01,318.15,0.8916,62.095
3722,24,192.15,42.24,249.9,181.47,0.6479,62.095
3723,7,434.49,49.77,486.12,219.94,0.8092,62.112
3723,14,168.27,59.04,234.32,241.05,0.7656,62.112
3723,18,361.63,30.36,403.67,158.1,0.7473,62.112
3723,19,116.19,82.45,193.96,318.04,0.8913,62.112
3723,24,191.96,42.15,249.8,181.62,0.6253,62.112
3724,7,434.51,49.81,486.11,219.95,0.8098,62.129
3724,14,168.32,59.41,234.14,240.84,0.7675,62.129
3724,18,361.55,30.36,403.76,158.1,0.7475,62.129
3724,19,115.64,82.32,193.68,317.94,0.8911,62.129
3724,24,191.89,42.05,249.81,181.74,0.6339,62.129
3725,7,434.52,49.82,486.11,219.95,0.8098,62.145
3725,14,168.31,59.38,234.11,240.74,0.7701,62.145
3725,18,361.48,30.36,403.83,158.09,0.7478,62.145
3725,19,115.15,82.33,193.47,317.9,0.8922,62.145
3725,24,191.91,41.98,249.85,181.79,0.6298,62.145
3726,7,434.54,49.82,486.11,219.97,0.8067,62.162
3726,14,168.32,59.44,234.05,240.54,0.7681,62.162
3726,18,361.43,30.36,403.93,158.09,0.7512,62.162
3726,19,114.81,82.29,193.4,317.74,0.8906,62.162
3726,24,191.92,42.01,249.85,181.84,0.6291,62.162
3727,7,434.58,49.76,486.15,219.97,0.8067,62.179
3727,14,168.2,58.94,234.2,240.85,0.7687,62.179
3727,18,361.42,30.32,404.04,158.09,0.75,62.179
3727,19,114.62,82.32,193.43,317.61,0.8886,62.179
3727,24,192.08,42.51,249.78,181.63,0.5954,62.179
3728,7,434.58,49.74,486.14,219.97,0.8062,62.195
3728,14,168.71,57.73,234.26,238.54,0.7724,62.195
3728,18,361.38,30.31,404.11,158.08,0.7497,62.195
3728,19,114.41,82.38,193.44,317.51,0.8877,62.195
3728,24,192.08,42.33,249.83,181.52,0.6502,62.195
3729,7,434.61,49.73,486.16,219.97,0.8062,62.212
3729,14,168.87,56.38,234.43,237.47,0.7678,62.212
3729,18,361.35,30.3,404.17,158.08,0.75,62.212
3729,19,114.16,82.47,193.39,317.43,0.8881,62.212
3729,24,192.26,42.76,249.89,181.55,0.6246,62.212
3730,7,434.63,49.67,486.16,219.97,0.8035,62.229
3730,14,169.35,57.1,234.49,237.22,0.779,62.229
3730,18,361.32,30.32,404.21,158.08,0.7467,62.229
3730,19,113.93,82.55,193.25,317.03,0.8891,62.229
3730,24,192.43,43.03,249.95,181.43,0.6285,62.229
3731,7,434.62,49.64,486.14,219.98,0.7991,62.246
3731,14,169.53,58.38,234.39,237.72,0.7844,62.246
3731,18,361.28,30.33,404.23,158.05,0.7457,62.246
3731,19,113.77,82.72,193.15,316.51,0.8885,62.246
3731,24,192.74,44.38,249.84,181.32,0.5686,62.246
3732,7,434.62,49.58,486.12,219.99,0.7998,62.262
3732,14,169.58,58.99,234.29,237.94,0.7831,62.262
3732,18,361.24,30.33,404.25,158.04,0.7456,62.262
3732,19,113.54,82.79,193.19,316.6,0.8892,62.262
3732,24,192.84,44.63,249.96,181.35,0.6199,62.262
3733,7,434.65,49.51,486.15,220.0,0.7986,62.279
3733,14,169.81,59.68,234.31,238.12,0.7894,62.279
3733,18,361.21,30.33,404.28,158.05,0.7457,62.279
3733,19,113.32,82.77,193.18,316.42,0.8865,62.279
3733,24,193.04,44.79,250.18,181.31,0.6215,62.279
3734,7,434.61,49.57,486.04,220.03,0.7956,62.296
3734,14,169.85,59.82,234.31,238.16,0.7844,62.296
3734,18,361.19,30.35,404.3,158.04,0.7434,62.296
3734,19,113.22,82.78,193.21,315.98,0.887,62.296
3734,24,193.0,45.23,250.19,181.46,0.5663,62.296
3735,7,434.76,49.59,486.16,220.07,0.7899,62.312
3735,14,170.02,59.81,234.51,238.24,0.7886,62.312
3735,18,361.16,30.37,404.32,158.06,0.7451,62.312
3735,19,113.23,82.91,193.33,315.67,0.8835,62.312
3735,24,192.79,45.37,249.95,180.99,0.4824,62.312
3736,7,434.81,49.68,486.14,220.07,0.7935,62.329
3736,14,170.03,59.61,234.6,238.34,0.7879,62.329
3736,18,361.14,30.38,404.34,158.06,0.7448,62.329
3736,19,113.05,82.91,193.39,315.65,0.8833,62.329
3736,24,192.55,44.98,250.05,180.98,0.5174,62.329
3737,7,434.83,49.65,486.12,220.07,0.7941,62.346
3737,14,170.0,59.55,234.69,238.44,0.7838,62.346
3737,18,361.12,30.39,404.36,158.06,0.7451,62.346
3737,19,112.89,82.89,193.42,315.56,0.8801,62.346
3737,24,192.62,46.37,249.93,181.34,0.3842,62.346
3738,7,434.91,49.81,486.1,220.1,0.7909,62.362
3738,14,170.04,59.4,234.81,238.6,0.7891,62.362
3738,18,361.15,30.4,404.41,158.07,0.7384,62.362
3738,19,112.74,82.78,193.4,315.11,0.884,62.362
3738,24,192.68,46.33,250.27,181.63,0.4651,62.362
3739,7,434.92,49.9,486.04,220.02,0.7936,62.379
3739,14,170.01,60.2,234.58,238.69,0.799,62.379
3739,18,360.82,30.57,404.05,157.99,0.7357,62.379
3739,19,112.45,82.77,193.36,314.96,0.8869,62.379
3739,24,191.9,45.2,249.98,181.18,0.5386,62.379
3740,7,434.96,49.95,486.01,219.99,0.7942,62.396
3740,14,169.91,60.59,234.43,238.72,0.8033,62.396
3740,18,360.67,30.63,403.92,157.95,0.7362,62.396
3740,19,112.38,82.81,193.49,314.85,0.8867,62.396
3740,24,191.3,44.71,249.8,181.14,0.5356,62.396
3741,7,434.94,49.91,485.96,219.97,0.7928,62.412
3741,14,169.67,60.96,234.21,238.69,0.7963,62.412
3741,18,360.6,30.65,403.88,157.95,0.735,62.412
3741,19,112.14,82.68,193.42,314.35,0.8896,62.412
3741,24,191.01,45.05,249.53,180.88,0.5247,62.412
3742,7,434.97,49.95,485.9,219.9,0.794,62.429
3742,14,169.55,61.15,234.2,238.66,0.7989,62.429
3742,18,360.51,30.73,403.82,157.93,0.7318,62.429
3742,19,112.06,82.61,193.44,313.64,0.8922,62.429
3742,24,190.88,45.43,249.45,180.74,0.5066,62.429
3743,7,434.95,49.94,485.83,219.92,0.7937,62.446
3743,14,169.32,61.08,234.17,238.66,0.7985,62.446
3743,18,360.55,30.81,403.88,157.95,0.7303,62.446
3743,19,111.54,82.75,193.11,313.29,0.8919,62.446
3743,24,190.47,46.18,249.12,180.86,0.568,62.446
3744,7,434.96,49.92,485.79,219.93,0.7932,62.462
3744,14,169.27,61.1,234.27,238.69,0.8014,62.462
3744,18,360.56,30.84,403.91,157.95,0.7305,62.462
3744,19,111.28,82.82,192.99,312.72,0.8928,62.462
3744,24,190.29,47.02,248.92,180.79,0.5422,62.462
3745,7,435.0,49.79,485.82,219.94,0.7905,62.479
3745,14,169.28,60.76,234.51,238.58,0.7992,62.479
3745,18,360.55,30.85,403.94,157.94,0.7301,62.479
3745,19,110.97,82.73,192.86,312.14,0.8919,62.479
3745,24,190.52,50.57,248.39,181.13,0.4121,62.479
3746,7,435.0,49.83,485.75,219.96,0.7892,62.496
3746,14,169.23,60.82,234.56,238.6,0.8019,62.496
3746,18,360.59,30.92,403.97,157.91,0.7297,62.496
3746,19,110.82,82.64,193.01,312.01,0.8942,62.496
3746,24,190.28,51.97,247.9,180.62,0.4623,62.496
3747,7,435.03,50.06,485.6,219.92,0.7923,62.512
3747,14,169.2,60.89,234.63,238.61,0.7993,62.512
3747,18,360.47,30.95,403.9,157.89,0.7306,62.512
3747,19,110.63,82.61,192.92,311.27,0.8973,62.512
3747,24,189.99,51.94,248.17,180.83,0.5484,62.512
3748,7,435.05,50.16,485.49,219.91,0.7924,62.529
3748,14,169.21,60.79,234.78,238.62,0.798,62.529
3748,18,360.42,30.97,403.88,157.88,0.7306,62.529
3748,19,110.49,82.67,192.77,310.32,0.895,62.529
3748,24,189.85,52.29,248.31,180.76,0.4972,62.529
3749,7,435.09,50.31,485.38,219.89,0.7933,62.546
3749,14,169.1,60.84,234.75,238.54,0.7943,62.546
3749,18,360.38,30.97,403.9,157.88,0.7296,62.546
3749,19,110.26,82.53,192.57,309.41,0.8953,62.546
3749,24,189.67,52.47,248.52,180.98,0.5535,62.546
3750,7,435.1,50.41,485.26,219.87,0.7959,62.562
3750,14,169.06,60.88,234.8,238.53,0.7971,62.562
3750,18,360.17,30.99,403.79,157.93,0.7302,62.562
3750,19,110.13,82.59,192.41,308.47,0.8965,62.562
3750,24,189.49,52.0,248.89,181.0,0.5399,62.562
3751,7,435.13,50.41,485.17,219.81,0.7946,62.579
3751,14,168.97,60.72,234.88,238.5,0.7979,62.579
3751,18,360.09,30.98,403.78,157.92,0.7315,62.579
3751,19,109.99,82.94,192.2,307.83,0.8964,62.579
3751,24,189.21,51.02,249.3,181.0,0.5187,62.579
3752,7,435.16,50.4,485.1,219.79,0.793,62.596
3752,14,168.85,60.57,234.92,238.44,0.8014,62.596
3752,18,360.04,30.98,403.8,157.92,0.7323,62.596
3752,19,109.86,83.03,192.18,307.49,0.8959,62.596
3752,24,188.96,50.93,249.35,180.93,0.5165,62.596
3753,7,435.15,50.28,485.01,219.78,0.7917,62.613
3753,14,168.72,60.36,234.98,238.39,0.7998,62.613
3753,18,360.0,30.98,403.82,157.93,0.7319,62.613
3753,19,109.72,83.08,191.97,306.82,0.8961,62.613
3753,24,188.88,50.62,249.66,181.06,0.4882,62.613
3754,7,435.04,50.11,484.87,219.84,0.7901,62.629
3754,14,168.57,60.24,234.98,238.34,0.8035,62.629
3754,18,359.96,30.97,403.81,157.89,0.7312,62.629
3754,19,109.52,82.88,191.87,306.49,0.8954,62.629
3754,24,189.07,50.55,250.03,181.07,0.4918,62.629
3755,7,435.11,50.13,484.83,219.83,0.7943,62.646
3755,14,168.43,60.26,234.98,238.38,0.8064,62.646
3755,18,359.89,30.97,403.77,157.85,0.7341,62.646
3755,19,109.38,82.63,191.96,306.44,0.8942,62.646
3755,24,189.42,49.56,250.82,181.14,0.492,62.646
3756,7,435.19,50.11,484.81,219.84,0.7931,62.663
3756,14,168.35,60.26,235.02,238.38,0.8052,62.663
3756,18,359.84,30.97,403.76,157.84,0.7338,62.663
3756,19,109.32,82.65,192.05,306.52,0.8906,62.663
3756,24,189.12,48.68,250.93,181.13,0.4846,62.663
3757,7,435.23,50.15,484.75,219.84,0.7941,62.679
3757,14,168.22,60.14,235.06,238.4,0.8039,62.679
3757,18,359.82,30.97,403.78,157.82,0.7331,62.679
3757,19,109.09,82.42,192.2,307.08,0.8901,62.679
3757,24,189.5,48.69,251.24,181.12,0.4364,62.679
3758,7,435.26,49.98,484.77,219.86,0.7956,62.696
3758,14,168.11,60.2,235.04,238.4,0.8077,62.696
3758,18,359.77,30.99,403.77,157.82,0.7339,62.696
3758,19,108.97,82.22,192.22,307.06,0.8906,62.696
3758,24,189.07,47.68,251.27,181.2,0.4582,62.696
3759,7,435.31,49.83,484.8,219.91,0.7932,62.713
3759,14,168.05,60.2,235.09,238.37,0.8084,62.713
3759,18,359.81,31.07,403.81,157.82,0.7366,62.713
3759,19,108.93,81.98,192.15,306.5,0.8945,62.713
3759,24,188.88,47.45,251.19,181.13,0.4363,62.713
3760,7,435.33,49.76,484.78,219.92,0.793,62.729
3760,14,167.98,60.17,235.14,238.39,0.8098,62.729
3760,18,359.87,31.1,403.88,157.83,0.7357,62.729
3760,19,108.93,81.89,192.05,305.95,0.8917,62.729
3760,24,188.72,47.36,251.11,181.11,0.4348,62.729
3761,7,435.33,49.64,484.74,219.92,0.7935,62.746
3761,14,167.91,60.03,235.23,238.41,0.809,62.746
3761,18,359.88,31.11,403.9,157.83,0.7359,62.746
3761,19,108.83,81.7,191.99,305.77,0.893,62.746
3761,24,188.34,48.23,250.56,181.04,0.41,62.746
3762,7,435.32,49.4,484.73,219.94,0.7914,62.763
3762,14,167.85,59.98,235.24,238.31,0.806,62.763
3762,18,359.92,31.17,403.92,157.82,0.739,62.763
3762,19,108.82,81.67,191.91,305.38,0.8933,62.763
3762,24,188.37,48.34,250.7,181.02,0.4257,62.763
3763,7,435.34,49.37,484.71,220.01,0.7843,62.779
3763,14,167.86,59.92,235.32,238.26,0.8072,62.779
3763,18,359.86,31.14,403.89,157.78,0.7373,62.779
3763,19,108.69,81.49,191.88,305.39,0.8941,62.779
3763,24,187.73,48.99,250.1,180.89,0.397,62.779
3764,7,435.31,49.27,484.64,220.03,0.7875,62.796
3764,14,167.84,59.9,235.38,238.24,0.8072,62.796
3764,18,359.83,31.13,403.88,157.78,0.737,62.796
3764,19,108.62,81.44,191.93,305.56,0.8942,62.796
3764,24,187.45,49.31,250.0,180.82,0.3975,62.796
3765,7,435.24,49.25,484.52,220.01,0.7933,62.813
3765,14,167.81,59.82,235.43,238.23,0.8062,62.813
3765,18,359.83,31.12,403.89,157.77,0.7368,62.813
3765,19,108.5,81.11,191.79,305.19,0.8932,62.813
3765,24,187.14,49.27,250.05,180.86,0.3989,62.813
3766,7,435.2,49.18,484.45,220.06,0.7878,62.829
3766,14,167.79,59.64,235.5,238.18,0.8003,62.829
3766,18,359.79,31.06,403.88,157.73,0.7373,62.829
3766,19,108.36,81.22,191.39,304.82,0.8934,62.829
3766,24,186.19,50.87,248.99,180.72,0.3752,62.829
3767,7,435.1,49.15,484.28,220.13,0.788,62.846
3767,14,167.82,59.62,235.55,238.09,0.7989,62.846
3767,18,359.69,31.08,403.86,157.87,0.7398,62.846
3767,19,108.21,81.16,191.0,304.34,0.8943,62.846
3768,7,435.1,49.11,484.19,220.15,0.7872,62.863
3768,14,167.8,59.61,235.57,238.06,0.8011,62.863
3768,18,359.89,30.96,404.18,158.03,0.7397,62.863
3768,19,108.27,81.14,191.02,304.37,0.8925,62.863
3769,7,435.16,49.14,484.15,220.13,0.7914,62.879
3769,14,167.8,59.58,235.59,237.98,0.7974,62.879
3769,18,359.71,31.04,403.98,157.98,0.7397,62.879
3769,19,108.33,81.15,191.0,304.24,0.8914,62.879
3770,7,435.18,49.08,484.09,220.12,0.7884,62.896
3770,14,167.77,59.53,235.58,237.88,0.7968,62.896
3770,18,359.63,31.16,403.87,157.81,0.7444,62.896
3770,19,108.27,81.14,190.91,304.24,0.8918,62.896
3771,7,435.31,49.0,484.16,220.17,0.7845,62.913
3771,14,167.72,59.71,235.5,237.89,0.7999,62.913
3771,18,359.77,31.05,404.1,157.87,0.7473,62.913
3771,19,108.26,81.12,190.96,304.56,0.8895,62.913
3772,7,435.37,48.89,484.16,220.19,0.7783,62.93
3772,14,167.69,59.81,235.47,237.89,0.8,62.93
3772,18,359.81,31.0,404.2,157.9,0.7484,62.93
3772,19,108.31,81.13,190.99,304.68,0.8894,62.93
3773,7,435.4,48.86,484.1,220.19,0.7783,62.946
3773,14,167.67,59.92,235.42,237.85,0.7987,62.946
3773,18,359.82,30.98,404.24,157.9,0.7483,62.946
3773,19,108.22,81.1,190.76,304.48,0.8913,62.946
3774,7,435.44,48.79,484.08,220.18,0.7704,62.963
3774,14,167.67,60.17,235.36,237.9,0.8038,62.963
3774,18,359.79,30.98,404.26,157.94,0.7473,62.963
3774,19,108.21,81.05,190.71,304.53,0.8901,62.963
3775,7,435.43,48.77,484.0,220.16,0.7726,62.98
3775,14,167.68,60.05,235.45,237.95,0.7993,62.98
3775,18,359.86,30.96,404.37,158.03,0.7472,62.98
3775,19,108.21,81.0,190.61,304.44,0.8905,62.98
3776,7,435.42,48.75,483.96,220.2,0.7698,62.996
3776,14,167.74,59.95,235.54,237.93,0.7947,62.996
3776,18,359.96,30.98,404.47,158.07,0.7486,62.996
3776,19,108.22,81.0,190.47,304.24,0.8912,62.996
3777,7,435.25,48.81,483.66,220.01,0.7957,63.013
3777,14,167.46,59.11,235.58,238.05,0.8058,63.013
3777,18,360.22,30.99,404.79,158.3,0.7387,63.013
3777,19,108.21,80.87,190.7,304.86,0.8905,63.013
3778,7,435.19,48.85,483.57,219.94,0.7917,63.03
3778,14,167.51,58.97,235.65,238.05,0.8121,63.03
3778,18,360.32,31.05,404.9,158.38,0.7405,63.03
3778,19,108.29,80.75,190.82,304.88,0.8901,63.03
3779,7,435.19,48.85,483.56,219.91,0.791,63.046
3779,14,167.54,58.94,235.67,238.04,0.8124,63.046
3779,18,360.35,31.08,404.93,158.41,0.7397,63.046
3779,19,108.34,80.44,191.0,304.73,0.8908,63.046
3780,7,435.19,48.82,483.55,219.91,0.7914,63.063
3780,14,167.57,58.97,235.67,238.07,0.8143,63.063
3780,18,360.36,31.08,404.94,158.42,0.7394,63.063
3780,19,108.44,80.57,190.99,304.5,0.8906,63.063
3781,7,435.15,48.75,483.57,219.93,0.7872,63.08
3781,14,167.62,58.8,235.78,238.08,0.8091,63.08
3781,18,360.29,31.08,404.89,158.4,0.7364,63.08
3781,19,108.52,80.28,191.21,304.25,0.8898,63.08
3782,7,435.13,48.8,483.57,219.95,0.7889,63.096
3782,14,167.66,58.77,235.8,238.02,0.81,63.096
3782,18,360.27,31.07,404.87,158.39,0.7354,63.096
3782,19,108.71,80.19,191.48,304.03,0.8904,63.096
3783,7,435.11,48.82,483.58,219.96,0.7889,63.113
3783,14,167.69,58.79,235.8,238.02,0.8094,63.113
3783,18,360.26,31.07,404.86,158.39,0.7358,63.113
3783,19,108.78,80.17,191.65,303.92,0.8914,63.113
3784,7,435.1,48.83,483.59,219.97,0.7889,63.13
3784,14,167.7,58.82,235.79,238.01,0.8093,63.13
3784,18,360.25,31.07,404.86,158.39,0.7361,63.13
3784,19,108.7,80.16,191.59,303.69,0.8909,63.13
3785,7,435.08,49.0,483.55,219.95,0.7924,63.146
3785,14,167.68,58.8,235.77,238.03,0.81,63.146
3785,18,360.25,31.08,404.87,158.39,0.7348,63.146
3785,19,108.73,80.16,191.59,303.37,0.8896,63.146
3786,7,434.96,49.11,483.45,219.92,0.792,63.163
3786,14,167.97,59.1,235.73,237.63,0.809,63.163
3786,18,360.25,31.09,404.87,158.39,0.7347,63.163
3786,19,108.66,80.02,191.58,303.08,0.8899,63.163
3787,7,434.89,49.16,483.42,219.91,0.7916,63.18
3787,14,167.91,59.07,235.74,237.82,0.8087,63.18
3787,18,360.25,31.09,404.87,158.38,0.735,63.18
3787,19,108.64,79.97,191.58,302.76,0.8886,63.18
3788,7,434.93,49.17,483.53,219.9,0.7903,63.196
3788,14,167.92,59.13,235.73,237.9,0.8086,63.196
3788,18,360.24,31.09,404.87,158.38,0.7346,63.196
3788,19,108.74,79.95,191.74,302.48,0.8886,63.196
3789,7,434.73,49.15,483.41,219.87,0.7928,63.213
3789,14,168.13,59.33,235.69,237.58,0.8025,63.213
3789,18,360.26,31.11,404.88,158.37,0.7351,63.213
3789,19,108.71,79.76,191.83,302.21,0.8854,63.213
3790,7,434.57,49.21,483.39,219.83,0.7946,63.23
3790,14,168.24,58.78,235.94,237.5,0.8033,63.23
3790,18,360.24,31.16,404.84,158.36,0.7367,63.23
3790,19,108.77,79.53,192.09,302.16,0.8834,63.23
3791,7,434.46,49.23,483.41,219.82,0.7947,63.247
3791,14,168.31,58.8,235.97,237.5,0.8027,63.247
3791,18,360.23,31.18,404.83,158.35,0.7371,63.247
3791,19,108.55,79.46,191.83,301.93,0.886,63.247
3792,7,434.22,49.32,483.33,219.82,0.7962,63.263
3792,14,168.34,58.62,236.07,237.56,0.7983,63.263
3792,18,360.22,31.19,404.82,158.34,0.736,63.263
3792,19,108.84,79.4,192.46,302.35,0.8792,63.263
3793,7,434.16,49.29,483.46,219.79,0.795,63.28
3793,14,168.17,57.57,236.23,237.51,0.7931,63.28
3793,18,359.96,31.37,404.47,158.24,0.7358,63.28
3793,19,108.64,79.34,192.19,302.09,0.885,63.28
3794,7,433.95,49.3,483.41,219.75,0.801,63.297
3794,14,168.29,57.76,236.28,237.51,0.8002,63.297
3794,18,359.85,31.44,404.32,158.2,0.7368,63.297
3794,19,108.78,79.22,192.39,302.17,0.8808,63.297
3795,7,433.82,49.3,483.44,219.74,0.8009,63.313
3795,14,168.33,57.89,236.28,237.53,0.8012,63.313
3795,18,359.81,31.46,404.27,158.18,0.7373,63.313
3795,19,108.94,79.29,192.48,302.0,0.884,63.313
3796,7,433.76,49.32,483.52,219.73,0.8021,63.33
3796,14,168.41,58.1,236.26,237.44,0.8011,63.33
3796,18,359.8,31.47,404.26,158.17,0.7373,63.33
3796,19,109.24,79.31,193.01,302.34,0.887,63.33
3797,7,433.5,49.32,483.38,219.74,0.8063,63.347
3797,14,168.44,58.0,236.36,237.44,0.8007,63.347
3797,18,359.79,31.49,404.24,158.15,0.7359,63.347
3797,19,109.65,79.41,193.59,302.67,0.8892,63.347
3798,7,433.36,49.37,483.37,219.74,0.8095,63.363
3798,14,168.52,57.99,236.45,237.39,0.7983,63.363
3798,18,359.77,31.51,404.22,158.13,0.7355,63.363
3798,19,110.11,79.4,194.25,302.88,0.8896,63.363
3799,7,433.27,49.38,483.41,219.74,0.8094,63.38
3799,14,168.57,58.1,236.49,237.42,0.8011,63.38
3799,18,359.77,31.51,404.22,158.12,0.7355,63.38
3799,19,110.46,79.46,194.82,303.08,0.8957,63.38
3799,25,211.66,68.7,252.95,178.8,0.3725,63.38
3800,7,433.38,49.42,483.67,219.74,0.8076,63.397
3800,14,168.58,57.95,236.57,237.49,0.803,63.397
3800,18,359.76,31.51,404.22,158.12,0.7353,63.397
3800,19,110.69,79.37,195.35,303.15,0.8962,63.397
3800,25,211.69,68.76,252.95,178.75,0.3818,63.397
3801,7,433.15,49.42,483.58,219.72,0.8105,63.413
3801,14,168.7,58.43,236.53,237.47,0.7968,63.413
3801,18,359.73,31.52,404.19,158.09,0.735,63.413
3801,19,111.56,79.45,196.5,303.03,0.896,63.413
3801,25,211.32,68.48,252.78,178.94,0.4038,63.413
3802,7,433.23,49.42,483.78,219.73,0.8074,63.43
3802,14,169.06,58.52,236.81,237.57,0.797,63.43
3802,18,359.84,31.44,404.3,158.06,0.7364,63.43
3802,19,112.37,79.68,197.6,302.8,0.8927,63.43
3802,25,209.25,67.25,251.65,179.65,0.4244,63.43
3803,7,433.23,49.41,483.89,219.74,0.8071,63.447
3803,14,169.08,58.39,236.82,237.6,0.8002,63.447
3803,18,359.88,31.41,404.33,158.06,0.7362,63.447
3803,19,112.69,79.62,198.28,302.62,0.8949,63.447
3803,25,208.51,66.8,251.42,179.89,0.4301,63.447
3804,7,433.18,49.37,483.95,219.73,0.8082,63.463
3804,14,169.16,58.69,236.74,237.62,0.7997,63.463
3804,18,359.91,31.4,404.34,158.05,0.7356,63.463
3804,19,113.04,79.66,198.89,302.35,0.896,63.463
3804,25,208.29,66.53,251.6,179.99,0.4315,63.463
3805,7,433.25,49.36,484.1,219.73,0.8042,63.48
3805,14,169.31,58.76,236.74,237.58,0.799,63.48
3805,18,360.05,31.4,404.43,158.02,0.7376,63.48
3805,19,113.3,79.76,199.42,302.17,0.8957,63.48
3805,25,207.95,65.6,251.95,180.17,0.431,63.48
3806,7,433.26,49.38,484.16,219.69,0.804,63.497
3806,14,169.59,59.0,236.77,237.55,0.8054,63.497
3806,18,360.09,31.37,404.45,158.01,0.7372,63.497
3806,19,113.61,79.88,199.99,302.1,0.8959,63.497
3806,25,208.41,65.4,252.75,180.41,0.4161,63.497
3807,7,433.25,49.38,484.2,219.67,0.8043,63.513
3807,14,169.86,59.18,236.84,237.58,0.8104,63.513
3807,18,360.12,31.35,404.44,158.01,0.7373,63.513
3807,19,113.83,79.94,200.47,302.06,0.8974,63.513
3807,25,208.42,65.12,253.1,180.49,0.4185,63.513
3808,7,433.22,49.42,484.22,219.67,0.8039,63.53
3808,14,170.18,59.45,236.89,237.48,0.8125,63.53
3808,18,360.13,31.34,404.43,158.01,0.7365,63.53
3808,19,114.22,80.09,201.08,301.99,0.8937,63.53
3808,25,208.17,64.38,253.3,180.5,0.4295,63.53
3809,7,433.23,49.43,484.25,219.62,0.8034,63.547
3809,14,170.39,59.5,236.9,237.6,0.8132,63.547
3809,18,360.1,31.34,404.39,158.02,0.7359,63.547
3809,19,114.78,79.85,202.0,301.67,0.8945,63.547
3809,25,209.68,64.52,254.42,180.32,0.4392,63.547
3810,7,433.26,49.5,484.33,219.62,0.8033,63.563
3810,14,170.74,59.64,236.96,237.55,0.8134,63.563
3810,18,360.15,31.33,404.4,158.0,0.7365,63.563
3810,19,115.2,79.68,202.75,301.64,0.8932,63.563
3810,25,210.68,64.51,255.04,180.18,0.4285,63.563
3811,7,433.24,49.52,484.38,219.62,0.8032,63.58
3811,14,170.86,59.72,236.86,237.56,0.8157,63.58
3811,18,360.17,31.32,404.4,157.99,0.7365,63.58
3811,19,115.69,79.4,203.6,301.66,0.8944,63.58
3811,25,211.08,64.57,255.08,180.01,0.4362,63.58
3812,7,433.21,49.54,484.4,219.62,0.8035,63.597
3812,14,171.0,59.97,236.67,237.51,0.8243,63.597
3812,18,360.19,31.32,404.39,157.99,0.7366,63.597
3812,19,116.04,79.08,204.29,301.69,0.8955,63.597
3812,25,211.4,65.09,255.08,180.49,0.4084,63.597
3813,7,433.22,49.62,484.53,219.64,0.8024,63.614
3813,14,171.08,59.81,236.57,237.43,0.8238,63.614
3813,18,360.32,31.33,404.47,157.98,0.7355,63.614
3813,19,116.29,78.89,204.83,301.63,0.8954,63.614
3813,25,211.58,64.72,255.16,180.64,0.4115,63.614
3814,7,433.15,49.63,484.57,219.64,0.8035,63.63
3814,14,171.34,60.04,236.54,237.39,0.8208,63.63
3814,18,360.41,31.36,404.51,157.96,0.7351,63.63
3814,19,116.67,78.87,205.39,301.56,0.8921,63.63
3814,25,211.82,63.74,255.51,180.99,0.389,63.63
3815,7,433.09,49.63,484.61,219.64,0.8035,63.647
3815,14,171.61,60.16,236.61,237.44,0.8227,63.647
3815,18,360.46,31.36,404.51,157.96,0.7342,63.647
3815,19,117.0,78.85,205.82,301.56,0.8942,63.647
3815,25,212.12,63.56,255.61,181.09,0.3731,63.647
3816,7,433.03,49.63,484.64,219.64,0.8032,63.664
3816,14,172.21,60.85,236.62,237.12,0.8209,63.664
3816,18,360.5,31.37,404.5,157.94,0.7329,63.664
3816,19,117.4,78.71,206.32,301.58,0.8936,63.664
3817,7,432.9,49.61,484.59,219.63,0.8045,63.68
3817,14,172.63,61.01,236.68,236.9,0.8169,63.68
3817,18,360.51,31.35,404.49,157.93,0.7335,63.68
3817,19,117.69,78.69,206.65,301.58,0.892,63.68
3818,7,432.88,49.59,484.64,219.64,0.8051,63.697
3818,14,172.84,61.22,236.79,237.16,0.8118,63.697
3818,18,360.56,31.35,404.49,157.93,0.7354,63.697
3818,19,117.88,78.72,206.77,301.5,0.8908,63.697
3819,7,432.85,49.6,484.68,219.67,0.8049,63.714
3819,14,172.85,61.15,236.77,237.2,0.8021,63.714
3819,18,360.61,31.39,404.49,157.95,0.736,63.714
3819,19,118.33,78.72,207.14,301.47,0.8906,63.714
3820,7,432.83,49.6,484.71,219.69,0.8048,63.73
3820,14,173.08,61.26,236.88,237.29,0.8005,63.73
3820,18,360.63,31.39,404.48,157.95,0.7351,63.73
3820,19,118.84,78.81,207.51,301.47,0.8899,63.73
3821,7,432.78,49.6,484.68,219.65,0.8056,63.747
3821,14,173.51,61.24,237.22,237.39,0.7972,63.747
3821,18,360.73,31.43,404.53,157.94,0.7353,63.747
3821,19,119.05,78.82,207.53,301.3,0.8918,63.747
3822,7,432.79,49.65,484.7,219.64,0.8054,63.764
3822,14,173.94,61.12,237.54,237.43,0.8039,63.764
3822,18,360.75,31.41,404.55,158.06,0.7377,63.764
3822,19,119.24,78.85,207.54,301.28,0.8888,63.764
3822,25,206.28,58.15,252.72,180.59,0.3763,63.764
3823,7,432.79,49.66,484.71,219.63,0.8056,63.78
3823,14,174.47,61.33,237.83,237.54,0.8109,63.78
3823,18,360.78,31.41,404.55,158.1,0.739,63.78
3823,19,119.55,78.88,207.69,301.34,0.8858,63.78
3823,25,204.91,57.42,252.6,180.15,0.3676,63.78
3824,7,432.8,49.67,484.75,219.67,0.8057,63.797
3824,14,175.17,61.78,238.1,237.67,0.8286,63.797
3824,18,360.83,31.45,404.55,158.12,0.7392,63.797
3824,19,119.89,78.86,207.85,301.26,0.8838,63.797
3824,25,203.28,55.04,253.34,182.01,0.5001,63.797
3825,7,432.86,49.7,484.78,219.63,0.8063,63.814
3825,14,175.85,61.34,238.58,237.6,0.8278,63.814
3825,18,360.84,31.5,404.54,158.17,0.7403,63.814
3825,19,119.98,78.68,207.83,301.19,0.8839,63.814
3825,25,202.65,54.26,253.79,182.29,0.5425,63.814
3826,7,432.9,49.7,484.8,219.59,0.8063,63.83
3826,14,176.17,60.95,238.74,237.77,0.8251,63.83
3826,18,360.86,31.51,404.53,158.2,0.7393,63.83
3826,19,120.42,78.06,208.36,301.05,0.879,63.83
3826,25,201.95,53.26,254.06,182.37,0.559,63.83
3827,7,432.75,49.63,484.63,219.59,0.8103,63.847
3827,14,176.35,60.09,238.78,237.92,0.8121,63.847
3827,18,360.76,31.59,404.4,158.2,0.7393,63.847
3827,19,120.67,77.83,208.59,300.99,0.8818,63.847
3827,25,201.7,52.54,254.52,182.34,0.5863,63.847
3828,7,432.73,49.66,484.57,219.59,0.8103,63.864
3828,14,177.14,58.88,239.3,237.59,0.8,63.864
3828,18,360.74,31.69,404.35,158.2,0.7404,63.864
3828,19,120.99,77.58,208.87,301.01,0.8893,63.864
3828,25,201.63,51.83,254.81,181.53,0.5509,63.864
3829,7,432.65,49.65,484.47,219.6,0.8116,63.88
3829,14,178.12,57.6,240.03,237.31,0.8249,63.88
3829,18,360.62,31.79,404.24,158.21,0.7412,63.88
3829,19,121.16,77.49,208.91,300.7,0.8889,63.88
3829,25,200.83,51.86,254.07,179.81,0.5593,63.88
3830,7,432.6,49.6,484.38,219.56,0.8127,63.897
3830,14,178.87,56.46,240.6,237.24,0.8305,63.897
3830,18,360.52,31.77,404.2,158.23,0.741,63.897
3830,19,121.17,77.53,208.87,300.61,0.8901,63.897
3830,25,200.83,51.75,254.1,178.18,0.5225,63.897
3831,7,432.53,49.45,484.31,219.55,0.8133,63.914
3831,14,180.08,56.51,241.48,237.34,0.8268,63.914
3831,18,360.46,31.66,404.21,158.25,0.7406,63.914
3831,19,121.91,77.8,209.38,300.6,0.8896,63.914
3831,25,200.61,51.23,254.07,176.6,0.536,63.914
3832,7,432.53,49.45,484.31,219.61,0.8128,63.931
3832,14,180.67,57.09,241.71,237.57,0.8166,63.931
3832,18,360.46,31.68,404.23,158.24,0.7403,63.931
3832,19,122.72,77.93,210.08,300.9,0.8853,63.931
3832,25,200.82,50.47,254.55,175.41,0.5426,63.931
3833,7,432.58,49.49,484.34,219.63,0.8122,63.947
3833,14,181.01,56.72,241.94,237.46,0.8073,63.947
3833,18,360.41,31.86,404.17,158.26,0.742,63.947
3833,19,123.52,78.02,210.54,300.67,0.8821,63.947
3833,25,200.44,49.66,254.79,174.9,0.4955,63.947
3834,7,432.7,49.52,484.39,219.6,0.813,63.964
3834,14,181.03,54.87,242.29,237.2,0.799,63.964
3834,18,360.39,31.98,404.17,158.26,0.7406,63.964
3834,19,123.82,78.08,210.56,300.56,0.8797,63.964
3834,25,201.22,48.92,255.18,172.31,0.5227,63.964
3835,7,432.75,49.53,484.39,219.55,0.813,63.981
3835,14,181.2,53.77,242.6,236.87,0.7992,63.981
3835,18,360.31,31.98,404.15,158.23,0.7372,63.981
3835,19,124.16,78.12,210.62,300.38,0.8679,63.981
3835,25,201.7,48.34,255.6,170.82,0.5454,63.981
3836,7,432.29,49.16,484.18,220.0,0.8053,63.997
3836,14,182.05,53.29,243.3,236.18,0.7899,63.997
3836,18,360.23,31.59,404.2,158.21,0.7439,63.997
3836,19,124.91,77.79,211.23,300.43,0.8651,63.997
3836,25,201.55,47.64,256.71,172.68,0.4694,63.997
3837,7,432.17,49.03,484.15,220.21,0.8051,64.014
3837,14,182.43,53.26,243.45,235.89,0.7562,64.014
3837,18,360.32,31.53,404.27,158.15,0.7434,64.014
3837,19,126.01,78.21,211.88,300.61,0.8582,64.014
3837,25,201.45,47.21,257.79,175.02,0.4439,64.014
3838,7,432.09,49.02,484.07,220.21,0.8053,64.031
3838,14,182.68,52.98,243.62,235.53,0.7596,64.031
3838,18,360.29,31.49,404.26,158.16,0.7442,64.031
3838,19,126.82,78.34,212.26,300.69,0.8525,64.031
3838,25,203.29,46.93,258.51,172.39,0.443,64.031
3839,7,432.07,49.01,484.07,220.26,0.8045,64.047
3839,14,183.21,52.81,244.06,235.44,0.7498,64.047
3839,18,360.26,31.61,404.21,158.18,0.7469,64.047
3839,19,127.6,78.12,212.67,300.66,0.8478,64.047
3839,25,204.98,46.43,258.81,168.91,0.4062,64.047
3840,7,432.11,48.98,484.11,220.25,0.8051,64.064
3840,14,182.72,50.21,244.11,234.94,0.7293,64.064
3840,18,360.57,31.43,404.37,157.6,0.7462,64.064
3840,19,128.46,78.22,212.83,300.16,0.8416,64.064
3840,25,206.56,45.52,258.72,164.06,0.4318,64.064
3841,7,432.13,48.96,484.12,220.26,0.8048,64.081
3841,14,183.49,51.59,244.28,235.04,0.7224,64.081
3841,18,360.74,31.42,404.48,157.37,0.7508,64.081
3841,19,129.43,78.11,213.44,300.39,0.8372,64.081
3841,25,206.62,44.5,258.36,161.59,0.4871,64.081
3842,7,432.14,48.96,484.13,220.26,0.8048,64.097
3842,14,183.08,49.54,244.06,233.96,0.7298,64.097
3842,18,360.8,31.42,404.51,157.29,0.7501,64.097
3842,19,130.47,78.4,213.85,300.46,0.8391,64.097
3842,25,206.74,43.34,258.14,159.12,0.4754,64.097
3843,7,432.14,48.96,484.12,220.26,0.805,64.114
3843,14,183.55,48.81,244.76,234.7,0.7123,64.114
3843,18,360.81,31.42,404.52,157.26,0.7498,64.114
3843,19,131.59,78.53,214.21,300.24,0.8483,64.114
3843,25,206.83,42.47,258.51,158.63,0.5553,64.114
3844,7,432.14,48.96,484.12,220.26,0.8052,64.131
3844,14,183.56,46.92,245.44,235.28,0.6939,64.131
3844,18,360.85,31.44,404.57,157.25,0.7517,64.131
3844,19,132.48,78.49,214.43,300.19,0.8526,64.131
3844,25,206.81,42.04,258.69,158.33,0.6136,64.131
3845,7,432.13,49.0,484.12,220.28,0.8049,64.147
3845,14,184.22,49.23,244.85,233.73,0.7028,64.147
3845,18,360.98,31.5,404.67,157.25,0.7546,64.147
3845,19,133.56,78.47,214.75,300.07,0.8606,64.147
3845,25,206.58,41.5,258.84,158.2,0.673,64.147
3846,7,432.12,49.02,484.13,220.28,0.8043,64.164
3846,14,183.77,48.53,244.63,234.05,0.701,64.164
3846,18,361.05,31.61,404.68,157.24,0.7558,64.164
3846,19,134.48,78.45,214.92,300.01,0.8621,64.164
3846,25,206.19,41.02,259.13,159.07,0.6517,64.164
3847,7,432.12,49.03,484.14,220.28,0.8044,64.181
3847,14,183.6,45.19,245.09,232.78,0.6694,64.181
3847,18,361.06,31.56,404.7,157.24,0.7547,64.181
3847,19,135.38,78.5,215.09,300.0,0.8645,64.181
3847,25,206.61,40.55,258.94,156.8,0.6506,64.181
3848,7,432.1,49.08,484.13,220.28,0.8051,64.197
3848,14,184.15,44.58,245.42,231.47,0.6596,64.197
3848,18,361.15,31.64,404.75,157.25,0.7567,64.197
3848,19,136.39,78.53,215.38,299.96,0.8686,64.197
3848,25,206.83,40.2,258.88,155.17,0.648,64.197
3849,7,432.14,49.09,484.2,220.28,0.8047,64.214
3849,14,184.71,42.54,245.99,229.83,0.654,64.214
3849,18,361.13,31.46,404.77,157.27,0.7559,64.214
3849,19,137.3,78.51,215.56,299.93,0.8685,64.214
3849,25,207.68,39.85,258.92,152.36,0.6017,64.214
3850,7,432.14,49.09,484.23,220.28,0.8047,64.231
3850,14,186.18,43.49,246.74,228.77,0.6439,64.231
3850,18,361.15,31.54,404.76,157.26,0.7563,64.231
3850,19,138.16,78.31,215.77,300.02,0.8636,64.231
3850,25,208.56,39.55,258.66,148.65,0.5656,64.231
3851,7,432.14,49.1,484.25,220.28,0.8048,64.248
3851,14,187.93,42.78,247.98,227.75,0.6636,64.248
3851,18,361.17,31.57,404.75,157.26,0.7569,64.248
3851,19,138.98,78.38,215.86,300.02,0.8708,64.248
3851,25,208.87,39.01,258.69,146.67,0.5606,64.248
3852,7,432.17,49.09,484.29,220.28,0.8056,64.264
3852,14,188.71,42.63,248.31,227.63,0.657,64.264
3852,18,361.2,31.52,404.79,157.31,0.7573,64.264
3852,19,139.7,78.26,215.91,300.04,0.874,64.264
3852,25,208.62,38.74,259.15,147.17,0.5958,64.264
3853,7,432.14,49.12,484.28,220.28,0.805,64.281
3853,14,188.94,41.59,248.29,227.34,0.6405,64.281
3853,18,361.23,31.57,404.79,157.3,0.7588,64.281
3853,19,140.36,78.33,215.84,299.49,0.873,64.281
3853,25,208.5,38.42,259.81,148.02,0.6282,64.281
3854,7,432.12,49.12,484.29,220.28,0.8055,64.298
3854,14,188.83,41.56,248.02,228.06,0.634,64.298
3854,18,361.25,31.6,404.79,157.31,0.7609,64.298
3854,19,141.19,78.34,216.08,299.25,0.8701,64.298
3854,25,208.63,38.03,260.47,148.38,0.6438,64.298
3855,7,432.1,49.13,484.29,220.28,0.8051,64.314
3855,14,188.94,40.47,248.23,228.45,0.6302,64.314
3855,18,361.27,31.61,404.78,157.3,0.7612,64.314
3855,19,142.12,77.89,216.7,299.68,0.8649,64.314
3855,25,209.17,37.8,260.82,147.42,0.6311,64.314
3856,7,432.05,49.18,484.26,220.28,0.806,64.331
3856,14,188.74,39.94,247.92,228.41,0.629,64.331
3856,18,361.3,31.67,404.77,157.3,0.7625,64.331
3856,19,142.93,77.52,217.01,299.71,0.8663,64.331
3856,25,209.47,37.66,261.52,147.95,0.6442,64.331
3857,7,432.17,49.2,484.41,220.27,0.804,64.348
3857,14,188.82,42.66,247.22,228.72,0.6267,64.348
3857,18,361.42,31.72,404.86,157.28,0.7673,64.348
3857,19,143.88,76.81,217.54,299.68,0.8648,64.348
3857,25,209.88,37.23,262.12,147.69,0.6562,64.348
3858,7,432.21,49.2,484.49,220.27,0.8044,64.364
3858,14,188.86,42.73,247.32,229.46,0.6177,64.364
3858,18,361.46,31.71,404.9,157.28,0.7682,64.364
3858,19,144.6,76.37,217.68,299.28,0.8551,64.364
3858,25,209.89,36.87,262.76,148.73,0.6568,64.364
3859,7,432.16,49.21,484.48,220.27,0.8044,64.381
3859,14,189.97,43.81,247.72,229.18,0.6035,64.381
3859,18,361.48,31.73,404.9,157.27,0.7669,64.381
3859,19,145.29,76.17,217.82,299.2,0.8574,64.381
3859,25,209.97,36.5,263.33,149.49,0.6571,64.381
3860,7,432.24,49.21,484.59,220.26,0.8052,64.398
3860,14,190.59,44.83,247.91,229.66,0.5904,64.398
3860,18,361.58,31.77,404.99,157.27,0.7708,64.398
3860,19,146.08,75.79,218.1,299.11,0.8551,64.398
3860,25,210.1,36.03,263.89,150.1,0.6492,64.398
3861,7,432.18,49.16,484.61,220.25,0.8047,64.414
3861,14,191.17,44.51,248.12,228.97,0.5548,64.414
3861,18,361.6,31.75,405.0,157.26,0.7687,64.414
3861,19,146.83,75.43,218.37,298.97,0.8616,64.414
3861,25,210.37,35.41,264.18,149.53,0.6553,64.414
3862,7,432.13,49.15,484.6,220.24,0.8046,64.431
3862,14,190.91,45.19,247.63,229.12,0.5451,64.431
3862,18,361.6,31.74,405.0,157.26,0.7677,64.431
3862,19,147.38,75.48,218.47,298.99,0.8593,64.431
3862,25,210.38,34.16,264.56,149.22,0.6514,64.431
3863,7,432.11,49.15,484.63,220.24,0.8045,64.448
3863,14,192.23,41.76,249.41,228.81,0.5559,64.448
3863,18,361.61,31.74,405.01,157.25,0.7688,64.448
3863,19,147.71,74.42,218.68,298.99,0.8648,64.448
3863,25,210.7,33.62,264.66,148.0,0.6254,64.448
3864,7,432.02,49.13,484.59,220.24,0.8057,64.464
3864,14,191.7,37.59,250.61,232.7,0.5718,64.464
3864,18,361.6,31.7,405.0,157.2,0.768,64.464
3864,19,147.99,73.98,218.76,299.14,0.8674,64.464
3864,25,211.1,32.88,265.29,147.85,0.6352,64.464
3865,7,431.99,49.13,484.6,220.25,0.8059,64.481
3865,14,191.98,35.19,250.73,231.86,0.5815,64.481
3865,18,361.62,31.64,405.02,157.17,0.7695,64.481
3865,19,148.68,74.23,218.98,299.01,0.8735,64.481
3865,25,211.33,32.29,265.96,148.41,0.6571,64.481
3866,7,432.0,49.13,484.63,220.25,0.8057,64.498
3866,14,192.35,33.78,250.95,232.17,0.6065,64.498
3866,18,361.64,31.62,405.03,157.16,0.7686,64.498
3866,19,148.99,74.12,219.06,299.12,0.8761,64.498
3866,25,211.46,31.92,266.24,148.52,0.6408,64.498
3867,7,432.0,49.13,484.65,220.25,0.8055,64.514
3867,14,192.67,33.3,250.5,230.85,0.6037,64.514
3867,18,361.65,31.66,405.03,157.17,0.7686,64.514
3867,19,149.85,74.37,219.48,298.87,0.8818,64.514
3867,25,211.69,32.34,266.24,148.38,0.6566,64.514
3868,7,432.04,49.14,484.69,220.23,0.806,64.531
3868,14,193.08,32.84,250.35,230.19,0.6109,64.531
3868,18,361.63,31.62,405.01,157.12,0.7675,64.531
3868,19,149.94,74.6,219.37,298.84,0.8822,64.531
3868,25,211.93,32.53,266.34,148.24,0.643,64.531
3869,7,432.02,49.13,484.65,220.23,0.8065,64.548
3869,14,193.08,31.96,250.1,229.97,0.6191,64.548
3869,18,361.59,31.61,404.97,157.14,0.7652,64.548
3869,19,150.02,74.49,219.42,298.67,0.8763,64.548
3869,25,212.17,32.19,266.36,147.27,0.6402,64.548
3870,7,432.02,49.12,484.64,220.23,0.8063,64.564
3870,14,193.17,32.05,249.67,229.5,0.5993,64.564
3870,18,361.57,31.6,404.95,157.15,0.7651,64.564
3870,19,150.22,74.73,219.49,298.24,0.8732,64.564
3870,25,212.76,32.31,266.63,146.77,0.6486,64.564
3871,7,432.05,49.13,484.64,220.23,0.8069,64.581
3871,14,194.07,34.19,249.11,227.31,0.5932,64.581
3871,18,361.58,31.6,404.94,157.16,0.7658,64.581
3871,19,151.1,74.95,220.0,297.23,0.8771,64.581
3871,25,213.42,32.84,266.92,146.53,0.6405,64.581
3872,7,431.99,49.13,484.56,220.23,0.8066,64.598
3872,14,193.83,32.99,248.86,226.58,0.6095,64.598
3872,18,361.63,31.6,404.97,157.2,0.7662,64.598
3872,19,151.4,75.23,220.03,296.19,0.8796,64.598
3872,25,214.14,33.05,266.73,144.6,0.6256,64.598
3873,7,432.09,49.11,484.6,220.22,0.8071,64.615
3873,14,195.04,34.44,248.52,222.57,0.6172,64.615
3873,18,361.64,31.5,404.99,157.23,0.7656,64.615
3873,19,152.58,75.88,220.76,295.21,0.8745,64.615
3873,25,214.54,32.93,267.03,144.24,0.6226,64.615
3874,7,432.08,49.11,484.56,220.25,0.8069,64.631
3874,14,195.86,34.66,248.85,221.46,0.6461,64.631
3874,18,361.66,31.47,405.0,157.25,0.7662,64.631
3874,19,153.46,75.96,221.38,294.33,0.8778,64.631
3874,25,214.47,32.56,267.5,145.16,0.5844,64.631
3875,7,432.11,49.1,484.55,220.24,0.8071,64.648
3875,14,196.61,34.7,249.28,220.87,0.6235,64.648
3875,18,361.68,31.45,405.0,157.27,0.7667,64.648
3875,19,154.41,75.98,222.06,293.52,0.8796,64.648
3875,25,214.79,32.65,267.85,145.47,0.5398,64.648
3876,7,432.14,49.12,484.52,220.24,0.8083,64.665
3876,14,196.97,34.69,249.45,220.73,0.6352,64.665
3876,18,361.66,31.38,405.01,157.36,0.7673,64.665
3876,19,154.88,76.17,222.34,292.69,0.877,64.665
3876,25,214.87,32.73,268.32,146.74,0.5384,64.665
3877,7,432.25,49.09,484.58,220.27,0.8093,64.681
3877,14,197.24,34.9,249.55,220.81,0.599,64.681
3877,18,361.7,31.35,405.07,157.44,0.7687,64.681
3877,19,155.33,76.4,222.63,292.07,0.875,64.681
3877,25,214.78,32.85,268.63,148.11,0.5513,64.681
3878,7,432.31,49.1,484.59,220.28,0.8092,64.698
3878,14,197.14,35.19,249.27,220.89,0.6103,64.698
3878,18,361.72,31.37,405.08,157.47,0.7701,64.698
3878,19,155.4,76.3,222.9,291.9,0.8708,64.698
3878,25,214.68,32.8,268.93,149.43,0.5771,64.698
3879,7,432.32,49.11,484.56,220.29,0.8104,64.715
3879,14,197.48,35.28,249.37,220.58,0.5618,64.715
3879,18,361.74,31.38,405.07,157.46,0.7693,64.715
3879,19,155.75,76.41,223.31,291.66,0.865,64.715
3879,25,214.8,32.75,268.77,149.17,0.5607,64.715
3880,7,432.43,49.09,484.63,220.32,0.8102,64.731
3880,14,197.68,35.12,249.26,220.15,0.5888,64.731
3880,18,361.87,31.41,405.17,157.49,0.7707,64.731
3880,19,156.19,76.51,223.83,291.92,0.8659,64.731
3880,25,214.78,32.8,269.28,151.0,0.5814,64.731
3881,7,432.43,49.09,484.55,220.28,0.8126,64.748
3881,14,197.68,35.09,248.74,219.25,0.5412,64.748
3881,18,361.98,31.42,405.22,157.51,0.7673,64.748
3881,19,156.85,76.37,224.49,291.75,0.8679,64.748
3881,25,213.93,32.84,270.1,155.88,0.5735,64.748
3882,7,432.52,49.07,484.57,220.27,0.8134,64.765
3882,14,197.83,34.99,248.39,218.43,0.583,64.765
3882,18,362.04,31.44,405.21,157.5,0.765,64.765
3882,19,157.43,76.98,224.71,291.03,0.8641,64.765
3882,25,214.44,33.1,270.61,157.48,0.5971,64.765
3883,7,432.58,49.05,484.57,220.27,0.812,64.781
3883,14,197.89,35.07,248.04,218.03,0.6074,64.781
3883,18,362.07,31.44,405.2,157.51,0.7671,64.781
3883,19,157.99,77.7,225.06,290.82,0.8651,64.781
3883,25,215.02,33.17,270.66,157.59,0.6357,64.781
3884,7,432.5,49.02,484.42,220.2,0.8119,64.798
3884,14,198.15,34.95,248.05,217.93,0.5813,64.798
3884,18,362.14,31.43,405.21,157.51,0.764,64.798
3884,19,158.23,78.49,225.01,290.32,0.8654,64.798
3884,25,215.29,33.18,270.74,158.47,0.6157,64.798
3885,7,432.53,48.95,484.43,220.24,0.8104,64.815
3885,14,198.22,34.77,247.68,217.39,0.5831,64.815
3885,18,362.11,31.45,405.13,157.54,0.7672,64.815
3885,19,158.62,78.79,225.2,289.64,0.866,64.815
3885,25,215.39,33.25,270.97,160.24,0.6371,64.815
3886,7,432.55,48.9,484.41,220.24,0.8097,64.831
3886,14,198.58,34.67,247.5,216.18,0.5291,64.831
3886,18,362.1,31.46,405.09,157.55,0.7695,64.831
3886,19,158.96,79.12,225.38,289.18,0.8665,64.831
3886,25,214.85,32.83,270.6,161.45,0.6216,64.831
3887,7,432.63,48.9,484.43,220.2,0.8106,64.848
3887,14,199.11,34.59,247.18,213.47,0.5145,64.848
3887,18,362.12,31.5,405.06,157.56,0.7671,64.848
3887,19,159.36,79.3,225.8,289.09,0.8654,64.848
3887,25,214.98,32.76,270.26,161.4,0.625,64.848
3888,7,432.69,48.88,484.44,220.24,0.8082,64.865
3888,14,199.29,34.26,247.33,213.69,0.4797,64.865
3888,18,362.03,31.5,404.94,157.51,0.763,64.865
3888,19,159.7,79.3,226.1,288.76,0.8656,64.865
3888,25,215.12,32.86,270.1,161.96,0.5726,64.865
3889,7,432.67,48.9,484.39,220.29,0.8078,64.881
3889,14,199.74,33.82,247.01,210.56,0.3752,64.881
3889,18,362.0,31.45,404.95,157.61,0.7683,64.881
3889,19,160.21,79.43,226.46,288.39,0.8584,64.881
3889,25,215.26,32.68,269.77,161.72,0.5738,64.881
3890,7,432.64,48.87,484.35,220.29,0.8073,64.898
3890,18,362.0,31.43,404.96,157.65,0.7705,64.898
3890,19,159.89,77.16,227.43,290.63,0.8638,64.898
3890,25,215.24,32.69,269.73,162.9,0.5779,64.898
3891,7,432.57,48.8,484.29,220.29,0.8073,64.915
3891,18,362.07,31.42,405.0,157.66,0.7739,64.915
3891,19,159.93,76.33,227.92,291.59,0.8654,64.915
3891,25,215.41,32.76,269.39,162.81,0.6307,64.915
3891,14,199.73,34.01,246.66,210.33,0.3654,64.915
3892,7,432.48,48.9,484.15,220.23,0.8076,64.932
3892,18,362.01,31.41,404.96,157.73,0.7727,64.932
3892,19,160.49,74.89,228.33,290.21,0.8615,64.932
3892,25,215.23,32.7,269.33,164.23,0.6376,64.932
3892,14,199.79,33.84,246.7,211.03,0.3577,64.932
3893,7,432.36,48.92,484.04,220.3,0.8063,64.948
3893,18,361.91,31.43,404.87,157.75,0.7729,64.948
3893,19,160.69,74.08,228.4,289.53,0.8636,64.948
3893,25,215.14,32.64,269.27,165.43,0.5897,64.948
3894,7,432.3,48.91,483.98,220.35,0.8053,64.965
3894,18,361.82,31.43,404.81,157.75,0.7713,64.965
3894,19,160.88,73.55,228.37,288.8,0.8623,64.965
3894,25,214.94,32.51,269.25,167.02,0.5608,64.965
3895,7,432.85,48.72,484.41,220.34,0.8027,64.982
3895,18,362.07,31.49,404.95,157.4,0.778,64.982
3895,19,161.24,73.16,228.45,288.11,0.8561,64.982
3895,25,215.42,32.66,269.52,167.92,0.6379,64.982
3895,14,199.32,33.47,245.66,210.79,0.3952,64.982
3896,7,433.22,48.65,484.63,220.34,0.7992,64.998
3896,18,362.15,31.44,405.02,157.28,0.7768,64.998
3896,19,161.5,72.95,228.49,287.64,0.8491,64.998
3896,25,215.85,32.51,269.8,168.84,0.6743,64.998
3896,14,199.04,33.1,244.98,210.48,0.3774,64.998
3897,7,433.39,48.67,484.67,220.34,0.7991,65.015
3897,18,362.18,31.44,405.05,157.22,0.7769,65.015
3897,19,161.85,72.75,228.82,287.54,0.8482,65.015
3897,25,213.77,32.45,270.81,178.84,0.6139,65.015
3898,7,433.54,48.67,484.67,220.34,0.8006,65.032
3898,18,362.19,31.42,405.07,157.2,0.777,65.032
3898,19,162.33,72.47,229.37,287.34,0.8415,65.032
3898,25,213.11,32.49,270.91,183.0,0.6492,65.032
3899,7,433.67,48.71,484.66,220.34,0.7974,65.048
3899,18,362.21,31.45,405.1,157.18,0.7765,65.048
3899,19,162.65,72.26,229.77,287.04,0.8425,65.048
3899,25,211.76,32.66,271.23,190.04,0.6474,65.048
3900,7,433.76,48.72,484.63,220.32,0.7959,65.065
3900,18,362.18,31.47,405.08,157.18,0.7778,65.065
3900,19,162.76,71.99,229.96,286.89,0.8424,65.065
3900,25,210.79,32.62,271.45,195.82,0.6316,65.065
3901,7,433.79,48.75,484.53,220.31,0.7959,65.082
3901,18,362.16,31.47,405.07,157.18,0.7778,65.082
3901,19,162.95,71.88,230.33,287.02,0.8441,65.082
3901,25,210.14,32.73,271.48,200.37,0.6413,65.082
3902,7,433.88,48.74,484.5,220.31,0.7943,65.098
3902,18,362.15,31.48,405.08,157.18,0.7775,65.098
3902,19,163.22,71.95,230.73,287.15,0.8436,65.098
3902,25,210.53,32.77,271.08,200.6,0.6437,65.098
3903,7,433.9,48.79,484.42,220.33,0.789,65.115
3903,18,362.1,31.45,405.06,157.2,0.7796,65.115
3903,19,163.18,71.89,230.73,287.09,0.8489,65.115
3903,25,208.7,32.68,269.41,201.86,0.6319,65.115
3904,7,434.19,48.81,484.55,220.32,0.7871,65.132
3904,18,362.01,31.44,405.01,157.21,0.7792,65.132
3904,19,163.0,72.62,230.81,288.16,0.8511,65.132
3904,25,205.01,31.99,267.26,205.47,0.6645,65.132
3905,7,434.37,48.81,484.6,220.31,0.7877,65.148
3905,18,361.97,31.43,405.01,157.21,0.7798,65.148
3905,19,163.04,73.1,231.07,288.71,0.8521,65.148
3905,25,205.29,32.1,267.05,204.37,0.6624,65.148
3906,7,434.4,48.82,484.49,220.31,0.7851,65.165
3906,18,361.94,31.43,405.01,157.21,0.7793,65.165
3906,19,163.43,73.13,231.77,288.84,0.8585,65.165
3906,25,205.85,32.17,267.11,203.34,0.6485,65.165
3907,7,434.61,48.79,484.55,220.28,0.7849,65.182
3907,18,361.84,31.4,404.96,157.21,0.7779,65.182
3907,19,163.48,73.28,231.99,288.86,0.8567,65.182
3907,25,204.79,31.8,266.25,202.9,0.6802,65.182
3908,7,434.77,48.77,484.55,220.27,0.7808,65.198
3908,18,361.82,31.33,405.0,157.22,0.777,65.198
3908,19,163.76,73.43,232.41,288.78,0.8535,65.198
3908,25,204.48,31.29,266.24,203.14,0.6724,65.198
3909,7,434.87,48.76,484.52,220.26,0.7809,65.215
3909,18,361.81,31.31,405.03,157.21,0.7767,65.215
3909,19,163.67,73.4,232.46,288.76,0.8562,65.215
3909,25,204.04,31.09,266.05,203.35,0.689,65.215
3910,7,435.0,48.77,484.52,220.27,0.7766,65.232
3910,18,361.79,31.3,405.05,157.22,0.7774,65.232
3910,19,163.87,73.48,232.77,288.66,0.8576,65.232
3910,25,203.89,31.01,265.98,203.23,0.6917,65.232
3911,7,435.03,48.75,484.46,220.29,0.7748,65.249
3911,18,361.71,31.2,405.05,157.22,0.7778,65.249
3911,19,163.94,73.42,232.95,288.58,0.8561,65.249
3911,25,203.42,30.76,265.79,203.35,0.701,65.249
3912,7,435.17,48.77,484.47,220.3,0.7667,65.265
3912,18,361.6,31.22,404.99,157.22,0.784,65.265
3912,19,164.2,73.39,233.17,287.79,0.8567,65.265
3912,25,203.14,30.63,265.79,203.79,0.7084,65.265
3913,7,435.26,48.78,484.44,220.3,0.7666,65.282
3913,18,361.54,31.23,404.99,157.23,0.7841,65.282
3913,19,164.2,73.35,233.24,287.45,0.8506,65.282
3913,25,203.77,30.61,266.33,203.85,0.7108,65.282
3914,7,435.34,48.77,484.44,220.31,0.7638,65.299
3914,18,361.5,31.24,405.01,157.24,0.7841,65.299
3914,19,164.25,73.35,233.3,286.92,0.8524,65.299
3914,25,204.1,30.64,266.54,203.87,0.7177,65.299
3915,7,435.4,48.78,484.38,220.31,0.7617,65.315
3915,18,361.41,31.3,404.97,157.24,0.7887,65.315
3915,19,164.15,73.14,233.3,286.66,0.8522,65.315
3915,25,203.99,30.53,266.33,203.64,0.7343,65.315
3916,7,435.52,48.69,484.41,220.34,0.7561,65.332
3916,18,361.35,31.32,404.99,157.27,0.7901,65.332
3916,19,164.12,73.16,233.12,285.77,0.8573,65.332
3916,25,204.24,30.51,266.69,204.94,0.7425,65.332
3917,7,435.59,48.65,484.39,220.34,0.7559,65.349
3917,18,361.31,31.33,405.02,157.28,0.7897,65.349
3917,19,164.01,73.08,233.09,285.56,0.8565,65.349
3917,25,204.35,30.49,266.67,205.37,0.7436,65.349
3918,7,435.69,48.7,484.39,220.35,0.7549,65.365
3918,18,361.28,31.33,405.05,157.28,0.7891,65.365
3918,19,164.07,73.2,233.05,284.97,0.8583,65.365
3918,25,204.95,30.55,266.85,205.25,0.758,65.365
3919,7,435.76,48.63,484.4,220.4,0.7519,65.382
3919,18,361.27,31.3,405.14,157.32,0.792,65.382
3919,19,163.92,73.29,232.98,284.93,0.8582,65.382
3919,25,204.91,30.58,266.58,205.56,0.7574,65.382
3920,7,435.8,48.58,484.36,220.42,0.7482,65.399
3920,18,361.19,31.28,405.14,157.33,0.793,65.399
3920,19,163.99,73.19,233.0,284.37,0.8601,65.399
3920,25,205.03,30.57,266.38,205.6,0.7733,65.399
3921,7,435.83,48.53,484.31,220.42,0.744,65.415
3921,18,361.14,31.31,405.14,157.31,0.7936,65.415
3921,19,163.96,73.12,232.89,283.77,0.8676,65.415
3921,25,205.33,30.62,266.24,205.38,0.7861,65.415
